dataSource,scientificName,trait,family,year,dayOfYear,latitude,longitude,observedMetadataUrl,occurrenceID,genus,date,recordedBy,coordinateUncertaintyInMeters,modelUri,accuracyExcludingUncertainFamily,ObservedImageUrl,verbatimTrait,annotation_method
iNaturalist,Apocynum cannabinum,green leaves present,Apocynaceae,2007,206,42.5238210665,-72.6270449169,https://www.inaturalist.org/observations/0000c9c4-b571-4117-ad40-dccf24720683,0000c9c4-b571-4117-ad40-dccf24720683,Apocynum,2007-07-25,280446,100,10.57967/hf/5785,0.975609756097561,https://www.inaturalist.org/photos/59313147,green leaves,machine
iNaturalist,Crataegus monogyna,green leaves present,Rosaceae,2008,123,43.38713663,-4.2831820255,https://www.inaturalist.org/observations/0002e8c1-e6d6-498b-91e9-a4919dca8f7b,0002e8c1-e6d6-498b-91e9-a4919dca8f7b,Crataegus,2008-05-02,1978464,NA,10.57967/hf/5785,0.9869934967483742,https://www.inaturalist.org/photos/114329103,green leaves,machine
iNaturalist,Cormus domestica,green leaves present,Rosaceae,2009,1,43.9742577668,7.0236851394,https://www.inaturalist.org/observations/00036170-6797-4a82-b1ec-871329ebb793,00036170-6797-4a82-b1ec-871329ebb793,Cormus,2009-01-01,7062688,61,10.57967/hf/5785,0.9869934967483742,https://www.inaturalist.org/photos/309341074,green leaves,machine
iNaturalist,Populus tremuloides,green leaves present,Salicaceae,1986,177,37.3007753903,-112.9737352278,https://www.inaturalist.org/observations/00045721-d553-4246-b7e2-94dcf884660e,00045721-d553-4246-b7e2-94dcf884660e,Populus,1986-06-26,4191093,3547,10.57967/hf/5785,0.9788867562380038,https://www.inaturalist.org/photos/254508454,green leaves,machine
iNaturalist,Carya cordiformis,breaking buds present,Juglandaceae,2012,116,46.2936868333,-72.5240749472,https://www.inaturalist.org/observations/000672b7-fb5b-494b-a5d1-dd3d59c882a7,000672b7-fb5b-494b-a5d1-dd3d59c882a7,Carya,2012-04-25,4603747,31,10.57967/hf/5785,0.992,https://www.inaturalist.org/photos/173183434,breaking buds,machine
iNaturalist,Syringa vulgaris,green leaves present,Oleaceae,2011,164,45.25805576,-81.66076249,https://www.inaturalist.org/observations/0006fd50-bacf-4ebf-a8d6-7e5b16f0b4a2,0006fd50-bacf-4ebf-a8d6-7e5b16f0b4a2,Syringa,2011-06-13,2041054,NA,10.57967/hf/5785,0.9937888198757764,https://www.inaturalist.org/photos/45976093,green leaves,machine
iNaturalist,Acer macrophyllum,colored leaves present,Sapindaceae,2012,322,38.4044384681,-122.583857994,https://www.inaturalist.org/observations/000a0ace-6030-4dc5-a7c6-294e69d4bbdf,000a0ace-6030-4dc5-a7c6-294e69d4bbdf,Acer,2012-11-17,427781,30,10.57967/hf/5785,0.9909784871616932,https://www.inaturalist.org/photos/112201390,colored leaves,machine
iNaturalist,Morus alba,green leaves present,Moraceae,2009,190,42.787213,-73.797784,https://www.inaturalist.org/observations/000b13d1-a633-479d-80d4-480355732d53,000b13d1-a633-479d-80d4-480355732d53,Morus,2009-07-09,40107,NA,10.57967/hf/5785,1,https://www.inaturalist.org/photos/2180990,green leaves,machine
iNaturalist,Fagus sylvatica,green leaves present,Fagaceae,2008,133,47.4754523874,7.6382413801,https://www.inaturalist.org/observations/000d01cc-2cda-4875-b775-ea2d3f80edfe,000d01cc-2cda-4875-b775-ea2d3f80edfe,Fagus,2008-05-12,5655975,462,10.57967/hf/5785,0.9927089175546832,https://www.inaturalist.org/photos/244051002,green leaves,machine
iNaturalist,Symphoricarpos occidentalis,green leaves present,Caprifoliaceae,2006,178,49.7116827495,-110.7333227785,https://www.inaturalist.org/observations/000e0ccb-bb29-44c8-88fc-b6c08e8c146b,000e0ccb-bb29-44c8-88fc-b6c08e8c146b,Symphoricarpos,2006-06-27,541726,800,10.57967/hf/5785,0.996492985971944,https://www.inaturalist.org/photos/61085478,green leaves,machine
iNaturalist,Rubus hispidus,green leaves present,Rosaceae,2012,180,44.4784798811,-73.1528327863,https://www.inaturalist.org/observations/000f17a9-a143-4a55-8614-5b27a618c39a,000f17a9-a143-4a55-8614-5b27a618c39a,Rubus,2012-06-28,2179,11813,10.57967/hf/5785,0.9869934967483742,https://www.inaturalist.org/photos/141085,green leaves,machine
iNaturalist,Lonicera hispidula,breaking buds present,Caprifoliaceae,2011,28,48.4884769078,-123.3443968521,https://www.inaturalist.org/observations/000ff16b-0fc7-4eb7-ae1f-dacf86b88a51,000ff16b-0fc7-4eb7-ae1f-dacf86b88a51,Lonicera,2011-01-28,408815,488,10.57967/hf/5785,0.999505684626792,https://www.inaturalist.org/photos/57049356,breaking buds,machine
iNaturalist,Lonicera hispidula,green leaves present,Caprifoliaceae,2011,28,48.4884769078,-123.3443968521,https://www.inaturalist.org/observations/000ff16b-0fc7-4eb7-ae1f-dacf86b88a51,000ff16b-0fc7-4eb7-ae1f-dacf86b88a51,Lonicera,2011-01-28,408815,488,10.57967/hf/5785,0.996492985971944,https://www.inaturalist.org/photos/57049346,green leaves,machine
iNaturalist,Fallugia paradoxa,green leaves present,Rosaceae,2008,227,35.728072,-106.714423,https://www.inaturalist.org/observations/00111274-057d-417f-a62d-7bede8127053,00111274-057d-417f-a62d-7bede8127053,Fallugia,2008-08-14,118152,NA,10.57967/hf/5785,0.9869934967483742,https://www.inaturalist.org/photos/2658707,green leaves,machine
iNaturalist,Actaea rubra,green leaves present,Ranunculaceae,1997,211,49.831303,-119.368469,https://www.inaturalist.org/observations/0014c3c3-29c6-4cae-8887-2e33972d5c7b,0014c3c3-29c6-4cae-8887-2e33972d5c7b,Actaea,1997-07-30,717200,2000,10.57967/hf/5785,0.9668508287292816,https://www.inaturalist.org/photos/182808998,green leaves,machine
iNaturalist,Vaccinium fuscatum,green leaves present,Ericaceae,2011,66,30.6191961383,-82.0498780129,https://www.inaturalist.org/observations/0019b8df-3621-4801-9140-93c4257570bc,0019b8df-3621-4801-9140-93c4257570bc,Vaccinium,2011-03-07,4348831,29330,10.57967/hf/5785,0.978125,https://www.inaturalist.org/photos/328387349,green leaves,machine
iNaturalist,Rubus ursinus,green leaves present,Rosaceae,2013,55,37.919694,-122.532912,https://www.inaturalist.org/observations/001b2d92-da68-4801-b953-6e183c69a84e,001b2d92-da68-4801-b953-6e183c69a84e,Rubus,2013-02-24,12616,NA,10.57967/hf/5785,0.9869934967483742,https://www.inaturalist.org/photos/261943,green leaves,machine
iNaturalist,Populus tremuloides,green leaves present,Salicaceae,2011,259,35.8116882498,-105.6600236893,https://www.inaturalist.org/observations/001d5340-2dbe-4195-b832-b1d6043db10a,001d5340-2dbe-4195-b832-b1d6043db10a,Populus,2011-09-16,1153393,603,10.57967/hf/5785,0.9788867562380038,https://www.inaturalist.org/photos/176983152,green leaves,machine
iNaturalist,Viburnum opulus,breaking buds present,Viburnaceae,2007,109,52.3098866667,0.2890216667,https://www.inaturalist.org/observations/001d5392-3dd1-48cb-8772-5440ba5546b3,001d5392-3dd1-48cb-8772-5440ba5546b3,Viburnum,2007-04-19,10564,NA,10.57967/hf/5785,0.996268656716418,https://www.inaturalist.org/photos/58012047,breaking buds,machine
iNaturalist,Tilia cordata,green leaves present,Malvaceae,2010,176,54.848403905,47.3836670003,https://www.inaturalist.org/observations/001ecffd-7f40-409c-96e3-62283dff0fa5,001ecffd-7f40-409c-96e3-62283dff0fa5,Tilia,2010-06-25,1237850,244,10.57967/hf/5785,0.9938271604938272,https://www.inaturalist.org/photos/62159957,green leaves,machine
iNaturalist,Ficus coronata,green leaves present,Moraceae,2012,100,-26.7809818336,152.5670202354,https://www.inaturalist.org/observations/0020aeef-50fd-4568-aef0-f5362d85aa07,0020aeef-50fd-4568-aef0-f5362d85aa07,Ficus,2012-04-09,108966,623,10.57967/hf/5785,1,https://www.inaturalist.org/photos/251242641,green leaves,machine
iNaturalist,Prunus serotina,green leaves present,Rosaceae,2011,87,33.9514758183,-84.5298736732,https://www.inaturalist.org/observations/0020b45e-76e9-4a96-9133-7e62bc266e96,0020b45e-76e9-4a96-9133-7e62bc266e96,Prunus,2011-03-28,4348831,28902,10.57967/hf/5785,0.9869934967483742,https://www.inaturalist.org/photos/328623154,green leaves,machine
iNaturalist,Cotoneaster melanocarpus,green leaves present,Rosaceae,2006,174,47.8451856863,31.1240908276,https://www.inaturalist.org/observations/00216d8e-2151-4d60-88cf-19a2b1259c70,00216d8e-2151-4d60-88cf-19a2b1259c70,Cotoneaster,2006-06-23,2826522,61,10.57967/hf/5785,0.9869934967483742,https://www.inaturalist.org/photos/110690798,green leaves,machine
iNaturalist,Toxicodendron radicans,colored leaves present,Anacardiaceae,2004,293,43.7518569795,-70.0355212047,https://www.inaturalist.org/observations/0021d6fc-09e5-431c-b02d-076859613429,0021d6fc-09e5-431c-b02d-076859613429,Toxicodendron,2004-10-19,1809129,82,10.57967/hf/5785,0.9874651810584958,https://www.inaturalist.org/photos/56609388,colored leaves,machine
iNaturalist,Vaccinium angustifolium,green leaves present,Ericaceae,2003,143,44.5667234117,-77.217117548,https://www.inaturalist.org/observations/00223471-1223-4e44-8b6a-3a5417c475d2,00223471-1223-4e44-8b6a-3a5417c475d2,Vaccinium,2003-05-23,437461,15,10.57967/hf/5785,0.978125,https://www.inaturalist.org/photos/8039289,green leaves,machine
iNaturalist,Daphne gnidium,green leaves present,Thymelaeaceae,2010,287,38.5611678377,14.8599137268,https://www.inaturalist.org/observations/00244e10-b4fa-446b-8627-0dcea592b41b,00244e10-b4fa-446b-8627-0dcea592b41b,Daphne,2010-10-14,7165882,678,10.57967/hf/5785,1,https://www.inaturalist.org/photos/305191562,green leaves,machine
iNaturalist,Prunus spinosa,green leaves present,Rosaceae,2011,156,55.4939204556,46.4341882789,https://www.inaturalist.org/observations/002483f2-129f-4835-9cb4-5b09472955c3,002483f2-129f-4835-9cb4-5b09472955c3,Prunus,2011-06-05,1363782,4,10.57967/hf/5785,0.9869934967483742,https://www.inaturalist.org/photos/32958979,green leaves,machine
iNaturalist,Ficus petiolaris,green leaves present,Moraceae,2011,238,23.4985664425,-109.7944118618,https://www.inaturalist.org/observations/0025299b-1973-4bc7-9499-72da210975c3,0025299b-1973-4bc7-9499-72da210975c3,Ficus,2011-08-26,40170,22,10.57967/hf/5785,1,https://www.inaturalist.org/photos/74159103,green leaves,machine
iNaturalist,Salix myrtillifolia,green leaves present,Salicaceae,2000,240,55.01395,-85.42284,https://www.inaturalist.org/observations/0027599a-94a3-4db9-bab5-4ff7f4cecc28,0027599a-94a3-4db9-bab5-4ff7f4cecc28,Salix,2000-08-27,111485,NA,10.57967/hf/5785,0.9788867562380038,https://www.inaturalist.org/photos/229396640,green leaves,machine
iNaturalist,Betula pendula pendula,green leaves present,Betulaceae,1987,213,37.751005,14.993435,https://www.inaturalist.org/observations/00287272-fe17-40eb-8301-ee525e5073c7,00287272-fe17-40eb-8301-ee525e5073c7,Betula,1987-08-01,29474,NA,10.57967/hf/5785,0.9836956521739132,https://www.inaturalist.org/photos/31277034,green leaves,machine
iNaturalist,Populus nigra,green leaves present,Salicaceae,2004,63,40.4346008703,-2.749414444,https://www.inaturalist.org/observations/0028bd11-3601-4b8e-b9fc-dde8d564a348,0028bd11-3601-4b8e-b9fc-dde8d564a348,Populus,2004-03-03,1978464,NA,10.57967/hf/5785,0.9788867562380038,https://www.inaturalist.org/photos/60784886,green leaves,machine
iNaturalist,Liquidambar styraciflua,colored leaves present,Altingiaceae,2009,332,35.6219577075,-78.9310786411,https://www.inaturalist.org/observations/002a1a70-236b-4d47-9295-0639bd39b30e,002a1a70-236b-4d47-9295-0639bd39b30e,Liquidambar,2009-11-28,2116455,484,10.57967/hf/5785,1,https://www.inaturalist.org/photos/54303097,colored leaves,machine
iNaturalist,Aesculus californica,green leaves present,Sapindaceae,2007,119,37.810492000000004,-122.36645,https://www.inaturalist.org/observations/002df849-9194-4508-ac8c-b9d040aa9ead,002df849-9194-4508-ac8c-b9d040aa9ead,Aesculus,2007-04-29,25635,400,10.57967/hf/5785,0.9802110817941952,https://www.inaturalist.org/photos/59986338,green leaves,machine
iNaturalist,Celtis africana,green leaves present,Cannabaceae,2009,311,-26.8895016162,27.3254948596,https://www.inaturalist.org/observations/002e10f4-a8d2-4b28-9f76-76f5c64e7a12,002e10f4-a8d2-4b28-9f76-76f5c64e7a12,Celtis,2009-11-07,715307,15,10.57967/hf/5785,0.972972972972973,https://www.inaturalist.org/photos/256083437,green leaves,machine
iNaturalist,Ligustrum sinense,green leaves present,Oleaceae,2008,154,35.817422,-81.180358,https://www.inaturalist.org/observations/002fd703-1a10-479f-af5f-6a57749cb757,002fd703-1a10-479f-af5f-6a57749cb757,Ligustrum,2008-06-02,263819,NA,10.57967/hf/5785,0.9937888198757764,https://www.inaturalist.org/photos/5884981,green leaves,machine
iNaturalist,Lonicera dioica,green leaves present,Caprifoliaceae,2012,197,44.7704798567,-78.2024752585,https://www.inaturalist.org/observations/003053b9-c15b-4acb-9320-5d251b36b0eb,003053b9-c15b-4acb-9320-5d251b36b0eb,Lonicera,2012-07-15,1106722,8,10.57967/hf/5785,0.996492985971944,https://www.inaturalist.org/photos/170151395,green leaves,machine
iNaturalist,Liriodendron tulipifera,green leaves present,Magnoliaceae,2012,135,39.2969723066,-75.0089992616,https://www.inaturalist.org/observations/003078ed-f7d7-461c-b341-d5b814a04aff,003078ed-f7d7-461c-b341-d5b814a04aff,Liriodendron,2012-05-14,2526168,122,10.57967/hf/5785,0.9872611464968152,https://www.inaturalist.org/photos/253079435,green leaves,machine
iNaturalist,Diervilla lonicera,green leaves present,Caprifoliaceae,2010,174,39.6306372,-79.129823,https://www.inaturalist.org/observations/003192f8-0bb1-4a63-826c-f301f36c35e0,003192f8-0bb1-4a63-826c-f301f36c35e0,Diervilla,2010-06-23,1588724,181,10.57967/hf/5785,0.996492985971944,https://www.inaturalist.org/photos/51471410,green leaves,machine
iNaturalist,Betula nana exilis,breaking buds present,Betulaceae,2012,148,55.851111909,158.6253575273,https://www.inaturalist.org/observations/0031d04d-4c6c-4b15-8440-7ae0af12a5bf,0031d04d-4c6c-4b15-8440-7ae0af12a5bf,Betula,2012-05-27,726771,122,10.57967/hf/5785,0.9921671018276762,https://www.inaturalist.org/photos/40047501,breaking buds,machine
iNaturalist,Rhus typhina,green leaves present,Anacardiaceae,2012,141,44.0313147085,-73.192639285,https://www.inaturalist.org/observations/003416c7-0d18-48eb-8165-89ecdf92ea6e,003416c7-0d18-48eb-8165-89ecdf92ea6e,Rhus,2012-05-20,2179,5,10.57967/hf/5785,0.980719794344473,https://www.inaturalist.org/photos/119060,green leaves,machine
iNaturalist,Clematis alpina sibirica,green leaves present,Ranunculaceae,2007,181,49.9904496168,86.5542060689,https://www.inaturalist.org/observations/0034932c-979e-41a1-b8ee-e39a134ae257,0034932c-979e-41a1-b8ee-e39a134ae257,Clematis,2007-06-30,2511740,300,10.57967/hf/5785,0.9668508287292816,https://www.inaturalist.org/photos/286266249,green leaves,machine
iNaturalist,Quercus robur,green leaves present,Fagaceae,2002,152,55.9110152762,39.0637161733,https://www.inaturalist.org/observations/003511a6-fc6c-4386-b8ad-2e0dc1b8dd98,003511a6-fc6c-4386-b8ad-2e0dc1b8dd98,Quercus,2002-06-01,2567727,8,10.57967/hf/5785,0.9927089175546832,https://www.inaturalist.org/photos/101033661,green leaves,machine
iNaturalist,Quercus ellipsoidalis,green leaves present,Fagaceae,1990,195,48.8489763897,-94.6712225631,https://www.inaturalist.org/observations/00353727-59ff-448e-b5d4-57b9bd923508,00353727-59ff-448e-b5d4-57b9bd923508,Quercus,1990-07-14,264097,2167,10.57967/hf/5785,0.9927089175546832,https://www.inaturalist.org/photos/59170546,green leaves,machine
iNaturalist,Morus alba,colored leaves present,Moraceae,2006,306,42.3417911038,-71.10968003,https://www.inaturalist.org/observations/0037b407-cf8e-42ae-8eee-b9800f4b5b67,0037b407-cf8e-42ae-8eee-b9800f4b5b67,Morus,2006-11-02,208120,61,10.57967/hf/5785,0.9826589595375722,https://www.inaturalist.org/photos/75090594,colored leaves,machine
iNaturalist,Ilex paraguariensis,green leaves present,Aquifoliaceae,2011,66,-27.398541724,-52.045542935,https://www.inaturalist.org/observations/003979ff-5dee-4204-a046-797bdadf1614,003979ff-5dee-4204-a046-797bdadf1614,Ilex,2011-03-07,3093661,29751,10.57967/hf/5785,1,https://www.inaturalist.org/photos/85994909,green leaves,machine
iNaturalist,Aruncus dioicus,green leaves present,Rosaceae,2008,191,58.8683804944,151.5435089372,https://www.inaturalist.org/observations/0039ab13-5ce9-4905-8659-d6daab2b8a7e,0039ab13-5ce9-4905-8659-d6daab2b8a7e,Aruncus,2008-07-09,2393346,125,10.57967/hf/5785,0.9869934967483742,https://www.inaturalist.org/photos/115012333,green leaves,machine
iNaturalist,Caragana arborescens,green leaves present,Fabaceae,2010,175,51.1820744143,37.656426663,https://www.inaturalist.org/observations/003af708-9ea0-4ca2-a9bc-e02aa3647a49,003af708-9ea0-4ca2-a9bc-e02aa3647a49,Caragana,2010-06-24,1917127,93,10.57967/hf/5785,0.9814814814814816,https://www.inaturalist.org/photos/71978791,green leaves,machine
iNaturalist,Rubus curtipes,green leaves present,Rosaceae,1992,209,42.26297,-83.05262,https://www.inaturalist.org/observations/003bbcaf-45de-48c2-adfa-f3834269308c,003bbcaf-45de-48c2-adfa-f3834269308c,Rubus,1992-07-27,111485,NA,10.57967/hf/5785,0.9869934967483742,https://www.inaturalist.org/photos/248105004,green leaves,machine
iNaturalist,Aralia leschenaultii,green leaves present,Araliaceae,2004,139,28.1152911619,85.3101574653,https://www.inaturalist.org/observations/003dccfd-e75f-4176-9510-6591db3570a6,003dccfd-e75f-4176-9510-6591db3570a6,Aralia,2004-05-18,46945,15,10.57967/hf/5785,0.9876543209876544,https://www.inaturalist.org/photos/111917752,green leaves,machine
iNaturalist,Cephalanthus occidentalis,green leaves present,Rubiaceae,2007,166,32.1527792692,-81.1076888483,https://www.inaturalist.org/observations/003ed40a-9af0-408c-93ff-cdecf1d8d612,003ed40a-9af0-408c-93ff-cdecf1d8d612,Cephalanthus,2007-06-15,3504195,1667,10.57967/hf/5785,0.9846938775510204,https://www.inaturalist.org/photos/111480734,green leaves,machine
iNaturalist,Ficus aurea,green leaves present,Moraceae,2012,87,26.376398,-81.608779,https://www.inaturalist.org/observations/0040078b-a617-4e11-a66f-6f1f1f0953fa,0040078b-a617-4e11-a66f-6f1f1f0953fa,Ficus,2012-03-27,480373,5,10.57967/hf/5785,1,https://www.inaturalist.org/photos/8198622,green leaves,machine
iNaturalist,Actaea rubra,green leaves present,Ranunculaceae,2010,138,45.9776989781,-64.3865776062,https://www.inaturalist.org/observations/00418135-92ef-469b-a866-d9fa29ca3314,00418135-92ef-469b-a866-d9fa29ca3314,Actaea,2010-05-18,191483,380,10.57967/hf/5785,0.9668508287292816,https://www.inaturalist.org/photos/5791498,green leaves,machine
iNaturalist,Aralia nudicaulis,green leaves present,Araliaceae,2003,163,45.548298752,-78.6393386333,https://www.inaturalist.org/observations/0041f7c8-ffaf-438f-849c-063a2e1cc419,0041f7c8-ffaf-438f-849c-063a2e1cc419,Aralia,2003-06-12,574531,201,10.57967/hf/5785,0.9876543209876544,https://www.inaturalist.org/photos/176724849,green leaves,machine
iNaturalist,Viburnum opulus,green leaves present,Viburnaceae,2009,213,42.012005,-88.073479,https://www.inaturalist.org/observations/00420240-27aa-4d95-adb8-15f7709cfbd3,00420240-27aa-4d95-adb8-15f7709cfbd3,Viburnum,2009-08-01,5279153,208,10.57967/hf/5785,0.980806142034549,https://www.inaturalist.org/photos/185612102,green leaves,machine
iNaturalist,Lonicera xylosteum,green leaves present,Caprifoliaceae,2008,241,46.4785806728,11.7454303259,https://www.inaturalist.org/observations/0042f1a1-559b-43f2-a1a8-a4ccb97fc331,0042f1a1-559b-43f2-a1a8-a4ccb97fc331,Lonicera,2008-08-28,6689531,2170,10.57967/hf/5785,0.996492985971944,https://www.inaturalist.org/photos/268128432,green leaves,machine
iNaturalist,Hibiscus waimeae,green leaves present,Malvaceae,2011,175,22.1647861662,-159.5008559985,https://www.inaturalist.org/observations/004366e1-03d5-4b7e-be95-8962aa6d3b5d,004366e1-03d5-4b7e-be95-8962aa6d3b5d,Hibiscus,2011-06-24,19563,30318,10.57967/hf/5785,0.9938271604938272,https://www.inaturalist.org/photos/97254230,green leaves,machine
iNaturalist,Betula populifolia,green leaves present,Betulaceae,2009,130,41.0986325757,-81.4485572192,https://www.inaturalist.org/observations/0043d60c-dcd9-4adb-b11f-5179042acbf8,0043d60c-dcd9-4adb-b11f-5179042acbf8,Betula,2009-05-10,8669,27847,10.57967/hf/5785,0.9836956521739132,https://www.inaturalist.org/photos/31349251,green leaves,machine
iNaturalist,Betula occidentalis,green leaves present,Betulaceae,2009,257,49.66419,-99.28237,https://www.inaturalist.org/observations/0043fd9f-c267-4ff0-ba28-e8af39e1348d,0043fd9f-c267-4ff0-ba28-e8af39e1348d,Betula,2009-09-14,111485,NA,10.57967/hf/5785,0.9836956521739132,https://www.inaturalist.org/photos/329474932,green leaves,machine
iNaturalist,Juglans regia,green leaves present,Juglandaceae,2003,159,42.240575,-83.044528,https://www.inaturalist.org/observations/0044fb94-51af-4f98-89c3-65ec6f88cf17,0044fb94-51af-4f98-89c3-65ec6f88cf17,Juglans,2003-06-08,117089,NA,10.57967/hf/5785,0.9891304347826086,https://www.inaturalist.org/photos/3057321,green leaves,machine
iNaturalist,Hibiscus trionum,green leaves present,Malvaceae,2008,238,43.114025139,-89.6470041068,https://www.inaturalist.org/observations/00459d72-0628-4e0a-8fac-824e05e1fa58,00459d72-0628-4e0a-8fac-824e05e1fa58,Hibiscus,2008-08-25,31449,977,10.57967/hf/5785,0.9938271604938272,https://www.inaturalist.org/photos/187547940,green leaves,machine
iNaturalist,Salix cordata,green leaves present,Salicaceae,2008,218,44.110907,-76.443178,https://www.inaturalist.org/observations/00466c6d-c0dc-41e2-a889-c719877b1c2e,00466c6d-c0dc-41e2-a889-c719877b1c2e,Salix,2008-08-05,450545,10,10.57967/hf/5785,0.9788867562380038,https://www.inaturalist.org/photos/11244119,green leaves,machine
iNaturalist,Aralia nudicaulis,green leaves present,Araliaceae,1985,254,41.3197337304,-81.4227860166,https://www.inaturalist.org/observations/0047b3a1-9515-4cc3-9c98-b6727b1ba8cf,0047b3a1-9515-4cc3-9c98-b6727b1ba8cf,Aralia,1985-09-11,182332,27816,10.57967/hf/5785,0.9876543209876544,https://www.inaturalist.org/photos/210675284,green leaves,machine
iNaturalist,Rhododendron lapponicum,green leaves present,Ericaceae,2007,186,66.377632,-65.476952,https://www.inaturalist.org/observations/0047c47d-3a3a-412f-8b57-d4c6aa5ecf0b,0047c47d-3a3a-412f-8b57-d4c6aa5ecf0b,Rhododendron,2007-07-05,2564864,10,10.57967/hf/5785,0.978125,https://www.inaturalist.org/photos/64721217,green leaves,machine
iNaturalist,Corylus colurna,green leaves present,Betulaceae,2007,161,42.0681530474,46.1436318548,https://www.inaturalist.org/observations/0048bb39-6ba1-4460-8d1c-1bcff9fbbe2e,0048bb39-6ba1-4460-8d1c-1bcff9fbbe2e,Corylus,2007-06-10,1461469,977,10.57967/hf/5785,0.9836956521739132,https://www.inaturalist.org/photos/31454922,green leaves,machine
iNaturalist,Clematis virginiana,green leaves present,Ranunculaceae,2012,205,41.0564850065,-80.7869451587,https://www.inaturalist.org/observations/004ac558-7604-47a0-a371-844775cc4aa3,004ac558-7604-47a0-a371-844775cc4aa3,Clematis,2012-07-23,743533,249,10.57967/hf/5785,0.9668508287292816,https://www.inaturalist.org/photos/58927556,green leaves,machine
iNaturalist,Rubus spectabilis,green leaves present,Rosaceae,2011,100,47.913311,-122.423105,https://www.inaturalist.org/observations/004bb830-fdf9-463e-ad16-382e5e38f8ed,004bb830-fdf9-463e-ad16-382e5e38f8ed,Rubus,2011-04-10,343,NA,10.57967/hf/5785,0.9869934967483742,https://www.inaturalist.org/photos/28367,green leaves,machine
iNaturalist,Rubus phoenicolasius,green leaves present,Rosaceae,2012,175,39.024655,-77.9520183333,https://www.inaturalist.org/observations/004e7d80-a1b6-4017-bada-668139fa4962,004e7d80-a1b6-4017-bada-668139fa4962,Rubus,2012-06-23,13284,NA,10.57967/hf/5785,0.9869934967483742,https://www.inaturalist.org/photos/111613373,green leaves,machine
iNaturalist,Pyrus communis pyraster,green leaves present,Rosaceae,2011,249,42.7983407186,11.4907172289,https://www.inaturalist.org/observations/004ea124-2607-4732-a54e-1ea6c96033a6,004ea124-2607-4732-a54e-1ea6c96033a6,Pyrus,2011-09-06,1718237,4,10.57967/hf/5785,0.9869934967483742,https://www.inaturalist.org/photos/68209646,green leaves,machine
iNaturalist,Cephalanthus occidentalis,green leaves present,Rubiaceae,2006,196,40.4666441526,-74.4255918686,https://www.inaturalist.org/observations/004fb794-ac11-49a7-a2d6-f6e258feda05,004fb794-ac11-49a7-a2d6-f6e258feda05,Cephalanthus,2006-07-15,835060,267,10.57967/hf/5785,0.9846938775510204,https://www.inaturalist.org/photos/60155510,green leaves,machine
iNaturalist,Morus indica,green leaves present,Moraceae,2007,322,22.370033514,120.8476822036,https://www.inaturalist.org/observations/00503e5b-abcc-441c-981a-f0ea61e2108c,00503e5b-abcc-441c-981a-f0ea61e2108c,Morus,2007-11-18,1968150,31,10.57967/hf/5785,1,https://www.inaturalist.org/photos/253366485,green leaves,machine
iNaturalist,Dasiphora fruticosa,green leaves present,Rosaceae,2004,161,45.1917897221,-109.2555110517,https://www.inaturalist.org/observations/0050d700-2d0c-41dd-858a-67399132f8cb,0050d700-2d0c-41dd-858a-67399132f8cb,Dasiphora,2004-06-09,994527,3906,10.57967/hf/5785,0.9869934967483742,https://www.inaturalist.org/photos/231968857,green leaves,machine
iNaturalist,Hippophae rhamnoides turkestanica,green leaves present,Elaeagnaceae,2012,256,42.59411,78.87217,https://www.inaturalist.org/observations/0051a0b1-fc15-40e5-a6a8-e1ca8fa9775b,0051a0b1-fc15-40e5-a6a8-e1ca8fa9775b,Hippophae,2012-09-12,7890232,50,10.57967/hf/5785,1,https://www.inaturalist.org/photos/359454582,green leaves,machine
iNaturalist,Populus suaveolens,green leaves present,Salicaceae,2010,170,53.9821096704,157.9620109026,https://www.inaturalist.org/observations/0052a7de-359a-4035-b35f-9023008afd0f,0052a7de-359a-4035-b35f-9023008afd0f,Populus,2010-06-19,1755659,16,10.57967/hf/5785,0.9788867562380038,https://www.inaturalist.org/photos/54856512,green leaves,machine
iNaturalist,Cornus florida,green leaves present,Cornaceae,2004,94,33.4091176,-86.7597701,https://www.inaturalist.org/observations/0052ee7d-ac29-4460-81bd-fb91d15954ee,0052ee7d-ac29-4460-81bd-fb91d15954ee,Cornus,2004-04-03,484237,195,10.57967/hf/5785,0.97435897435897445,https://www.inaturalist.org/photos/108236428,green leaves,machine
iNaturalist,Prunus virginiana,green leaves present,Rosaceae,2008,174,51.4976691487,-87.9758259405,https://www.inaturalist.org/observations/0053deae-ed26-45b1-850e-2be5df616680,0053deae-ed26-45b1-850e-2be5df616680,Prunus,2008-06-22,1253275,122,10.57967/hf/5785,0.9869934967483742,https://www.inaturalist.org/photos/26791690,green leaves,machine
iNaturalist,Fraxinus ornus,green leaves present,Oleaceae,2012,138,45.452588159,13.519912273,https://www.inaturalist.org/observations/00575292-4f21-48ce-b2f5-93740dc985b5,00575292-4f21-48ce-b2f5-93740dc985b5,Fraxinus,2012-05-17,2715138,4173,10.57967/hf/5785,0.9937888198757764,https://www.inaturalist.org/photos/220134816,green leaves,machine
iNaturalist,Liriodendron tulipifera,green leaves present,Magnoliaceae,2011,254,35.73937169,-83.1127738999,https://www.inaturalist.org/observations/0057ef99-27b3-4dfe-8d88-997850348cde,0057ef99-27b3-4dfe-8d88-997850348cde,Liriodendron,2011-09-11,1108972,NA,10.57967/hf/5785,0.9872611464968152,https://www.inaturalist.org/photos/22915364,green leaves,machine
iNaturalist,Rosa multiflora,green leaves present,Rosaceae,2007,191,45.36351,-63.2719,https://www.inaturalist.org/observations/00583b3d-c995-48ee-89b1-42bbcfee7da4,00583b3d-c995-48ee-89b1-42bbcfee7da4,Rosa,2007-07-10,191483,10,10.57967/hf/5785,0.9869934967483742,https://www.inaturalist.org/photos/14322041,green leaves,machine
iNaturalist,Actaea erythrocarpa,green leaves present,Ranunculaceae,2007,227,58.0673901745,102.7117728372,https://www.inaturalist.org/observations/005931ef-817f-400f-b6fd-f74725c0913c,005931ef-817f-400f-b6fd-f74725c0913c,Actaea,2007-08-15,1448083,31,10.57967/hf/5785,0.9668508287292816,https://www.inaturalist.org/photos/179973050,green leaves,machine
iNaturalist,Berberis aquifolium,colored leaves present,Berberidaceae,2008,173,45.6254615733,-122.0377897405,https://www.inaturalist.org/observations/0059bd8a-e907-446c-853e-9a397f25bd5e,0059bd8a-e907-446c-853e-9a397f25bd5e,Berberis,2008-06-21,1701513,3906,10.57967/hf/5785,0.989547038327526,https://www.inaturalist.org/photos/264585428,colored leaves,machine
iNaturalist,Betula pendula,green leaves present,Betulaceae,2006,169,53.7413568124,87.9037285913,https://www.inaturalist.org/observations/005abf37-3fb3-4015-8424-33b318c1d5ff,005abf37-3fb3-4015-8424-33b318c1d5ff,Betula,2006-06-18,4317444,3751,10.57967/hf/5785,0.9836956521739132,https://www.inaturalist.org/photos/131921124,green leaves,machine
iNaturalist,Amelanchier alnifolia,green leaves present,Rosaceae,2005,121,49.3818713707,-123.234452327,https://www.inaturalist.org/observations/005b771e-9012-4d9e-bd12-dcd1ca3d7c28,005b771e-9012-4d9e-bd12-dcd1ca3d7c28,Amelanchier,2005-05-01,3396573,25,10.57967/hf/5785,0.9869934967483742,https://www.inaturalist.org/photos/184004838,green leaves,machine
iNaturalist,Vaccinium ovatum,green leaves present,Ericaceae,2013,68,37.9479027778,-122.5732277778,https://www.inaturalist.org/observations/005c668a-e0f7-4921-a913-0a132e142ffc,005c668a-e0f7-4921-a913-0a132e142ffc,Vaccinium,2013-03-09,13934,NA,10.57967/hf/5785,0.978125,https://www.inaturalist.org/photos/277430,green leaves,machine
iNaturalist,Aralia cordata,green leaves present,Araliaceae,2012,182,43.9901079319,145.7246555115,https://www.inaturalist.org/observations/005c8727-e09c-4e73-9c85-adc57586e8d0,005c8727-e09c-4e73-9c85-adc57586e8d0,Aralia,2012-06-30,1237850,244,10.57967/hf/5785,0.9876543209876544,https://www.inaturalist.org/photos/112702868,green leaves,machine
iNaturalist,Populus deltoides,green leaves present,Salicaceae,2010,254,39.4360369901,-105.0711764554,https://www.inaturalist.org/observations/00615652-2bfd-4985-b80c-deceadd37854,00615652-2bfd-4985-b80c-deceadd37854,Populus,2010-09-11,855038,2535,10.57967/hf/5785,0.9788867562380038,https://www.inaturalist.org/photos/24725969,green leaves,machine
iNaturalist,Quercus rubra,green leaves present,Fagaceae,2011,164,43.6432055556,-72.4108305556,https://www.inaturalist.org/observations/0065756f-f5b9-4d93-a308-00bff35de823,0065756f-f5b9-4d93-a308-00bff35de823,Quercus,2011-06-13,2179,NA,10.57967/hf/5785,0.9927089175546832,https://www.inaturalist.org/photos/2886902,green leaves,machine
iNaturalist,Rubus caesius,green leaves present,Rosaceae,2003,226,56.1303892409,47.5644114879,https://www.inaturalist.org/observations/00665874-1acf-4b8c-afa0-187bac0cdc90,00665874-1acf-4b8c-afa0-187bac0cdc90,Rubus,2003-08-14,1237850,250,10.57967/hf/5785,0.9869934967483742,https://www.inaturalist.org/photos/31186928,green leaves,machine
iNaturalist,Robinia neomexicana,green leaves present,Fabaceae,2011,178,36.2180361111,-111.9524083333,https://www.inaturalist.org/observations/00665e7c-8475-42d0-85a1-d7b77176d986,00665e7c-8475-42d0-85a1-d7b77176d986,Robinia,2011-06-27,1371996,NA,10.57967/hf/5785,0.9814814814814816,https://www.inaturalist.org/photos/135935522,green leaves,machine
iNaturalist,Vaccinium myrtillus,colored leaves present,Ericaceae,2003,12,45.9596940056,6.8859488028,https://www.inaturalist.org/observations/00675009-f43d-4fc4-ad60-5dd4d9849bc6,00675009-f43d-4fc4-ad60-5dd4d9849bc6,Vaccinium,2003-01-12,1144632,NA,10.57967/hf/5785,0.990228013029316,https://www.inaturalist.org/photos/227838006,colored leaves,machine
iNaturalist,Vaccinium myrtillus,green leaves present,Ericaceae,2003,12,45.9596940056,6.8859488028,https://www.inaturalist.org/observations/00675009-f43d-4fc4-ad60-5dd4d9849bc6,00675009-f43d-4fc4-ad60-5dd4d9849bc6,Vaccinium,2003-01-12,1144632,NA,10.57967/hf/5785,0.978125,https://www.inaturalist.org/photos/227838006,green leaves,machine
iNaturalist,Rubus triangularis,green leaves present,Rosaceae,2005,204,52.2911056109,-2.4363068968,https://www.inaturalist.org/observations/0067d05a-9bbd-4a1d-bf05-71cd810f36e1,0067d05a-9bbd-4a1d-bf05-71cd810f36e1,Rubus,2005-07-23,1430839,45,10.57967/hf/5785,0.9869934967483742,https://www.inaturalist.org/photos/61425697,green leaves,machine
iNaturalist,Smilax ecirrhata,green leaves present,Smilacaceae,1989,127,41.4226548721,-81.9929400682,https://www.inaturalist.org/observations/0068f9ae-88a9-4818-bb76-0aa537d737bc,0068f9ae-88a9-4818-bb76-0aa537d737bc,Smilax,1989-05-07,182332,27785,10.57967/hf/5785,0.9558823529411764,https://www.inaturalist.org/photos/137412782,green leaves,machine
iNaturalist,Quercus alba,green leaves present,Fagaceae,2010,241,42.0925381736,-74.0185081959,https://www.inaturalist.org/observations/006c14e8-e4d4-4d2e-8460-9fd212a182ef,006c14e8-e4d4-4d2e-8460-9fd212a182ef,Quercus,2010-08-29,4747384,15,10.57967/hf/5785,0.9927089175546832,https://www.inaturalist.org/photos/175619201,green leaves,machine
iNaturalist,Populus tremuloides,green leaves present,Salicaceae,2011,166,38.9340041692,-120.0549443748,https://www.inaturalist.org/observations/006c5721-3de1-43e3-b956-dd817711dd86,006c5721-3de1-43e3-b956-dd817711dd86,Populus,2011-06-15,4176670,22,10.57967/hf/5785,0.9788867562380038,https://www.inaturalist.org/photos/253098650,green leaves,machine
iNaturalist,Toxicodendron rydbergii,green leaves present,Anacardiaceae,2008,184,44.626307228,-78.8654553295,https://www.inaturalist.org/observations/006cbd66-7aa3-404e-83b5-7656b51ce026,006cbd66-7aa3-404e-83b5-7656b51ce026,Toxicodendron,2008-07-02,1300723,798,10.57967/hf/5785,0.980719794344473,https://www.inaturalist.org/photos/57357478,green leaves,machine
iNaturalist,Asimina angustifolia,green leaves present,Annonaceae,2010,140,30.1747942341,-84.3249283593,https://www.inaturalist.org/observations/006e6cd2-e38a-4fcf-9fac-8186170afb0c,006e6cd2-e38a-4fcf-9fac-8186170afb0c,Asimina,2010-05-20,4348831,29407,10.57967/hf/5785,0.9867549668874172,https://www.inaturalist.org/photos/326735635,green leaves,machine
iNaturalist,Daphne gnidium,green leaves present,Thymelaeaceae,2008,138,39.8442436,-8.6013821,https://www.inaturalist.org/observations/006ebfa7-d9b3-4e92-9f42-ee1c92eb2bbc,006ebfa7-d9b3-4e92-9f42-ee1c92eb2bbc,Daphne,2008-05-17,4738061,2500,10.57967/hf/5785,1,https://www.inaturalist.org/photos/153487718,green leaves,machine
iNaturalist,Rosa majalis,green leaves present,Rosaceae,2008,179,56.4387354824,39.9548631936,https://www.inaturalist.org/observations/0073d7dc-67e0-47e5-81ef-b523bbcf70bc,0073d7dc-67e0-47e5-81ef-b523bbcf70bc,Rosa,2008-06-27,725071,500,10.57967/hf/5785,0.9869934967483742,https://www.inaturalist.org/photos/30617227,green leaves,machine
iNaturalist,Rubus odoratus,green leaves present,Rosaceae,2011,242,46.847701209,-71.2895535322,https://www.inaturalist.org/observations/00746049-647c-4a4a-b73d-2f675cd2819b,00746049-647c-4a4a-b73d-2f675cd2819b,Rubus,2011-08-30,1442912,122,10.57967/hf/5785,0.9869934967483742,https://www.inaturalist.org/photos/56966264,green leaves,machine
iNaturalist,Rubus phoenicolasius,green leaves present,Rosaceae,2012,175,39.0261116667,-77.9444383333,https://www.inaturalist.org/observations/00760313-5a88-4ded-bf16-d194df586b8a,00760313-5a88-4ded-bf16-d194df586b8a,Rubus,2012-06-23,13284,NA,10.57967/hf/5785,0.9869934967483742,https://www.inaturalist.org/photos/111613304,green leaves,machine
iNaturalist,Lonicera dioica,green leaves present,Caprifoliaceae,1986,212,41.354216417400004,-81.4456377824,https://www.inaturalist.org/observations/00768181-e6b6-41f8-88c6-133ceed5e5cd,00768181-e6b6-41f8-88c6-133ceed5e5cd,Lonicera,1986-07-31,182332,27816,10.57967/hf/5785,0.996492985971944,https://www.inaturalist.org/photos/294902557,green leaves,machine
iNaturalist,Liriodendron tulipifera,colored leaves present,Magnoliaceae,2012,119,37.2295733,-80.4139393,https://www.inaturalist.org/observations/00768df0-4539-4b04-8430-85f0e55e474d,00768df0-4539-4b04-8430-85f0e55e474d,Liriodendron,2012-04-28,2547084,6127,10.57967/hf/5785,0.9929577464788732,https://www.inaturalist.org/photos/60921933,colored leaves,machine
iNaturalist,Berberis trifoliolata,green leaves present,Berberidaceae,2007,64,28.4851027778,-98.3486111111,https://www.inaturalist.org/observations/0076906d-0bd1-4c30-ae67-14f63cd34a42,0076906d-0bd1-4c30-ae67-14f63cd34a42,Berberis,2007-03-05,1447753,NA,10.57967/hf/5785,0.9791044776119404,https://www.inaturalist.org/photos/168168441,green leaves,machine
iNaturalist,Senegalia pentagona,green leaves present,Fabaceae,2007,65,-18.464763,34.051456,https://www.inaturalist.org/observations/0076bbfd-ceab-4386-8c80-e926d434ccb9,0076bbfd-ceab-4386-8c80-e926d434ccb9,Senegalia,2007-03-06,19767,50,10.57967/hf/5785,0.9814814814814816,https://www.inaturalist.org/photos/236300026,green leaves,machine
iNaturalist,Celtis australis,green leaves present,Cannabaceae,2008,160,41.59067,2.1744993,https://www.inaturalist.org/observations/0076d11d-7d21-4058-a89e-500edcbb637a,0076d11d-7d21-4058-a89e-500edcbb637a,Celtis,2008-06-08,1512239,2920,10.57967/hf/5785,0.972972972972973,https://www.inaturalist.org/photos/62791447,green leaves,machine
iNaturalist,Sorbus aucuparia,green leaves present,Rosaceae,2004,217,42.705053,-7.100612,https://www.inaturalist.org/observations/007b7d2a-0684-4600-a3b2-7b205396eee7,007b7d2a-0684-4600-a3b2-7b205396eee7,Sorbus,2004-08-04,1978464,241,10.57967/hf/5785,0.9869934967483742,https://www.inaturalist.org/photos/60805944,green leaves,machine
iNaturalist,Rubus chamaemorus,green leaves present,Rosaceae,2010,193,57.2811419747,-93.7049489318,https://www.inaturalist.org/observations/007b8a5c-8f72-4fa3-91a7-ce16cd9c1b8e,007b8a5c-8f72-4fa3-91a7-ce16cd9c1b8e,Rubus,2010-07-12,170974,122,10.57967/hf/5785,0.9869934967483742,https://www.inaturalist.org/photos/53236898,green leaves,machine
iNaturalist,Betula lanata,green leaves present,Betulaceae,2011,172,44.6903580621,135.6688789331,https://www.inaturalist.org/observations/007d448e-92ad-4c98-8ea7-e57c2ee23fa0,007d448e-92ad-4c98-8ea7-e57c2ee23fa0,Betula,2011-06-21,1516937,61,10.57967/hf/5785,0.9836956521739132,https://www.inaturalist.org/photos/33794555,green leaves,machine
iNaturalist,Quercus lobata,green leaves present,Fagaceae,2013,83,37.917366,-121.94517,https://www.inaturalist.org/observations/007d8340-8668-4f82-809b-ef3c22a902ab,007d8340-8668-4f82-809b-ef3c22a902ab,Quercus,2013-03-24,1,47,10.57967/hf/5785,0.9927089175546832,https://www.inaturalist.org/photos/280077,green leaves,machine
iNaturalist,Ficus benghalensis,green leaves present,Moraceae,2007,7,19.221303,72.979034,https://www.inaturalist.org/observations/007f0c3d-0185-4c02-be84-5ca65588ad37,007f0c3d-0185-4c02-be84-5ca65588ad37,Ficus,2007-01-07,24158,NA,10.57967/hf/5785,1,https://www.inaturalist.org/photos/257133838,green leaves,machine
iNaturalist,Hamamelis virginiana,colored leaves present,Hamamelidaceae,2012,287,42.9669974215,-76.346720817,https://www.inaturalist.org/observations/007f3425-87e8-452b-a040-97c4a02b4f3d,007f3425-87e8-452b-a040-97c4a02b4f3d,Hamamelis,2012-10-13,224113,8,10.57967/hf/5785,1,https://www.inaturalist.org/photos/29376779,colored leaves,machine
iNaturalist,Ceanothus herbaceus,green leaves present,Rhamnaceae,2005,193,39.074638,-96.572878,https://www.inaturalist.org/observations/00807537-6138-4b9a-ad3b-764b1b562669,00807537-6138-4b9a-ad3b-764b1b562669,Ceanothus,2005-07-12,25564,1427,10.57967/hf/5785,0.9925742574257426,https://www.inaturalist.org/photos/578788,green leaves,machine
iNaturalist,Clematis tsugetorum,green leaves present,Ranunculaceae,2012,195,24.2763808529,121.5889201175,https://www.inaturalist.org/observations/008086aa-e32e-4c40-a824-00c7961b3fbc,008086aa-e32e-4c40-a824-00c7961b3fbc,Clematis,2012-07-13,668245,30090,10.57967/hf/5785,0.9668508287292816,https://www.inaturalist.org/photos/144300676,green leaves,machine
iNaturalist,Sassafras albidum,green leaves present,Lauraceae,2012,252,38.4735440566,-78.4483408905,https://www.inaturalist.org/observations/0081fa6a-4f3f-407b-b0ad-f5086a772c1b,0081fa6a-4f3f-407b-b0ad-f5086a772c1b,Sassafras,2012-09-08,185455,31,10.57967/hf/5785,0.981132075471698,https://www.inaturalist.org/photos/154006010,green leaves,machine
iNaturalist,Quercus kelloggii,green leaves present,Fagaceae,2012,234,39.2123333333,-121.0445,https://www.inaturalist.org/observations/00879fe9-2d43-4277-920e-7b26de3e688a,00879fe9-2d43-4277-920e-7b26de3e688a,Quercus,2012-08-21,4850,22,10.57967/hf/5785,0.9927089175546832,https://www.inaturalist.org/photos/164935,green leaves,machine
iNaturalist,Berberis trifoliolata,green leaves present,Berberidaceae,2012,1,29.9018151,-97.9401614,https://www.inaturalist.org/observations/00882289-f7fb-4a60-b867-df26094ee9fb,00882289-f7fb-4a60-b867-df26094ee9fb,Berberis,2012-01-01,3937368,150,10.57967/hf/5785,0.9791044776119404,https://www.inaturalist.org/photos/111796526,green leaves,machine
iNaturalist,Acer pensylvanicum,green leaves present,Sapindaceae,2012,199,36.0831487,-86.3191532,https://www.inaturalist.org/observations/0089dc20-5896-4085-af47-fbdda0f038a5,0089dc20-5896-4085-af47-fbdda0f038a5,Acer,2012-07-17,786199,3626,10.57967/hf/5785,0.9802110817941952,https://www.inaturalist.org/photos/261415848,green leaves,machine
iNaturalist,Ficus kerkhovenii,green leaves present,Moraceae,2007,227,3.7778935311,115.5618928582,https://www.inaturalist.org/observations/008a73de-910a-4978-bc44-40252123fb61,008a73de-910a-4978-bc44-40252123fb61,Ficus,2007-08-15,4766419,1953,10.57967/hf/5785,1,https://www.inaturalist.org/photos/352621751,green leaves,machine
iNaturalist,Rubus ludwigii,green leaves present,Rosaceae,2006,321,-29.149498567,26.9565796876,https://www.inaturalist.org/observations/008d7103-3696-40c6-aaab-b35b87390ece,008d7103-3696-40c6-aaab-b35b87390ece,Rubus,2006-11-17,1280395,76,10.57967/hf/5785,0.9869934967483742,https://www.inaturalist.org/photos/59562637,green leaves,machine
iNaturalist,Celtis sinensis,green leaves present,Cannabaceae,2009,129,36.3565275498,139.1178106616,https://www.inaturalist.org/observations/0091e591-502d-4516-9209-d191788f0630,0091e591-502d-4516-9209-d191788f0630,Celtis,2009-05-09,758243,30,10.57967/hf/5785,0.972972972972973,https://www.inaturalist.org/photos/259080003,green leaves,machine
iNaturalist,Ficus septica,green leaves present,Moraceae,2013,31,22.6508363889,120.3520422222,https://www.inaturalist.org/observations/00927af4-98c0-4255-8aab-a9a871fd1b7e,00927af4-98c0-4255-8aab-a9a871fd1b7e,Ficus,2013-01-31,5114099,NA,10.57967/hf/5785,1,https://www.inaturalist.org/photos/174361671,green leaves,machine
iNaturalist,Lonicera involucrata involucrata,green leaves present,Caprifoliaceae,2009,228,40.59676,-111.58291,https://www.inaturalist.org/observations/0092b35f-e45d-466c-9086-9ca086df3b05,0092b35f-e45d-466c-9086-9ca086df3b05,Lonicera,2009-08-16,228090,NA,10.57967/hf/5785,0.996492985971944,https://www.inaturalist.org/photos/252817153,green leaves,machine
iNaturalist,Rubus parviflorus,green leaves present,Rosaceae,2012,166,35.7472919489,-105.819581351,https://www.inaturalist.org/observations/009415f2-4b9b-4119-8701-0db58da41a29,009415f2-4b9b-4119-8701-0db58da41a29,Rubus,2012-06-14,4348831,28649,10.57967/hf/5785,0.9869934967483742,https://www.inaturalist.org/photos/335745509,green leaves,machine
iNaturalist,Prunus armeniaca,green leaves present,Rosaceae,2011,209,48.2862958917,30.4050279172,https://www.inaturalist.org/observations/0095eaa9-18da-42a8-8818-0a13433ee473,0095eaa9-18da-42a8-8818-0a13433ee473,Prunus,2011-07-28,3845806,77,10.57967/hf/5785,0.9869934967483742,https://www.inaturalist.org/photos/141377133,green leaves,machine
iNaturalist,Pistacia lentiscus,green leaves present,Anacardiaceae,2012,130,36.7990194444,15.0935805556,https://www.inaturalist.org/observations/0095f5fc-54b2-4a40-bb88-653662180e9b,0095f5fc-54b2-4a40-bb88-653662180e9b,Pistacia,2012-05-09,2700242,NA,10.57967/hf/5785,0.980719794344473,https://www.inaturalist.org/photos/340102193,green leaves,machine
iNaturalist,Magnolia grandiflora,green leaves present,Magnoliaceae,2011,115,30.3921394,-88.7907104,https://www.inaturalist.org/observations/0096314a-e952-4097-a4a2-963355f903d3,0096314a-e952-4097-a4a2-963355f903d3,Magnolia,2011-04-25,10285,NA,10.57967/hf/5785,0.9872611464968152,https://www.inaturalist.org/photos/220391,green leaves,machine
iNaturalist,Populus tremula,green leaves present,Salicaceae,2012,252,54.3181,48.4981,https://www.inaturalist.org/observations/0096f2c1-eb29-48c0-843d-39f140da6711,0096f2c1-eb29-48c0-843d-39f140da6711,Populus,2012-09-08,1252324,150,10.57967/hf/5785,0.9788867562380038,https://www.inaturalist.org/photos/64370311,green leaves,machine
iNaturalist,Salix lanata,breaking buds present,Salicaceae,2010,160,63.983,-19.067,https://www.inaturalist.org/observations/0097d116-8f89-4b29-bc89-a8ad6ee7ebad,0097d116-8f89-4b29-bc89-a8ad6ee7ebad,Salix,2010-06-09,1667976,951,10.57967/hf/5785,0.990791896869245,https://www.inaturalist.org/photos/79589724,breaking buds,machine
iNaturalist,Salix lanata,green leaves present,Salicaceae,2010,160,63.983,-19.067,https://www.inaturalist.org/observations/0097d116-8f89-4b29-bc89-a8ad6ee7ebad,0097d116-8f89-4b29-bc89-a8ad6ee7ebad,Salix,2010-06-09,1667976,951,10.57967/hf/5785,0.9788867562380038,https://www.inaturalist.org/photos/79588381,green leaves,machine
iNaturalist,Lonicera involucrata,green leaves present,Caprifoliaceae,2008,185,43.1572273,-124.3821199,https://www.inaturalist.org/observations/00983a00-1445-4593-a884-4e719eff511b,00983a00-1445-4593-a884-4e719eff511b,Lonicera,2008-07-03,5655975,200,10.57967/hf/5785,0.996492985971944,https://www.inaturalist.org/photos/244414955,green leaves,machine
iNaturalist,Chamaebatiaria millefolium,green leaves present,Rosaceae,2011,210,43.568611614700004,-112.8909031302,https://www.inaturalist.org/observations/009848e7-2dd0-44fa-836e-4e9bb1a46093,009848e7-2dd0-44fa-836e-4e9bb1a46093,Chamaebatiaria,2011-07-29,2105315,110438,10.57967/hf/5785,0.9869934967483742,https://www.inaturalist.org/photos/82951154,green leaves,machine
iNaturalist,Clematis petriei,green leaves present,Ranunculaceae,2012,25,-43.297811474,171.6637216824,https://www.inaturalist.org/observations/009c1124-6487-41e3-bf93-d8b3ce002635,009c1124-6487-41e3-bf93-d8b3ce002635,Clematis,2012-01-25,1115,27521,10.57967/hf/5785,0.9668508287292816,https://www.inaturalist.org/photos/1184439,green leaves,machine
iNaturalist,Rubus spectabilis,green leaves present,Rosaceae,2009,214,61.1332838782,-147.8443761249,https://www.inaturalist.org/observations/009e9f61-c9ba-4765-9efe-345d82df819b,009e9f61-c9ba-4765-9efe-345d82df819b,Rubus,2009-08-02,2386706,50,10.57967/hf/5785,0.9869934967483742,https://www.inaturalist.org/photos/120518270,green leaves,machine
iNaturalist,Cercocarpus betuloides,green leaves present,Rosaceae,2012,201,37.3489912641,-122.1374267564,https://www.inaturalist.org/observations/00a083f0-dd09-42e6-b7c8-ac789f7a36d5,00a083f0-dd09-42e6-b7c8-ac789f7a36d5,Cercocarpus,2012-07-19,2991,198,10.57967/hf/5785,0.9869934967483742,https://www.inaturalist.org/photos/150185,green leaves,machine
iNaturalist,Ribes montigenum,green leaves present,Grossulariaceae,2006,184,39.336389,-114.6,https://www.inaturalist.org/observations/00a1dffe-aa5d-46c8-bdd9-cee63be93bf9,00a1dffe-aa5d-46c8-bdd9-cee63be93bf9,Ribes,2006-07-03,1419711,NA,10.57967/hf/5785,0.9775280898876404,https://www.inaturalist.org/photos/30783767,green leaves,machine
iNaturalist,Ficus carica carica,green leaves present,Moraceae,2011,181,36.472675098,3.9831722528,https://www.inaturalist.org/observations/00a2315c-fc9b-43b8-90a1-ffa9c0ef74b4,00a2315c-fc9b-43b8-90a1-ffa9c0ef74b4,Ficus,2011-06-30,3853447,223,10.57967/hf/5785,1,https://www.inaturalist.org/photos/306088059,green leaves,machine
iNaturalist,Populus nigra,colored leaves present,Salicaceae,2011,128,-44.7031813,169.1320981,https://www.inaturalist.org/observations/00a3930c-28b2-4d62-b05a-03ace5c357d6,00a3930c-28b2-4d62-b05a-03ace5c357d6,Populus,2011-05-08,58489,7555,10.57967/hf/5785,0.9864077669902912,https://www.inaturalist.org/photos/41354373,colored leaves,machine
iNaturalist,Toxicodendron diversilobum,colored leaves present,Anacardiaceae,2005,309,36.4874526535,-121.1630228161,https://www.inaturalist.org/observations/00a39725-03c0-4d75-a714-1765cae8f7d9,00a39725-03c0-4d75-a714-1765cae8f7d9,Toxicodendron,2005-11-05,1032462,3898,10.57967/hf/5785,0.9874651810584958,https://www.inaturalist.org/photos/112861704,colored leaves,machine
iNaturalist,Ilex aquifolium,green leaves present,Aquifoliaceae,2006,22,45.4583,-122.5433,https://www.inaturalist.org/observations/00a3d445-fed2-47cf-9454-7367fa6b908a,00a3d445-fed2-47cf-9454-7367fa6b908a,Ilex,2006-01-22,1816805,NA,10.57967/hf/5785,1,https://www.inaturalist.org/photos/108257917,green leaves,machine
iNaturalist,Vaccinium oxycoccos,green leaves present,Ericaceae,2005,215,61.1037144074,41.185210081,https://www.inaturalist.org/observations/00a68e13-aa09-4f33-9ba8-8b5ace61b818,00a68e13-aa09-4f33-9ba8-8b5ace61b818,Vaccinium,2005-08-03,1467478,15,10.57967/hf/5785,0.978125,https://www.inaturalist.org/photos/32495614,green leaves,machine
iNaturalist,Salix caprea,green leaves present,Salicaceae,2008,139,54.1827891305,37.5848749042,https://www.inaturalist.org/observations/00a6ab45-7b16-473f-9630-913f179b9713,00a6ab45-7b16-473f-9630-913f179b9713,Salix,2008-05-18,2523156,478,10.57967/hf/5785,0.9788867562380038,https://www.inaturalist.org/photos/248128925,green leaves,machine
iNaturalist,Rhododendron tomentosum,green leaves present,Ericaceae,2003,229,54.6539805302,17.4227179308,https://www.inaturalist.org/observations/00aea673-55c7-49d3-a14f-9cc6e54f179c,00aea673-55c7-49d3-a14f-9cc6e54f179c,Rhododendron,2003-08-17,742419,244,10.57967/hf/5785,0.978125,https://www.inaturalist.org/photos/61791380,green leaves,machine
iNaturalist,Symphoricarpos albus,green leaves present,Caprifoliaceae,2011,274,42.56707508,-83.78697194,https://www.inaturalist.org/observations/00aecb0f-b6a3-475d-b02a-97c9db3354a7,00aecb0f-b6a3-475d-b02a-97c9db3354a7,Symphoricarpos,2011-10-01,1079758,10,10.57967/hf/5785,0.996492985971944,https://www.inaturalist.org/photos/21190202,green leaves,machine
iNaturalist,Viburnum edule,green leaves present,Viburnaceae,2002,160,50.3073806318,-126.5589899021,https://www.inaturalist.org/observations/00af3b0d-8edc-4413-9bb6-cd0bb561fff3,00af3b0d-8edc-4413-9bb6-cd0bb561fff3,Viburnum,2002-06-09,7593463,100,10.57967/hf/5785,0.980806142034549,https://www.inaturalist.org/photos/342468887,green leaves,machine
iNaturalist,Acer tataricum,green leaves present,Sapindaceae,2007,156,52.9332150828,46.2985179499,https://www.inaturalist.org/observations/00af9fc0-c368-4a7e-a13a-edb99e277e60,00af9fc0-c368-4a7e-a13a-edb99e277e60,Acer,2007-06-05,3031398,31,10.57967/hf/5785,0.9802110817941952,https://www.inaturalist.org/photos/348786505,green leaves,machine
iNaturalist,Cephalanthus occidentalis,green leaves present,Rubiaceae,2010,151,28.5172312768,-80.9923328302,https://www.inaturalist.org/observations/00b01b14-9d4a-4994-bec0-7fba1fb0de65,00b01b14-9d4a-4994-bec0-7fba1fb0de65,Cephalanthus,2010-05-31,4348831,29607,10.57967/hf/5785,0.9846938775510204,https://www.inaturalist.org/photos/326742908,green leaves,machine
iNaturalist,Vaccinium vitis-idaea,green leaves present,Ericaceae,2009,178,55.4902164898,157.7807758212,https://www.inaturalist.org/observations/00b04fc9-5107-4297-9d8f-ef198fae029e,00b04fc9-5107-4297-9d8f-ef198fae029e,Vaccinium,2009-06-27,1755659,5,10.57967/hf/5785,0.978125,https://www.inaturalist.org/photos/40063731,green leaves,machine
iNaturalist,Vaccinium vitis-idaea minus,green leaves present,Ericaceae,2011,195,64.4239460296,-173.2334123173,https://www.inaturalist.org/observations/00b1db98-a6d5-4fe3-bc39-62324eea1bea,00b1db98-a6d5-4fe3-bc39-62324eea1bea,Vaccinium,2011-07-14,6379373,61,10.57967/hf/5785,0.978125,https://www.inaturalist.org/photos/252376753,green leaves,machine
iNaturalist,Diospyros geminata,green leaves present,Ebenaceae,2012,255,-19.9763,148.2597,https://www.inaturalist.org/observations/00b6d0ec-1cf4-4287-b4a0-47487a03e5aa,00b6d0ec-1cf4-4287-b4a0-47487a03e5aa,Diospyros,2012-09-11,5124462,NA,10.57967/hf/5785,0.9945652173913044,https://www.inaturalist.org/photos/314855254,green leaves,machine
iNaturalist,Betula pendula,green leaves present,Betulaceae,2011,235,55.0925829733,83.906844975,https://www.inaturalist.org/observations/00b70162-4a71-4e93-8a7a-0579d96d2b92,00b70162-4a71-4e93-8a7a-0579d96d2b92,Betula,2011-08-23,1545212,NA,10.57967/hf/5785,0.9836956521739132,https://www.inaturalist.org/photos/63399104,green leaves,machine
iNaturalist,Ilex opaca,green leaves present,Aquifoliaceae,2011,105,41.5415768519,-81.8962554648,https://www.inaturalist.org/observations/00b754ae-5048-4b5e-afed-36f5b726030a,00b754ae-5048-4b5e-afed-36f5b726030a,Ilex,2011-04-15,182332,27785,10.57967/hf/5785,1,https://www.inaturalist.org/photos/146688133,green leaves,machine
iNaturalist,Frangula alnus,green leaves present,Rhamnaceae,2007,159,59.7787614472,39.8985587696,https://www.inaturalist.org/observations/00b7dee4-2f7f-49ac-9f27-3485bd9f48b0,00b7dee4-2f7f-49ac-9f27-3485bd9f48b0,Frangula,2007-06-08,1363782,61,10.57967/hf/5785,0.9925742574257426,https://www.inaturalist.org/photos/40353155,green leaves,machine
iNaturalist,Pistacia lentiscus,green leaves present,Anacardiaceae,2004,111,41.4113788357,9.1364667159,https://www.inaturalist.org/observations/00b8a07b-2211-48e1-85b0-5430b53225f0,00b8a07b-2211-48e1-85b0-5430b53225f0,Pistacia,2004-04-20,2023821,27785,10.57967/hf/5785,0.980719794344473,https://www.inaturalist.org/photos/107166378,green leaves,machine
iNaturalist,Ceanothus oliganthus,green leaves present,Rhamnaceae,2011,93,37.4013290405,-122.2330780029,https://www.inaturalist.org/observations/00bbf344-307b-47a3-8e26-b0d8fb02b6e3,00bbf344-307b-47a3-8e26-b0d8fb02b6e3,Ceanothus,2011-04-03,477,NA,10.57967/hf/5785,0.9925742574257426,https://www.inaturalist.org/photos/27280,green leaves,machine
iNaturalist,Lonicera sempervirens,green leaves present,Caprifoliaceae,2010,140,40.4023195,-75.5871294,https://www.inaturalist.org/observations/00bc9ad6-a327-40cc-ba23-d77cf5217e23,00bc9ad6-a327-40cc-ba23-d77cf5217e23,Lonicera,2010-05-20,2883853,955,10.57967/hf/5785,0.996492985971944,https://www.inaturalist.org/photos/76841763,green leaves,machine
iNaturalist,Salix cinerea,green leaves present,Salicaceae,1984,119,48.4908800824,14.9644595468,https://www.inaturalist.org/observations/00be2dae-6b2f-4f56-8085-ab648147d0cb,00be2dae-6b2f-4f56-8085-ab648147d0cb,Salix,1984-04-28,2733713,51,10.57967/hf/5785,0.9788867562380038,https://www.inaturalist.org/photos/118450475,green leaves,machine
iNaturalist,Salix herbacea,green leaves present,Salicaceae,2009,226,46.7290181127,8.4476643167,https://www.inaturalist.org/observations/00becf3f-ce60-4e3d-8632-eb0fe7b5e7f2,00becf3f-ce60-4e3d-8632-eb0fe7b5e7f2,Salix,2009-08-14,4183373,8,10.57967/hf/5785,0.9788867562380038,https://www.inaturalist.org/photos/188483190,green leaves,machine
iNaturalist,Lycium ruthenicum,green leaves present,Solanaceae,2010,192,45.5948378067,63.2371866592,https://www.inaturalist.org/observations/00c0010d-7a50-4981-9bfa-7c58c23cff48,00c0010d-7a50-4981-9bfa-7c58c23cff48,Lycium,2010-07-11,1365659,778,10.57967/hf/5785,1,https://www.inaturalist.org/photos/65269553,green leaves,machine
iNaturalist,Rhododendron prunifolium,green leaves present,Ericaceae,2004,200,32.1210998691,-84.9801594809,https://www.inaturalist.org/observations/00c23c4f-1b36-4eed-875d-27e7fc6cf22a,00c23c4f-1b36-4eed-875d-27e7fc6cf22a,Rhododendron,2004-07-18,744712,29146,10.57967/hf/5785,0.978125,https://www.inaturalist.org/photos/37074097,green leaves,machine
iNaturalist,Ficus cordata,green leaves present,Moraceae,2012,288,-22.1339980556,17.3542063889,https://www.inaturalist.org/observations/00c7c759-f83d-467b-9b35-72fa67440958,00c7c759-f83d-467b-9b35-72fa67440958,Ficus,2012-10-14,692348,20,10.57967/hf/5785,1,https://www.inaturalist.org/photos/59372471,green leaves,machine
iNaturalist,Acer negundo,green leaves present,Sapindaceae,2010,175,51.1820744143,37.656426663,https://www.inaturalist.org/observations/00c97176-fcb8-42e6-aa22-cee827b135ec,00c97176-fcb8-42e6-aa22-cee827b135ec,Acer,2010-06-24,1917127,93,10.57967/hf/5785,0.9802110817941952,https://www.inaturalist.org/photos/71974460,green leaves,machine
iNaturalist,Viburnum opulus,green leaves present,Viburnaceae,2011,226,55.9558054976,46.3041661363,https://www.inaturalist.org/observations/00ca5558-93d9-42fa-a9ea-81f5ca91e332,00ca5558-93d9-42fa-a9ea-81f5ca91e332,Viburnum,2011-08-14,6988814,244,10.57967/hf/5785,0.980806142034549,https://www.inaturalist.org/photos/359040285,green leaves,machine
iNaturalist,Spiraea splendens,green leaves present,Rosaceae,2008,220,47.4373572235,-121.3859577493,https://www.inaturalist.org/observations/00cb2609-3ad0-4dfe-a84c-5e5959c90b54,00cb2609-3ad0-4dfe-a84c-5e5959c90b54,Spiraea,2008-08-07,744769,244,10.57967/hf/5785,0.9869934967483742,https://www.inaturalist.org/photos/20437046,green leaves,machine
iNaturalist,Robinia pseudoacacia,green leaves present,Fabaceae,2008,158,50.8782439973,35.0315902436,https://www.inaturalist.org/observations/00cb4a9a-2441-4eff-b322-9e7a98310d53,00cb4a9a-2441-4eff-b322-9e7a98310d53,Robinia,2008-06-06,4372337,20725,10.57967/hf/5785,0.9814814814814816,https://www.inaturalist.org/photos/179791972,green leaves,machine
iNaturalist,Acer negundo,green leaves present,Sapindaceae,2012,153,36.7162499875,126.683554502,https://www.inaturalist.org/observations/00ccfb66-dc82-4481-98e2-4ba2b157e930,00ccfb66-dc82-4481-98e2-4ba2b157e930,Acer,2012-06-01,2027679,219,10.57967/hf/5785,0.9802110817941952,https://www.inaturalist.org/photos/133073074,green leaves,machine
iNaturalist,Rubus arcticus,colored leaves present,Rosaceae,2005,255,41.0789538814,-106.3005563219,https://www.inaturalist.org/observations/00cd0a65-63ee-4981-838d-4f5b8df4e849,00cd0a65-63ee-4981-838d-4f5b8df4e849,Rubus,2005-09-12,2106581,2409,10.57967/hf/5785,0.9921630094043888,https://www.inaturalist.org/photos/176672718,colored leaves,machine
iNaturalist,Rubus arcticus,green leaves present,Rosaceae,2005,255,41.0789538814,-106.3005563219,https://www.inaturalist.org/observations/00cd0a65-63ee-4981-838d-4f5b8df4e849,00cd0a65-63ee-4981-838d-4f5b8df4e849,Rubus,2005-09-12,2106581,2409,10.57967/hf/5785,0.9869934967483742,https://www.inaturalist.org/photos/176672540,green leaves,machine
iNaturalist,Rhododendron groenlandicum,green leaves present,Ericaceae,2006,268,47.7454321769,-90.3314227145,https://www.inaturalist.org/observations/00cd4b48-755d-48f3-8834-6906e9d2b2e7,00cd4b48-755d-48f3-8834-6906e9d2b2e7,Rhododendron,2006-09-25,37031,32,10.57967/hf/5785,0.978125,https://www.inaturalist.org/photos/32098227,green leaves,machine
iNaturalist,Fagus grandifolia,green leaves present,Fagaceae,2011,164,43.6432722222,-72.4111083333,https://www.inaturalist.org/observations/00ce09d3-7086-46fc-800d-08869ea98de1,00ce09d3-7086-46fc-800d-08869ea98de1,Fagus,2011-06-13,2179,NA,10.57967/hf/5785,0.9927089175546832,https://www.inaturalist.org/photos/2886908,green leaves,machine
iNaturalist,Betula pumila,green leaves present,Betulaceae,2008,179,46.4600496213,-80.8701742603,https://www.inaturalist.org/observations/00d1caa1-7918-4a1a-98a4-eadf1cd4e80a,00d1caa1-7918-4a1a-98a4-eadf1cd4e80a,Betula,2008-06-27,254405,66,10.57967/hf/5785,0.9836956521739132,https://www.inaturalist.org/photos/39045477,green leaves,machine
iNaturalist,Sambucus cerulea,green leaves present,Viburnaceae,2007,119,37.810492000000004,-122.36645,https://www.inaturalist.org/observations/00d384cf-bc04-4eb2-bafc-e9bc14985be1,00d384cf-bc04-4eb2-bafc-e9bc14985be1,Sambucus,2007-04-29,25635,400,10.57967/hf/5785,0.980806142034549,https://www.inaturalist.org/photos/59986285,green leaves,machine
iNaturalist,Betula nana exilis,colored leaves present,Betulaceae,2007,243,72.44351,101.86044,https://www.inaturalist.org/observations/00d946c2-b6d3-4e23-8d58-b29011529cd4,00d946c2-b6d3-4e23-8d58-b29011529cd4,Betula,2007-08-31,1426686,50,10.57967/hf/5785,1,https://www.inaturalist.org/photos/110750613,colored leaves,machine
iNaturalist,Carya ovata,green leaves present,Juglandaceae,1980,237,44.4585153762,-75.863500983,https://www.inaturalist.org/observations/00db1361-26ea-4b15-a0ad-274ec0306a42,00db1361-26ea-4b15-a0ad-274ec0306a42,Carya,1980-08-24,111485,653,10.57967/hf/5785,0.9891304347826086,https://www.inaturalist.org/photos/95186297,green leaves,machine
iNaturalist,Quercus havardii,green leaves present,Fagaceae,2007,165,31.64,-102.84,https://www.inaturalist.org/observations/00de6a57-76a1-4b7f-bed7-6acb0cee4134,00de6a57-76a1-4b7f-bed7-6acb0cee4134,Quercus,2007-06-14,966121,5000,10.57967/hf/5785,0.9927089175546832,https://www.inaturalist.org/photos/176911794,green leaves,machine
iNaturalist,Quercus fusiformis,green leaves present,Fagaceae,2005,282,30.3103391415,-98.2403933273,https://www.inaturalist.org/observations/00de8f9c-c909-41d4-a083-6683f168c756,00de8f9c-c909-41d4-a083-6683f168c756,Quercus,2005-10-09,4315664,2389,10.57967/hf/5785,0.9927089175546832,https://www.inaturalist.org/photos/335783884,green leaves,machine
iNaturalist,Ceanothus oliganthus,green leaves present,Rhamnaceae,2010,108,37.88949034,-121.9302928401,https://www.inaturalist.org/observations/00e08266-02a6-4536-b034-1f34bf1b43eb,00e08266-02a6-4536-b034-1f34bf1b43eb,Ceanothus,2010-04-18,1108972,NA,10.57967/hf/5785,0.9925742574257426,https://www.inaturalist.org/photos/22613858,green leaves,machine
iNaturalist,Clematis alpina ochotensis,green leaves present,Ranunculaceae,2010,157,54.4433766347,158.3803924661,https://www.inaturalist.org/observations/00e08968-f38b-4e31-ab2f-fadc92624366,00e08968-f38b-4e31-ab2f-fadc92624366,Clematis,2010-06-06,1755659,24,10.57967/hf/5785,0.9668508287292816,https://www.inaturalist.org/photos/111952179,green leaves,machine
iNaturalist,Vitis rotundifolia,green leaves present,Vitaceae,1980,1,28.443777838,-81.5395695505,https://www.inaturalist.org/observations/00e0c600-8668-4173-88c9-cbe071e83199,00e0c600-8668-4173-88c9-cbe071e83199,Vitis,1980-01-01,393321,1,10.57967/hf/5785,0.9830508474576272,https://www.inaturalist.org/photos/34554615,green leaves,machine
iNaturalist,Sambucus racemosa pubens,breaking buds present,Viburnaceae,2011,105,46.300334883,-72.5322486697,https://www.inaturalist.org/observations/00e0e3cc-120f-4be5-8acb-1570874f21bb,00e0e3cc-120f-4be5-8acb-1570874f21bb,Sambucus,2011-04-15,4603747,122,10.57967/hf/5785,0.996268656716418,https://www.inaturalist.org/photos/172652772,breaking buds,machine
iNaturalist,Vaccinium uliginosum,green leaves present,Ericaceae,2009,207,53.0760615127,158.6855800559,https://www.inaturalist.org/observations/00e13c1b-e309-44b9-a2bb-4ffb25e80954,00e13c1b-e309-44b9-a2bb-4ffb25e80954,Vaccinium,2009-07-26,1434599,100,10.57967/hf/5785,0.978125,https://www.inaturalist.org/photos/56453133,green leaves,machine
iNaturalist,Salix hastata,green leaves present,Salicaceae,2011,203,70.3356,106.8364,https://www.inaturalist.org/observations/00e3e4d7-6d53-41cf-9541-9a8dada75871,00e3e4d7-6d53-41cf-9541-9a8dada75871,Salix,2011-07-22,1426686,10,10.57967/hf/5785,0.9788867562380038,https://www.inaturalist.org/photos/64449809,green leaves,machine
iNaturalist,Aralia hispida,green leaves present,Araliaceae,2009,195,45.8468996519,-80.7537466626,https://www.inaturalist.org/observations/00e4d29a-251b-4325-ac27-8e1c3c045df2,00e4d29a-251b-4325-ac27-8e1c3c045df2,Aralia,2009-07-14,1776608,1033,10.57967/hf/5785,0.9876543209876544,https://www.inaturalist.org/photos/91695902,green leaves,machine
iNaturalist,Lonicera dioica,green leaves present,Caprifoliaceae,2008,121,40.9267224,-81.6304022,https://www.inaturalist.org/observations/00e6f794-8f92-4eaf-a770-8324da13c516,00e6f794-8f92-4eaf-a770-8324da13c516,Lonicera,2008-04-30,8669,2385,10.57967/hf/5785,0.996492985971944,https://www.inaturalist.org/photos/39398620,green leaves,machine
iNaturalist,Caragana arborescens,green leaves present,Fabaceae,2012,184,54.154458738,46.1611839716,https://www.inaturalist.org/observations/00e831fd-6647-4ef5-9cc9-d2f4135db36b,00e831fd-6647-4ef5-9cc9-d2f4135db36b,Caragana,2012-07-02,2587879,45,10.57967/hf/5785,0.9814814814814816,https://www.inaturalist.org/photos/62863282,green leaves,machine
iNaturalist,Vaccinium ovatum,green leaves present,Ericaceae,2012,154,47.333559,-122.492666,https://www.inaturalist.org/observations/00e9c6cf-3552-4834-aa50-621850aed987,00e9c6cf-3552-4834-aa50-621850aed987,Vaccinium,2012-06-02,167823,90,10.57967/hf/5785,0.978125,https://www.inaturalist.org/photos/2906082,green leaves,machine
iNaturalist,Rhododendron tomentosum,green leaves present,Ericaceae,2012,107,54.0128687466,24.427665982,https://www.inaturalist.org/observations/00f0c012-a8d2-4a42-9393-8659c94b2795,00f0c012-a8d2-4a42-9393-8659c94b2795,Rhododendron,2012-04-16,1369015,491,10.57967/hf/5785,0.978125,https://www.inaturalist.org/photos/29681449,green leaves,machine
iNaturalist,Spiraea alba,green leaves present,Rosaceae,2011,260,42.6934915003,-85.9740413572,https://www.inaturalist.org/observations/00f1c054-a6f2-402a-881c-ea193fdceade,00f1c054-a6f2-402a-881c-ea193fdceade,Spiraea,2011-09-17,30597,27599,10.57967/hf/5785,0.9869934967483742,https://www.inaturalist.org/photos/64669690,green leaves,machine
iNaturalist,Staphylea pinnata,green leaves present,Staphyleaceae,2012,176,47.98256842,20.65506935,https://www.inaturalist.org/observations/00f32b97-73e0-42bb-93da-3b7974edabb1,00f32b97-73e0-42bb-93da-3b7974edabb1,Staphylea,2012-06-24,18823,100,10.57967/hf/5785,1,https://www.inaturalist.org/photos/23368495,green leaves,machine
iNaturalist,Myrica gale,green leaves present,Myricaceae,2008,218,47.4758181495,-64.8723835946,https://www.inaturalist.org/observations/00f38063-8076-48df-85ef-9d1ae9266fd4,00f38063-8076-48df-85ef-9d1ae9266fd4,Myrica,2008-08-05,209880,8,10.57967/hf/5785,0.9565217391304348,https://www.inaturalist.org/photos/5850983,green leaves,machine
iNaturalist,Betula alleghaniensis,green leaves present,Betulaceae,2012,147,44.18108,-72.943267,https://www.inaturalist.org/observations/00f5786c-eea3-4ceb-86ea-ce6684988f40,00f5786c-eea3-4ceb-86ea-ce6684988f40,Betula,2012-05-26,2179,5,10.57967/hf/5785,0.9836956521739132,https://www.inaturalist.org/photos/122424,green leaves,machine
iNaturalist,Ulmus pumila,green leaves present,Ulmaceae,2006,153,51.0187496569,114.3121793005,https://www.inaturalist.org/observations/00f69fbb-2f4d-4baa-8d73-4ae1e8f2bffd,00f69fbb-2f4d-4baa-8d73-4ae1e8f2bffd,Ulmus,2006-06-02,3997065,244,10.57967/hf/5785,0.9722222222222222,https://www.inaturalist.org/photos/111948384,green leaves,machine
iNaturalist,Acer rubrum,green leaves present,Sapindaceae,2011,202,36.6242358458,-75.9061255746,https://www.inaturalist.org/observations/00f82cfb-a0ba-443c-be72-34a60c6d7433,00f82cfb-a0ba-443c-be72-34a60c6d7433,Acer,2011-07-21,624851,61,10.57967/hf/5785,0.9802110817941952,https://www.inaturalist.org/photos/58396077,green leaves,machine
iNaturalist,Malus angustifolia,green leaves present,Rosaceae,2011,92,32.5511917632,-83.5955336918,https://www.inaturalist.org/observations/00f9f7d6-d111-4762-9ec7-bc08bc8d95b5,00f9f7d6-d111-4762-9ec7-bc08bc8d95b5,Malus,2011-04-02,4348831,29093,10.57967/hf/5785,0.9869934967483742,https://www.inaturalist.org/photos/328634297,green leaves,machine
iNaturalist,Vaccinium oxycoccos,green leaves present,Ericaceae,2012,154,49.2364681245,14.6229391099,https://www.inaturalist.org/observations/00fb3a60-d3cc-4f7c-8522-151142e6fa9c,00fb3a60-d3cc-4f7c-8522-151142e6fa9c,Vaccinium,2012-06-02,5160652,31,10.57967/hf/5785,0.978125,https://www.inaturalist.org/photos/246811140,green leaves,machine
iNaturalist,Quercus garryana,green leaves present,Fagaceae,2011,162,45.8395016667,-122.7588016667,https://www.inaturalist.org/observations/00fc08ae-5278-43eb-afbd-a5698504e4f1,00fc08ae-5278-43eb-afbd-a5698504e4f1,Quercus,2011-06-11,242824,NA,10.57967/hf/5785,0.9927089175546832,https://www.inaturalist.org/photos/3931196,green leaves,machine
iNaturalist,Platanus racemosa,green leaves present,Platanaceae,2008,281,32.9676334556,-116.6506032188,https://www.inaturalist.org/observations/00fc27d6-7f77-4f98-858f-bbec2915191b,00fc27d6-7f77-4f98-858f-bbec2915191b,Platanus,2008-10-07,280446,100,10.57967/hf/5785,0.9850746268656716,https://www.inaturalist.org/photos/65847152,green leaves,machine
iNaturalist,Berberis empetrifolia,green leaves present,Berberidaceae,2008,26,-37.397711,-71.448131,https://www.inaturalist.org/observations/00fca96d-5f20-4162-bff6-7153ad7797a5,00fca96d-5f20-4162-bff6-7153ad7797a5,Berberis,2008-01-26,1438467,500,10.57967/hf/5785,0.9791044776119404,https://www.inaturalist.org/photos/62419025,green leaves,machine
iNaturalist,Salix rorida,green leaves present,Salicaceae,2012,174,50.3282716561,127.563103535,https://www.inaturalist.org/observations/00fd69eb-ccf9-4b8e-9add-a269e3994af4,00fd69eb-ccf9-4b8e-9add-a269e3994af4,Salix,2012-06-22,1479068,4364,10.57967/hf/5785,0.9788867562380038,https://www.inaturalist.org/photos/80074880,green leaves,machine
iNaturalist,Euonymus spraguei,green leaves present,Celastraceae,2008,244,24.1870410138,121.311312902,https://www.inaturalist.org/observations/00fdbb7e-86f1-4207-8491-f14bfd24b798,00fdbb7e-86f1-4207-8491-f14bfd24b798,Euonymus,2008-08-31,1013900,31,10.57967/hf/5785,0.98125,https://www.inaturalist.org/photos/67047974,green leaves,machine
iNaturalist,Frangula purshiana,green leaves present,Rhamnaceae,2012,113,47.4302153054,-122.2128958749,https://www.inaturalist.org/observations/00fec1c3-f23e-45bd-a602-aab23f01208f,00fec1c3-f23e-45bd-a602-aab23f01208f,Frangula,2012-04-22,134993,446,10.57967/hf/5785,0.9925742574257426,https://www.inaturalist.org/photos/339568578,green leaves,machine
iNaturalist,Fraxinus ornus cilicica,green leaves present,Oleaceae,2012,120,36.9927059434,36.3595764063,https://www.inaturalist.org/observations/01016113-2727-4ab8-a0b1-c064ce93890e,01016113-2727-4ab8-a0b1-c064ce93890e,Fraxinus,2012-04-29,6348343,4150,10.57967/hf/5785,0.9937888198757764,https://www.inaturalist.org/photos/263778853,green leaves,machine
iNaturalist,Populus tremula,green leaves present,Salicaceae,2012,134,54.35292,48.52596,https://www.inaturalist.org/observations/0101b67f-866c-465d-852d-60e285448261,0101b67f-866c-465d-852d-60e285448261,Populus,2012-05-13,1252324,1200,10.57967/hf/5785,0.9788867562380038,https://www.inaturalist.org/photos/56537527,green leaves,machine
iNaturalist,Acer saccharum,colored leaves present,Sapindaceae,2012,281,41.4680795058,-90.8752155304,https://www.inaturalist.org/observations/0102488e-ee2b-4018-9f8d-f9bfbbc4a5e4,0102488e-ee2b-4018-9f8d-f9bfbbc4a5e4,Acer,2012-10-07,751586,292,10.57967/hf/5785,0.9909784871616932,https://www.inaturalist.org/photos/294637661,colored leaves,machine
iNaturalist,Ilex micrococca,green leaves present,Aquifoliaceae,2010,325,24.9021080556,121.675715,https://www.inaturalist.org/observations/01024893-678d-4801-8754-943ee8fab8e8,01024893-678d-4801-8754-943ee8fab8e8,Ilex,2010-11-21,5114099,NA,10.57967/hf/5785,1,https://www.inaturalist.org/photos/169438663,green leaves,machine
iNaturalist,Rhus typhina,green leaves present,Anacardiaceae,2012,197,44.7712822188,-78.2019096613,https://www.inaturalist.org/observations/01036bf6-d99d-42d5-884f-344cd9c13e3a,01036bf6-d99d-42d5-884f-344cd9c13e3a,Rhus,2012-07-15,1106722,31,10.57967/hf/5785,0.980719794344473,https://www.inaturalist.org/photos/170151353,green leaves,machine
iNaturalist,Viburnum molle,green leaves present,Viburnaceae,2012,108,37.9282270307,-84.2788857677,https://www.inaturalist.org/observations/0103c63e-5797-4944-8a2a-1fa59ffa7131,0103c63e-5797-4944-8a2a-1fa59ffa7131,Viburnum,2012-04-17,2509876,321,10.57967/hf/5785,0.980806142034549,https://www.inaturalist.org/photos/273034401,green leaves,machine
iNaturalist,Smilax tamnoides,green leaves present,Smilacaceae,2008,237,39.9042149259,-76.3655811217,https://www.inaturalist.org/observations/01050669-8ade-4b84-adbc-0e7423fda205,01050669-8ade-4b84-adbc-0e7423fda205,Smilax,2008-08-24,2883853,189,10.57967/hf/5785,0.9558823529411764,https://www.inaturalist.org/photos/167304618,green leaves,machine
iNaturalist,Alnus glutinosa,green leaves present,Betulaceae,2012,112,-34.087689,18.418755,https://www.inaturalist.org/observations/010759fa-d50b-4dd4-bd4d-4cda529d902a,010759fa-d50b-4dd4-bd4d-4cda529d902a,Alnus,2012-04-21,383144,1,10.57967/hf/5785,0.9836956521739132,https://www.inaturalist.org/photos/15096971,green leaves,machine
iNaturalist,Vaccinium oxycoccos,green leaves present,Ericaceae,2010,163,51.6536019,-128.1301117,https://www.inaturalist.org/observations/01089cc4-6b61-4aed-ab72-eb622dba2ea2,01089cc4-6b61-4aed-ab72-eb622dba2ea2,Vaccinium,2010-06-12,922078,360,10.57967/hf/5785,0.978125,https://www.inaturalist.org/photos/29138326,green leaves,machine
iNaturalist,Hibiscus aculeatus,green leaves present,Malvaceae,2010,230,30.2888782652,-84.4691389305,https://www.inaturalist.org/observations/0109849d-7edb-4bbf-ba6f-d3d5514dbd22,0109849d-7edb-4bbf-ba6f-d3d5514dbd22,Hibiscus,2010-08-18,4348831,29382,10.57967/hf/5785,0.9938271604938272,https://www.inaturalist.org/photos/327316010,green leaves,machine
iNaturalist,Liriodendron tulipifera,green leaves present,Magnoliaceae,2010,170,42.6672384924,-80.4826734502,https://www.inaturalist.org/observations/010d1f5a-9fed-45f3-b745-9cecdba3776e,010d1f5a-9fed-45f3-b745-9cecdba3776e,Liriodendron,2010-06-19,109098,1737,10.57967/hf/5785,0.9872611464968152,https://www.inaturalist.org/photos/5720330,green leaves,machine
iNaturalist,Lonicera tatarica,green leaves present,Caprifoliaceae,2011,164,54.35292,48.52596,https://www.inaturalist.org/observations/010dd8ae-15f8-48da-8cd5-7dfcac9e0dec,010dd8ae-15f8-48da-8cd5-7dfcac9e0dec,Lonicera,2011-06-13,1252324,1600,10.57967/hf/5785,0.996492985971944,https://www.inaturalist.org/photos/54157396,green leaves,machine
iNaturalist,Vaccinium vitis-idaea,green leaves present,Ericaceae,2012,163,52.3311595925,-90.7247704268,https://www.inaturalist.org/observations/010ea646-2709-43c4-90d9-e4a2a1712ac0,010ea646-2709-43c4-90d9-e4a2a1712ac0,Vaccinium,2012-06-11,533871,8,10.57967/hf/5785,0.978125,https://www.inaturalist.org/photos/11449464,green leaves,machine
iNaturalist,Rubus rosifolius,green leaves present,Rosaceae,2008,123,0.2876454144,6.6059169799,https://www.inaturalist.org/observations/010fbab9-c914-4fc8-bbca-64866635574a,010fbab9-c914-4fc8-bbca-64866635574a,Rubus,2008-05-02,2994623,666,10.57967/hf/5785,0.9869934967483742,https://www.inaturalist.org/photos/161534396,green leaves,machine
iNaturalist,Lonicera maximowiczii,green leaves present,Caprifoliaceae,1995,254,44.5139523516,135.55819116200001,https://www.inaturalist.org/observations/0110da94-06f4-44aa-ae75-8f9f2f42c120,0110da94-06f4-44aa-ae75-8f9f2f42c120,Lonicera,1995-09-11,1516937,122,10.57967/hf/5785,0.996492985971944,https://www.inaturalist.org/photos/216198095,green leaves,machine
iNaturalist,Apocynum androsaemifolium,green leaves present,Apocynaceae,2012,220,43.6946867739,-73.2188129425,https://www.inaturalist.org/observations/0112d8d1-fe02-4c53-a4e8-817262587228,0112d8d1-fe02-4c53-a4e8-817262587228,Apocynum,2012-08-07,12736,NA,10.57967/hf/5785,0.975609756097561,https://www.inaturalist.org/photos/241429,green leaves,machine
iNaturalist,Corylus avellana,green leaves present,Betulaceae,2012,186,42.5329371598,-6.6709666045,https://www.inaturalist.org/observations/01148fd0-09d3-4058-92ef-da210b8e006c,01148fd0-09d3-4058-92ef-da210b8e006c,Corylus,2012-07-04,3393488,27630,10.57967/hf/5785,0.9836956521739132,https://www.inaturalist.org/photos/190828041,green leaves,machine
iNaturalist,Quercus agrifolia,green leaves present,Fagaceae,2012,119,34.5882447671,-119.1623282433,https://www.inaturalist.org/observations/01150863-006c-40b5-9b9e-8c3cb019efbd,01150863-006c-40b5-9b9e-8c3cb019efbd,Quercus,2012-04-28,3090,NA,10.57967/hf/5785,0.9927089175546832,https://www.inaturalist.org/photos/111018,green leaves,machine
iNaturalist,Rubus odoratus,green leaves present,Rosaceae,1976,153,44.8808921568,-78.78244033,https://www.inaturalist.org/observations/01164698-f28a-4006-9b31-ee5662d4d0bf,01164698-f28a-4006-9b31-ee5662d4d0bf,Rubus,1976-06-01,459348,145,10.57967/hf/5785,0.9869934967483742,https://www.inaturalist.org/photos/175185086,green leaves,machine
iNaturalist,Amorpha fruticosa,green leaves present,Fabaceae,2010,131,47.9985634486,16.2816948923,https://www.inaturalist.org/observations/0116e71e-3801-4c69-9506-18ae9f3ffd7d,0116e71e-3801-4c69-9506-18ae9f3ffd7d,Amorpha,2010-05-11,4660910,15,10.57967/hf/5785,0.9814814814814816,https://www.inaturalist.org/photos/179933983,green leaves,machine
iNaturalist,Cotinus coggygria,green leaves present,Anacardiaceae,2011,169,45.5434541,-75.4191703,https://www.inaturalist.org/observations/011761f9-0acf-4228-93cf-e64cfc1b2c6f,011761f9-0acf-4228-93cf-e64cfc1b2c6f,Cotinus,2011-06-18,1442912,8299,10.57967/hf/5785,0.980719794344473,https://www.inaturalist.org/photos/56161836,green leaves,machine
iNaturalist,Vaccinium uliginosum,green leaves present,Ericaceae,2010,182,58.7172955935,-94.135408439,https://www.inaturalist.org/observations/01180c5a-df5c-49c5-9cbe-c01a31a158d2,01180c5a-df5c-49c5-9cbe-c01a31a158d2,Vaccinium,2010-07-01,432665,738,10.57967/hf/5785,0.978125,https://www.inaturalist.org/photos/31259066,green leaves,machine
iNaturalist,Toxicodendron radicans,green leaves present,Anacardiaceae,2011,280,30.564515083,-96.2142276764,https://www.inaturalist.org/observations/0119530d-4c74-4401-8603-7ee1e5fa575b,0119530d-4c74-4401-8603-7ee1e5fa575b,Toxicodendron,2011-10-07,477,NA,10.57967/hf/5785,0.980719794344473,https://www.inaturalist.org/photos/58492,green leaves,machine
iNaturalist,Populus tremula,green leaves present,Salicaceae,2012,163,55.7961122014,48.2537328999,https://www.inaturalist.org/observations/011959d5-1591-45ec-9658-577d6776f348,011959d5-1591-45ec-9658-577d6776f348,Populus,2012-06-11,6988814,244,10.57967/hf/5785,0.9788867562380038,https://www.inaturalist.org/photos/359741484,green leaves,machine
iNaturalist,Cornus canadensis,green leaves present,Cornaceae,2010,197,49.5922708132,-57.7923744503,https://www.inaturalist.org/observations/011997e6-9d23-4541-8915-072fae4c7ab8,011997e6-9d23-4541-8915-072fae4c7ab8,Cornus,2010-07-16,825722,518,10.57967/hf/5785,0.97435897435897445,https://www.inaturalist.org/photos/116568132,green leaves,machine
iNaturalist,Symphoricarpos albus,green leaves present,Caprifoliaceae,2011,134,37.469355,-122.286706,https://www.inaturalist.org/observations/011a8b75-5ae6-4037-bb4c-bdd74d0eacba,011a8b75-5ae6-4037-bb4c-bdd74d0eacba,Symphoricarpos,2011-05-14,1,NA,10.57967/hf/5785,0.996492985971944,https://www.inaturalist.org/photos/33192,green leaves,machine
iNaturalist,Fraxinus americana,green leaves present,Oleaceae,2011,151,42.99158584,-76.3707711554,https://www.inaturalist.org/observations/011adf37-1c21-440f-854a-c95b6ab77140,011adf37-1c21-440f-854a-c95b6ab77140,Fraxinus,2011-05-31,224113,2,10.57967/hf/5785,0.9937888198757764,https://www.inaturalist.org/photos/28807241,green leaves,machine
iNaturalist,Castanea dentata,green leaves present,Fagaceae,2008,249,41.5132777841,-81.9069947695,https://www.inaturalist.org/observations/011af589-3ee1-4ccc-919e-85fd28d1d600,011af589-3ee1-4ccc-919e-85fd28d1d600,Castanea,2008-09-05,182332,27785,10.57967/hf/5785,0.9927089175546832,https://www.inaturalist.org/photos/117118891,green leaves,machine
iNaturalist,Ribes hudsonianum petiolare,green leaves present,Grossulariaceae,2009,255,40.62095,-111.71087,https://www.inaturalist.org/observations/011b79ef-2e2d-4a3b-8ac6-cf53fa747fbc,011b79ef-2e2d-4a3b-8ac6-cf53fa747fbc,Ribes,2009-09-12,228090,NA,10.57967/hf/5785,0.9775280898876404,https://www.inaturalist.org/photos/254830691,green leaves,machine
iNaturalist,Vaccinium angustifolium,green leaves present,Ericaceae,2011,132,44.486011,-77.291088,https://www.inaturalist.org/observations/0122554e-12b9-4d9c-b734-0d909b22943d,0122554e-12b9-4d9c-b734-0d909b22943d,Vaccinium,2011-05-12,584526,11,10.57967/hf/5785,0.978125,https://www.inaturalist.org/photos/61256677,green leaves,machine
iNaturalist,Sorbus aucuparia,green leaves present,Rosaceae,2005,130,55.50709931,46.341005683,https://www.inaturalist.org/observations/0127d18d-7570-47bb-b892-a1c0379e57fe,0127d18d-7570-47bb-b892-a1c0379e57fe,Sorbus,2005-05-10,1363782,31,10.57967/hf/5785,0.9869934967483742,https://www.inaturalist.org/photos/53866892,green leaves,machine
iNaturalist,Rhododendron lapponicum,green leaves present,Ericaceae,2011,181,58.78523,-94.201734,https://www.inaturalist.org/observations/0128bb86-12b3-48d6-af27-e247751010a2,0128bb86-12b3-48d6-af27-e247751010a2,Rhododendron,2011-06-30,70352,25062,10.57967/hf/5785,0.978125,https://www.inaturalist.org/photos/1500985,green leaves,machine
iNaturalist,Cornus sericea,green leaves present,Cornaceae,2009,164,40.54274,-111.80309,https://www.inaturalist.org/observations/012d5544-63b9-4b1b-91f4-3813f1de0a61,012d5544-63b9-4b1b-91f4-3813f1de0a61,Cornus,2009-06-13,228090,NA,10.57967/hf/5785,0.97435897435897445,https://www.inaturalist.org/photos/246475955,green leaves,machine
iNaturalist,Viburnum opulus americanum,green leaves present,Viburnaceae,2012,251,48.6199680615,-90.0596654295,https://www.inaturalist.org/observations/012eb2ea-e707-4a0d-a0e3-698448e2126c,012eb2ea-e707-4a0d-a0e3-698448e2126c,Viburnum,2012-09-07,264273,197,10.57967/hf/5785,0.980806142034549,https://www.inaturalist.org/photos/30942811,green leaves,machine
iNaturalist,Euonymus americanus,green leaves present,Celastraceae,2009,144,35.6507255468,-78.928021251,https://www.inaturalist.org/observations/01309f6f-8f71-4ade-9938-f434adb66776,01309f6f-8f71-4ade-9938-f434adb66776,Euonymus,2009-05-24,2116455,271,10.57967/hf/5785,0.98125,https://www.inaturalist.org/photos/54346807,green leaves,machine
iNaturalist,Acer campestre,green leaves present,Sapindaceae,2010,192,43.1097875966,1.228004275,https://www.inaturalist.org/observations/0132a9cc-fa87-4eb0-877c-cf15832ba982,0132a9cc-fa87-4eb0-877c-cf15832ba982,Acer,2010-07-11,3618323,25,10.57967/hf/5785,0.9802110817941952,https://www.inaturalist.org/photos/250684292,green leaves,machine
iNaturalist,Robinia pseudoacacia,green leaves present,Fabaceae,2011,152,42.300821,-85.654178,https://www.inaturalist.org/observations/0132d86c-38cc-456e-8c8b-89b19ef98cb3,0132d86c-38cc-456e-8c8b-89b19ef98cb3,Robinia,2011-06-01,267639,45,10.57967/hf/5785,0.9814814814814816,https://www.inaturalist.org/photos/11807151,green leaves,machine
iNaturalist,Amelanchier alnifolia,green leaves present,Rosaceae,2012,119,46.1457362881,-115.696241627,https://www.inaturalist.org/observations/01337637-1909-4c33-8c4b-e9d88c492d32,01337637-1909-4c33-8c4b-e9d88c492d32,Amelanchier,2012-04-28,4311882,10000,10.57967/hf/5785,0.9869934967483742,https://www.inaturalist.org/photos/158749919,green leaves,machine
iNaturalist,Sambucus cerulea,green leaves present,Viburnaceae,2011,291,48.7606393977,-123.6875431534,https://www.inaturalist.org/observations/013742f2-c405-4e65-a610-ab209357c39a,013742f2-c405-4e65-a610-ab209357c39a,Sambucus,2011-10-18,46945,31,10.57967/hf/5785,0.980806142034549,https://www.inaturalist.org/photos/59089567,green leaves,machine
iNaturalist,Viburnum lentago,green leaves present,Viburnaceae,2012,133,44.742984,-79.657747,https://www.inaturalist.org/observations/013876b3-4550-42fd-8c20-dfdc916e54da,013876b3-4550-42fd-8c20-dfdc916e54da,Viburnum,2012-05-12,533871,457,10.57967/hf/5785,0.980806142034549,https://www.inaturalist.org/photos/94600291,green leaves,machine
iNaturalist,Salix alba,green leaves present,Salicaceae,2007,199,54.98553607,73.3533108709,https://www.inaturalist.org/observations/013d0814-e591-4ca9-a1c9-db804e5863b0,013d0814-e591-4ca9-a1c9-db804e5863b0,Salix,2007-07-18,2511740,500,10.57967/hf/5785,0.9788867562380038,https://www.inaturalist.org/photos/182049267,green leaves,machine
iNaturalist,Amelanchier ovalis,green leaves present,Rosaceae,2011,188,46.2871615967,14.5633219365,https://www.inaturalist.org/observations/013edc6f-a631-4217-a72c-7b27194e79f3,013edc6f-a631-4217-a72c-7b27194e79f3,Amelanchier,2011-07-07,4183373,15,10.57967/hf/5785,0.9869934967483742,https://www.inaturalist.org/photos/119798470,green leaves,machine
iNaturalist,Tilia platyphyllos,green leaves present,Malvaceae,1996,316,43.147438,-4.914051,https://www.inaturalist.org/observations/013fbd6d-c4b3-4a2e-90dc-38497b980ea0,013fbd6d-c4b3-4a2e-90dc-38497b980ea0,Tilia,1996-11-11,63379,789,10.57967/hf/5785,0.9938271604938272,https://www.inaturalist.org/photos/14527017,green leaves,machine
iNaturalist,Cotinus coggygria,green leaves present,Anacardiaceae,2007,140,44.3864198541,12.2856534814,https://www.inaturalist.org/observations/01403777-7e9f-4b49-957c-17bf8bdf59df,01403777-7e9f-4b49-957c-17bf8bdf59df,Cotinus,2007-05-20,46756,15625,10.57967/hf/5785,0.980719794344473,https://www.inaturalist.org/photos/29096218,green leaves,machine
iNaturalist,Quercus rubra,green leaves present,Fagaceae,2011,167,43.643158,-72.410981,https://www.inaturalist.org/observations/0140d458-5273-4b01-bda5-2474a6ce561f,0140d458-5273-4b01-bda5-2474a6ce561f,Quercus,2011-06-16,2179,300,10.57967/hf/5785,0.9927089175546832,https://www.inaturalist.org/photos/1561402,green leaves,machine
iNaturalist,Acer pensylvanicum,green leaves present,Sapindaceae,2011,209,44.4804649353,-73.1813354492,https://www.inaturalist.org/observations/0141165f-3ddc-4033-aa9f-2199750e5931,0141165f-3ddc-4033-aa9f-2199750e5931,Acer,2011-07-28,2179,100,10.57967/hf/5785,0.9802110817941952,https://www.inaturalist.org/photos/47153,green leaves,machine
iNaturalist,Quercus rotundifolia,green leaves present,Fagaceae,2009,346,40.4006943516,-4.2526960373,https://www.inaturalist.org/observations/0142d28f-1418-41fe-bdc4-5e7087d6f49f,0142d28f-1418-41fe-bdc4-5e7087d6f49f,Quercus,2009-12-12,1978464,NA,10.57967/hf/5785,0.9927089175546832,https://www.inaturalist.org/photos/91098630,green leaves,machine
iNaturalist,Rubus chamaemorus,green leaves present,Rosaceae,2010,165,53.79713058,25.44333076,https://www.inaturalist.org/observations/01430365-c5c8-4695-ae2e-f6b71811cbe5,01430365-c5c8-4695-ae2e-f6b71811cbe5,Rubus,2010-06-14,3078427,NA,10.57967/hf/5785,0.9869934967483742,https://www.inaturalist.org/photos/75708531,green leaves,machine
iNaturalist,Diospyros salicifolia,green leaves present,Ebenaceae,2009,83,18.3283820724,-88.1836283796,https://www.inaturalist.org/observations/01439f4d-0784-4817-9fbf-439774839838,01439f4d-0784-4817-9fbf-439774839838,Diospyros,2009-03-24,1438699,61,10.57967/hf/5785,0.9945652173913044,https://www.inaturalist.org/photos/51821937,green leaves,machine
iNaturalist,Rubus swinhoei,green leaves present,Rosaceae,2011,165,25.1103611111,121.58625,https://www.inaturalist.org/observations/014525ec-e3d9-4654-98c6-9214778a25eb,014525ec-e3d9-4654-98c6-9214778a25eb,Rubus,2011-06-14,5114099,NA,10.57967/hf/5785,0.9869934967483742,https://www.inaturalist.org/photos/187478090,green leaves,machine
iNaturalist,Rubus idaeus strigosus,green leaves present,Rosaceae,2010,188,41.8401370807,-88.0757403374,https://www.inaturalist.org/observations/01466baf-2492-42a3-beaf-9c1179bf29c0,01466baf-2492-42a3-beaf-9c1179bf29c0,Rubus,2010-07-07,118471,31,10.57967/hf/5785,0.9869934967483742,https://www.inaturalist.org/photos/65297925,green leaves,machine
iNaturalist,Rubus rolfei,green leaves present,Rosaceae,2003,242,24.4279553653,121.0169190642,https://www.inaturalist.org/observations/01467024-0166-4824-bdf0-b222d92a066d,01467024-0166-4824-bdf0-b222d92a066d,Rubus,2003-08-30,5602214,30069,10.57967/hf/5785,0.9869934967483742,https://www.inaturalist.org/photos/229056415,green leaves,machine
iNaturalist,Prunus cerasifera,green leaves present,Rosaceae,2009,117,50.4150750636,30.560240338,https://www.inaturalist.org/observations/014cb4d4-570b-46c6-b585-e1c8778fffe5,014cb4d4-570b-46c6-b585-e1c8778fffe5,Prunus,2009-04-27,3845806,31,10.57967/hf/5785,0.9869934967483742,https://www.inaturalist.org/photos/179535110,green leaves,machine
iNaturalist,Fagus orientalis,green leaves present,Fagaceae,2009,272,41.1869501322,28.9894540403,https://www.inaturalist.org/observations/014cfe55-0ec9-4cde-8dd7-dc8efc5b2ff4,014cfe55-0ec9-4cde-8dd7-dc8efc5b2ff4,Fagus,2009-09-29,4766419,488,10.57967/hf/5785,0.9927089175546832,https://www.inaturalist.org/photos/354047730,green leaves,machine
iNaturalist,Liquidambar styraciflua,green leaves present,Altingiaceae,2006,161,29.705,-82.387,https://www.inaturalist.org/observations/014e36b4-269b-46eb-b279-d683bb21234c,014e36b4-269b-46eb-b279-d683bb21234c,Liquidambar,2006-06-10,574531,NA,10.57967/hf/5785,0.9787234042553192,https://www.inaturalist.org/photos/175451460,green leaves,machine
iNaturalist,Cornus sericea,green leaves present,Cornaceae,2010,181,45.6296935407,-121.8525112761,https://www.inaturalist.org/observations/014fb203-53b0-4829-a145-fdd32dd05c7c,014fb203-53b0-4829-a145-fdd32dd05c7c,Cornus,2010-06-30,4348831,27126,10.57967/hf/5785,0.97435897435897445,https://www.inaturalist.org/photos/326752713,green leaves,machine
iNaturalist,Hibiscus marlothianus,green leaves present,Malvaceae,2007,4,-29.1724137027,24.3503045739,https://www.inaturalist.org/observations/0153fc02-22a0-45f2-89ef-a7c848397a4a,0153fc02-22a0-45f2-89ef-a7c848397a4a,Hibiscus,2007-01-04,1653038,30,10.57967/hf/5785,0.9938271604938272,https://www.inaturalist.org/photos/174850171,green leaves,machine
iNaturalist,Zanthoxylum ailanthoides,green leaves present,Rutaceae,2011,340,25.1657892906,121.490038194,https://www.inaturalist.org/observations/0154c7a8-939c-43d4-8256-961a9b912c68,0154c7a8-939c-43d4-8256-961a9b912c68,Zanthoxylum,2011-12-06,5114099,15,10.57967/hf/5785,1,https://www.inaturalist.org/photos/171418363,green leaves,machine
iNaturalist,Rhododendron catawbiense,green leaves present,Ericaceae,2012,148,35.704738999999996,-82.374587,https://www.inaturalist.org/observations/015526d5-5f2f-4143-a38b-71d268a939e3,015526d5-5f2f-4143-a38b-71d268a939e3,Rhododendron,2012-05-27,2229996,NA,10.57967/hf/5785,0.978125,https://www.inaturalist.org/photos/53351830,green leaves,machine
iNaturalist,Rhus copallinum,green leaves present,Anacardiaceae,2010,229,30.2831392582,-84.3696225588,https://www.inaturalist.org/observations/0155ab2a-aafa-40ce-8817-62720e90b586,0155ab2a-aafa-40ce-8817-62720e90b586,Rhus,2010-08-17,4348831,29382,10.57967/hf/5785,0.980719794344473,https://www.inaturalist.org/photos/327310789,green leaves,machine
iNaturalist,Fraxinus pennsylvanica,green leaves present,Oleaceae,2010,168,51.1770696214,37.6244616523,https://www.inaturalist.org/observations/015734e8-0fe5-4c86-8c22-18a1ea9b69ed,015734e8-0fe5-4c86-8c22-18a1ea9b69ed,Fraxinus,2010-06-17,1917127,39,10.57967/hf/5785,0.9937888198757764,https://www.inaturalist.org/photos/67286735,green leaves,machine
iNaturalist,Prunus padus,green leaves present,Rosaceae,2007,139,56.1532281179,41.2568263959,https://www.inaturalist.org/observations/01579876-fd7c-4652-8a38-22c4f660c547,01579876-fd7c-4652-8a38-22c4f660c547,Prunus,2007-05-19,725071,400,10.57967/hf/5785,0.9869934967483742,https://www.inaturalist.org/photos/30587905,green leaves,machine
iNaturalist,Frangula alnus,green leaves present,Rhamnaceae,1984,173,41.2234153531,-81.4790330202,https://www.inaturalist.org/observations/015820d7-04a8-4b98-a9ba-006e8a598e92,015820d7-04a8-4b98-a9ba-006e8a598e92,Frangula,1984-06-21,182332,27816,10.57967/hf/5785,0.9925742574257426,https://www.inaturalist.org/photos/192764292,green leaves,machine
iNaturalist,Sambucus racemosa,green leaves present,Viburnaceae,2009,178,51.3625,10.071389,https://www.inaturalist.org/observations/0158511a-b22d-4e29-b46e-e1f9936e4345,0158511a-b22d-4e29-b46e-e1f9936e4345,Sambucus,2009-06-27,4738061,5000,10.57967/hf/5785,0.980806142034549,https://www.inaturalist.org/photos/153116413,green leaves,machine
iNaturalist,Quercus grisea,green leaves present,Fagaceae,2012,327,24.2825,-104.818333,https://www.inaturalist.org/observations/01592934-da68-4b0e-b84e-f2b398b4a3cc,01592934-da68-4b0e-b84e-f2b398b4a3cc,Quercus,2012-11-22,85158,NA,10.57967/hf/5785,0.9927089175546832,https://www.inaturalist.org/photos/4614516,green leaves,machine
iNaturalist,Physocarpus opulifolius,green leaves present,Rosaceae,2006,166,41.1777984437,-81.4294644993,https://www.inaturalist.org/observations/015c379b-21e1-4f8d-b1f7-c0b733bc95a5,015c379b-21e1-4f8d-b1f7-c0b733bc95a5,Physocarpus,2006-06-15,8669,27847,10.57967/hf/5785,0.9869934967483742,https://www.inaturalist.org/photos/68301141,green leaves,machine
iNaturalist,Cormus domestica,green leaves present,Rosaceae,2011,294,50.0547345315,7.7862301469,https://www.inaturalist.org/observations/015cd86f-76df-42ab-ae5e-85f5022828ab,015cd86f-76df-42ab-ae5e-85f5022828ab,Cormus,2011-10-21,5517967,16,10.57967/hf/5785,0.9869934967483742,https://www.inaturalist.org/photos/238621417,green leaves,machine
iNaturalist,Cercis canadensis,breaking buds present,Fabaceae,1991,75,30.5958807065,-95.7584194396,https://www.inaturalist.org/observations/0162f0ce-1fb1-4c2e-bf16-69b29f2770c5,0162f0ce-1fb1-4c2e-bf16-69b29f2770c5,Cercis,1991-03-16,380122,7,10.57967/hf/5785,1,https://www.inaturalist.org/photos/113118449,breaking buds,machine
iNaturalist,Quercus rotundifolia,green leaves present,Fagaceae,2008,103,40.1268011602,-3.3418446779,https://www.inaturalist.org/observations/016457a9-ae00-42a4-aca8-84938c74ec78,016457a9-ae00-42a4-aca8-84938c74ec78,Quercus,2008-04-12,1978464,NA,10.57967/hf/5785,0.9927089175546832,https://www.inaturalist.org/photos/70153418,green leaves,machine
iNaturalist,Ailanthus excelsa,green leaves present,Simaroubaceae,2011,184,12.1587555289,76.5385705876,https://www.inaturalist.org/observations/016473b8-2813-4cf0-9c95-2d296730a6ce,016473b8-2813-4cf0-9c95-2d296730a6ce,Ailanthus,2011-07-03,3499217,31,10.57967/hf/5785,0.9912280701754386,https://www.inaturalist.org/photos/141120771,green leaves,machine
iNaturalist,Salix alba,green leaves present,Salicaceae,2005,177,54.9691389957,73.3783074321,https://www.inaturalist.org/observations/016655e5-eb25-489f-8a32-9fa9d7c001c1,016655e5-eb25-489f-8a32-9fa9d7c001c1,Salix,2005-06-26,2511740,90,10.57967/hf/5785,0.9788867562380038,https://www.inaturalist.org/photos/182275697,green leaves,machine
iNaturalist,Sambucus cerulea,green leaves present,Viburnaceae,2009,127,34.29292425,-118.2382553056,https://www.inaturalist.org/observations/0167219a-c236-49c7-ab2b-94b00539de02,0167219a-c236-49c7-ab2b-94b00539de02,Sambucus,2009-05-07,3635846,NA,10.57967/hf/5785,0.980806142034549,https://www.inaturalist.org/photos/101323848,green leaves,machine
iNaturalist,Rubus spectabilis,green leaves present,Rosaceae,2003,268,57.056359242,-135.3273376642,https://www.inaturalist.org/observations/0167a155-10c8-46bc-aecc-bab3f49aa832,0167a155-10c8-46bc-aecc-bab3f49aa832,Rubus,2003-09-25,14812,170,10.57967/hf/5785,0.9869934967483742,https://www.inaturalist.org/photos/6913108,green leaves,machine
iNaturalist,Acer saccharum,colored leaves present,Sapindaceae,2010,286,45.4528556249,-73.2667626141,https://www.inaturalist.org/observations/0169214e-89d2-4a09-8ab7-5ed707d3b380,0169214e-89d2-4a09-8ab7-5ed707d3b380,Acer,2010-10-13,2463161,3,10.57967/hf/5785,0.9909784871616932,https://www.inaturalist.org/photos/338144400,colored leaves,machine
iNaturalist,Sambucus racemosa,green leaves present,Viburnaceae,2009,188,38.6735898398,-120.01587791,https://www.inaturalist.org/observations/01692db6-9e22-4646-8042-c44ab3b58255,01692db6-9e22-4646-8042-c44ab3b58255,Sambucus,2009-07-07,427781,61,10.57967/hf/5785,0.980806142034549,https://www.inaturalist.org/photos/256255630,green leaves,machine
iNaturalist,Populus tremuloides,colored leaves present,Salicaceae,2010,268,49.792055556,-119.3115555556,https://www.inaturalist.org/observations/016bea2e-41e4-4cf3-8327-5afee456a7ec,016bea2e-41e4-4cf3-8327-5afee456a7ec,Populus,2010-09-25,3181,20,10.57967/hf/5785,0.9864077669902912,https://www.inaturalist.org/photos/341347032,colored leaves,machine
iNaturalist,Corylus americana,green leaves present,Betulaceae,2011,212,41.1695269,-75.877419,https://www.inaturalist.org/observations/016c34d3-3fed-4e6f-8875-0e8c6b750936,016c34d3-3fed-4e6f-8875-0e8c6b750936,Corylus,2011-07-31,1699432,5632,10.57967/hf/5785,0.9836956521739132,https://www.inaturalist.org/photos/251890013,green leaves,machine
iNaturalist,Acer campestre,green leaves present,Sapindaceae,2007,196,52.1810805467,35.3508441543,https://www.inaturalist.org/observations/016cea73-6472-4418-a0ad-1297ba23dcfb,016cea73-6472-4418-a0ad-1297ba23dcfb,Acer,2007-07-15,1917127,526,10.57967/hf/5785,0.9802110817941952,https://www.inaturalist.org/photos/61284273,green leaves,machine
iNaturalist,Ficus carica,green leaves present,Moraceae,2006,260,39.4413784555,23.1359687249,https://www.inaturalist.org/observations/016edd3e-48de-47a6-ab99-5224c4f20b5d,016edd3e-48de-47a6-ab99-5224c4f20b5d,Ficus,2006-09-17,2651721,122,10.57967/hf/5785,1,https://www.inaturalist.org/photos/243324951,green leaves,machine
iNaturalist,Populus fremontii,green leaves present,Salicaceae,2010,148,37.2627923536,-109.6160231736,https://www.inaturalist.org/observations/0170fa02-e032-4490-b221-790157732c73,0170fa02-e032-4490-b221-790157732c73,Populus,2010-05-28,106692,977,10.57967/hf/5785,0.9788867562380038,https://www.inaturalist.org/photos/243931368,green leaves,machine
iNaturalist,Sambucus canadensis,green leaves present,Viburnaceae,2010,151,28.519326687,-80.871132766,https://www.inaturalist.org/observations/017230d2-0d02-49d3-9743-66f1e4b2da83,017230d2-0d02-49d3-9743-66f1e4b2da83,Sambucus,2010-05-31,4348831,29607,10.57967/hf/5785,0.980806142034549,https://www.inaturalist.org/photos/326742927,green leaves,machine
iNaturalist,Aesculus glabra,green leaves present,Sapindaceae,2010,208,43.627549741,-79.3913018244,https://www.inaturalist.org/observations/01753bfa-90f7-41e2-881b-01bc35d6ce8f,01753bfa-90f7-41e2-881b-01bc35d6ce8f,Aesculus,2010-07-27,540873,8,10.57967/hf/5785,0.9802110817941952,https://www.inaturalist.org/photos/68143334,green leaves,machine
iNaturalist,Berberis empetrifolia,green leaves present,Berberidaceae,1994,82,-39.4170621833,-71.8047806456,https://www.inaturalist.org/observations/0175da38-0c55-4df1-8563-805edf0a8230,0175da38-0c55-4df1-8563-805edf0a8230,Berberis,1994-03-23,7194606,NA,10.57967/hf/5785,0.9791044776119404,https://www.inaturalist.org/photos/329012260,green leaves,machine
iNaturalist,Populus tremuloides,green leaves present,Salicaceae,2003,153,63.1148002,-151.1926058,https://www.inaturalist.org/observations/0178a4b9-c12e-4073-807d-ce9e8644b92e,0178a4b9-c12e-4073-807d-ce9e8644b92e,Populus,2003-06-02,2132783,199405,10.57967/hf/5785,0.9788867562380038,https://www.inaturalist.org/photos/178505949,green leaves,machine
iNaturalist,Pyrus communis,green leaves present,Rosaceae,2010,133,49.1361144509,31.8444740191,https://www.inaturalist.org/observations/01799f44-1066-44b8-acc7-4df0c1715df9,01799f44-1066-44b8-acc7-4df0c1715df9,Pyrus,2010-05-13,3334393,4,10.57967/hf/5785,0.9869934967483742,https://www.inaturalist.org/photos/112465933,green leaves,machine
iNaturalist,Carya illinoinensis,green leaves present,Juglandaceae,2007,44,30.2504546033,-97.7957010269,https://www.inaturalist.org/observations/017a3e03-ca9c-4174-b99e-888c8e4580ba,017a3e03-ca9c-4174-b99e-888c8e4580ba,Carya,2007-02-13,402093,61,10.57967/hf/5785,0.9891304347826086,https://www.inaturalist.org/photos/7551048,green leaves,machine
iNaturalist,Cercis canadensis,breaking buds present,Fabaceae,2010,80,31.1864788355,-84.7355778635,https://www.inaturalist.org/observations/017b8b4e-2ff2-42e2-a268-58abf6661391,017b8b4e-2ff2-42e2-a268-58abf6661391,Cercis,2010-03-21,4348831,29278,10.57967/hf/5785,1,https://www.inaturalist.org/photos/326199465,breaking buds,machine
iNaturalist,Daphne mezereum,green leaves present,Thymelaeaceae,2010,151,54.8858778827,83.0877963914,https://www.inaturalist.org/observations/017c1031-8ea9-4c39-a77e-017190c69e86,017c1031-8ea9-4c39-a77e-017190c69e86,Daphne,2010-05-31,2511740,300,10.57967/hf/5785,1,https://www.inaturalist.org/photos/116938469,green leaves,machine
iNaturalist,Quercus petraea,green leaves present,Fagaceae,2009,192,41.124104,-3.577973,https://www.inaturalist.org/observations/017d6419-367d-4573-9553-59ab9dbc584e,017d6419-367d-4573-9553-59ab9dbc584e,Quercus,2009-07-11,4303576,200,10.57967/hf/5785,0.9927089175546832,https://www.inaturalist.org/photos/172461197,green leaves,machine
iNaturalist,Quercus montana,green leaves present,Fagaceae,2011,196,43.9947662354,-73.0958404541,https://www.inaturalist.org/observations/017faa36-f04c-47c3-aac3-abd6a32b971f,017faa36-f04c-47c3-aac3-abd6a32b971f,Quercus,2011-07-15,2179,10,10.57967/hf/5785,0.9927089175546832,https://www.inaturalist.org/photos/45195,green leaves,machine
iNaturalist,Populus deltoides,green leaves present,Salicaceae,2012,252,45.0166196,-93.1261312,https://www.inaturalist.org/observations/0182078c-dc3c-4f1d-9f38-d50de8edb7c8,0182078c-dc3c-4f1d-9f38-d50de8edb7c8,Populus,2012-09-08,9051,1533,10.57967/hf/5785,0.9788867562380038,https://www.inaturalist.org/photos/175480,green leaves,machine
iNaturalist,Populus suaveolens,green leaves present,Salicaceae,2011,174,55.685531363,160.2180181258,https://www.inaturalist.org/observations/01823fa5-77a1-4985-8b09-885814725240,01823fa5-77a1-4985-8b09-885814725240,Populus,2011-06-23,4338748,228,10.57967/hf/5785,0.9788867562380038,https://www.inaturalist.org/photos/157885263,green leaves,machine
iNaturalist,Rubus armeniacus,green leaves present,Rosaceae,2012,265,41.3234442133,-124.0434030264,https://www.inaturalist.org/observations/01826183-537b-41ae-a8e3-a32b6b03d4fb,01826183-537b-41ae-a8e3-a32b6b03d4fb,Rubus,2012-09-21,10326,NA,10.57967/hf/5785,0.9869934967483742,https://www.inaturalist.org/photos/52075710,green leaves,machine
iNaturalist,Sorbus aucuparia,green leaves present,Rosaceae,2006,164,63.8703925259,23.0911874168,https://www.inaturalist.org/observations/01848409-b11e-41ac-94f8-a413f5526780,01848409-b11e-41ac-94f8-a413f5526780,Sorbus,2006-06-13,3324356,31,10.57967/hf/5785,0.9869934967483742,https://www.inaturalist.org/photos/113859986,green leaves,machine
iNaturalist,Smilax rotundifolia,green leaves present,Smilacaceae,2008,158,34.9735677654,-87.6117116379,https://www.inaturalist.org/observations/0184fce3-b1b1-44c5-a2f4-99cb8b5b73bd,0184fce3-b1b1-44c5-a2f4-99cb8b5b73bd,Smilax,2008-06-06,643751,77,10.57967/hf/5785,0.9558823529411764,https://www.inaturalist.org/photos/104092080,green leaves,machine
iNaturalist,Lonicera hispidula,green leaves present,Caprifoliaceae,2010,157,38.4366147,-122.5126647,https://www.inaturalist.org/observations/0184fe44-46dc-42e2-ac21-16c37c23654a,0184fe44-46dc-42e2-ac21-16c37c23654a,Lonicera,2010-06-06,134576,NA,10.57967/hf/5785,0.996492985971944,https://www.inaturalist.org/photos/5408592,green leaves,machine
iNaturalist,Lonicera japonica,green leaves present,Caprifoliaceae,2012,246,39.0148233333,-77.9628866667,https://www.inaturalist.org/observations/01858c20-4115-4c48-974b-ddb0b51b4109,01858c20-4115-4c48-974b-ddb0b51b4109,Lonicera,2012-09-02,13284,NA,10.57967/hf/5785,0.996492985971944,https://www.inaturalist.org/photos/112061886,green leaves,machine
iNaturalist,Clematis recta,green leaves present,Ranunculaceae,2009,147,50.8205485044,27.0718507088,https://www.inaturalist.org/observations/0185bd52-f62b-4b0e-8174-94add99e75a6,0185bd52-f62b-4b0e-8174-94add99e75a6,Clematis,2009-05-27,2826522,61,10.57967/hf/5785,0.9668508287292816,https://www.inaturalist.org/photos/78292569,green leaves,machine
iNaturalist,Hibiscus tiliaceus,green leaves present,Malvaceae,2005,114,27.6248453062,-82.7109781436,https://www.inaturalist.org/observations/01863c9b-f7fa-4c8f-8604-06f497e2160b,01863c9b-f7fa-4c8f-8604-06f497e2160b,Hibiscus,2005-04-24,4348831,549,10.57967/hf/5785,0.9938271604938272,https://www.inaturalist.org/photos/255223660,green leaves,machine
iNaturalist,Quercus wislizeni,green leaves present,Fagaceae,2011,176,36.490694,-121.188484,https://www.inaturalist.org/observations/0186ac41-d792-406c-ba93-d32f51879a84,0186ac41-d792-406c-ba93-d32f51879a84,Quercus,2011-06-25,1,28534,10.57967/hf/5785,0.9927089175546832,https://www.inaturalist.org/photos/41447,green leaves,machine
iNaturalist,Rhododendron rubropilosum,green leaves present,Ericaceae,2009,136,24.1210483543,121.269040141,https://www.inaturalist.org/observations/01875a88-638d-4e7d-9ba5-229e67fdbd75,01875a88-638d-4e7d-9ba5-229e67fdbd75,Rhododendron,2009-05-16,390749,104,10.57967/hf/5785,0.978125,https://www.inaturalist.org/photos/29646493,green leaves,machine
iNaturalist,Daphne mezereum,green leaves present,Thymelaeaceae,2009,234,55.4571672273,46.4480393047,https://www.inaturalist.org/observations/0188c68b-3a32-47db-aa9b-522005256f62,0188c68b-3a32-47db-aa9b-522005256f62,Daphne,2009-08-22,1363782,8,10.57967/hf/5785,1,https://www.inaturalist.org/photos/28938036,green leaves,machine
iNaturalist,Fagus grandifolia,green leaves present,Fagaceae,2012,193,45.4947356514,-75.928986256,https://www.inaturalist.org/observations/01897b5f-8093-4269-962c-9553d4248e6c,01897b5f-8093-4269-962c-9553d4248e6c,Fagus,2012-07-11,4348831,27158,10.57967/hf/5785,0.9927089175546832,https://www.inaturalist.org/photos/338742078,green leaves,machine
iNaturalist,Betula pendula,green leaves present,Betulaceae,2006,213,54.9829915423,83.0558077488,https://www.inaturalist.org/observations/018e1f12-da0d-471f-825a-d58feaac4238,018e1f12-da0d-471f-825a-d58feaac4238,Betula,2006-08-01,2511740,75,10.57967/hf/5785,0.9836956521739132,https://www.inaturalist.org/photos/134738809,green leaves,machine
iNaturalist,Staphylea trifolia,green leaves present,Staphyleaceae,2006,163,40.5323037297,-76.9671455195,https://www.inaturalist.org/observations/018eb6c0-8698-4cae-9a1d-7c3f4413f47a,018eb6c0-8698-4cae-9a1d-7c3f4413f47a,Staphylea,2006-06-12,2314882,63,10.57967/hf/5785,1,https://www.inaturalist.org/photos/271998417,green leaves,machine
iNaturalist,Rhododendron japonicum,green leaves present,Ericaceae,2010,179,36.1076372644,138.1963090056,https://www.inaturalist.org/observations/0196518c-fb8e-4da1-8cbe-8f2b641e0d12,0196518c-fb8e-4da1-8cbe-8f2b641e0d12,Rhododendron,2010-06-28,2400612,31,10.57967/hf/5785,0.978125,https://www.inaturalist.org/photos/139678553,green leaves,machine
iNaturalist,Fallugia paradoxa,green leaves present,Rosaceae,2005,150,36.861891,-112.740765,https://www.inaturalist.org/observations/0198c9ff-9dc9-4b85-b77e-76a2285e8745,0198c9ff-9dc9-4b85-b77e-76a2285e8745,Fallugia,2005-05-30,37587,NA,10.57967/hf/5785,0.9869934967483742,https://www.inaturalist.org/photos/3072826,green leaves,machine
iNaturalist,Alnus alnobetula fruticosa,green leaves present,Betulaceae,2012,202,72.72689,101.08404,https://www.inaturalist.org/observations/01994fb0-11aa-45e0-9cba-fadfe6392f10,01994fb0-11aa-45e0-9cba-fadfe6392f10,Alnus,2012-07-20,1426686,100,10.57967/hf/5785,0.9836956521739132,https://www.inaturalist.org/photos/112880760,green leaves,machine
iNaturalist,Cornus canadensis,green leaves present,Cornaceae,2007,167,45.5626284711,-78.6009657037,https://www.inaturalist.org/observations/019a72a5-0dd4-4f18-9c94-059c5aa108c3,019a72a5-0dd4-4f18-9c94-059c5aa108c3,Cornus,2007-06-16,2185068,1901,10.57967/hf/5785,0.97435897435897445,https://www.inaturalist.org/photos/211218093,green leaves,machine
iNaturalist,Daphne mezereum,green leaves present,Thymelaeaceae,2012,124,42.9771347222,-76.3941733333,https://www.inaturalist.org/observations/019af5ab-374f-4094-a205-9095f29219e4,019af5ab-374f-4094-a205-9095f29219e4,Daphne,2012-05-03,224113,NA,10.57967/hf/5785,1,https://www.inaturalist.org/photos/29956439,green leaves,machine
iNaturalist,Rubus chamaemorus,green leaves present,Rosaceae,2004,1,66.5001684571,33.2701003189,https://www.inaturalist.org/observations/019b4cef-0993-46a5-a065-30feae23049d,019b4cef-0993-46a5-a065-30feae23049d,Rubus,2004-01-01,1109638,244,10.57967/hf/5785,0.9869934967483742,https://www.inaturalist.org/photos/222999004,green leaves,machine
iNaturalist,Rubus arcticus,green leaves present,Rosaceae,2008,192,51.2640389702,114.0170690845,https://www.inaturalist.org/observations/019bd5ee-dcfc-48ca-bfdd-e121cd4caab8,019bd5ee-dcfc-48ca-bfdd-e121cd4caab8,Rubus,2008-07-10,3997065,61,10.57967/hf/5785,0.9869934967483742,https://www.inaturalist.org/photos/111945176,green leaves,machine
iNaturalist,Ulmus americana,green leaves present,Ulmaceae,2012,166,42.390829,-71.155484,https://www.inaturalist.org/observations/019df5a5-e994-4f25-aa91-7425a1acf79e,019df5a5-e994-4f25-aa91-7425a1acf79e,Ulmus,2012-06-14,263,5,10.57967/hf/5785,0.9722222222222222,https://www.inaturalist.org/photos/133448,green leaves,machine
iNaturalist,Pistacia terebinthus,green leaves present,Anacardiaceae,2009,255,37.165093,37.190886,https://www.inaturalist.org/observations/019edb38-e674-4bc4-a656-2a113771f377,019edb38-e674-4bc4-a656-2a113771f377,Pistacia,2009-09-12,2533480,1728,10.57967/hf/5785,0.980719794344473,https://www.inaturalist.org/photos/60030696,green leaves,machine
iNaturalist,Cornus sericea,green leaves present,Cornaceae,2008,283,49.2672565576,-124.1956120497,https://www.inaturalist.org/observations/019ef5b6-f47e-4dc5-add5-61961ebdc59b,019ef5b6-f47e-4dc5-add5-61961ebdc59b,Cornus,2008-10-09,580296,4,10.57967/hf/5785,0.97435897435897445,https://www.inaturalist.org/photos/189481879,green leaves,machine
iNaturalist,Prunus virginiana,green leaves present,Rosaceae,2008,157,44.6869242903,-79.0582464968,https://www.inaturalist.org/observations/01a0854e-8a3a-4589-aa7b-713cc29e7883,01a0854e-8a3a-4589-aa7b-713cc29e7883,Prunus,2008-06-05,438994,15,10.57967/hf/5785,0.9869934967483742,https://www.inaturalist.org/photos/31192222,green leaves,machine
iNaturalist,Viburnum edule,colored leaves present,Viburnaceae,2006,255,59.4001515011,-135.9946865235,https://www.inaturalist.org/observations/01a166f0-4afe-47eb-88bd-776967a99bc6,01a166f0-4afe-47eb-88bd-776967a99bc6,Viburnum,2006-09-12,3391608,244,10.57967/hf/5785,0.9940828402366864,https://www.inaturalist.org/photos/112603484,colored leaves,machine
iNaturalist,Acer spicatum,green leaves present,Sapindaceae,2007,165,47.7560983347,-69.9480837947,https://www.inaturalist.org/observations/01a55e55-f316-4ff5-a56c-34576f7457c9,01a55e55-f316-4ff5-a56c-34576f7457c9,Acer,2007-06-14,1926371,269,10.57967/hf/5785,0.9802110817941952,https://www.inaturalist.org/photos/43503727,green leaves,machine
iNaturalist,Tilia americana,green leaves present,Malvaceae,2010,171,42.787213,-73.797998,https://www.inaturalist.org/observations/01a631c8-2485-4745-8259-fee3e195e9d6,01a631c8-2485-4745-8259-fee3e195e9d6,Tilia,2010-06-20,40107,NA,10.57967/hf/5785,0.9938271604938272,https://www.inaturalist.org/photos/2183318,green leaves,machine
iNaturalist,Alnus maritima georgiensis,green leaves present,Betulaceae,2011,315,34.1182585698,-84.8375437539,https://www.inaturalist.org/observations/01a89a18-c736-45f4-8792-1238c60be8c4,01a89a18-c736-45f4-8792-1238c60be8c4,Alnus,2011-11-11,2118269,28874,10.57967/hf/5785,0.9836956521739132,https://www.inaturalist.org/photos/349136245,green leaves,machine
iNaturalist,Acer macrophyllum,green leaves present,Sapindaceae,2011,172,47.6192443853,-122.3600463509,https://www.inaturalist.org/observations/01a94b77-faae-455a-8e94-91e820b7bf1d,01a94b77-faae-455a-8e94-91e820b7bf1d,Acer,2011-06-21,4348831,26807,10.57967/hf/5785,0.9802110817941952,https://www.inaturalist.org/photos/331355798,green leaves,machine
iNaturalist,Lonicera japonica,green leaves present,Caprifoliaceae,2012,260,37.9209153847,-122.6907399363,https://www.inaturalist.org/observations/01aa7204-4fc2-4d3f-8a8b-df4de17a0f12,01aa7204-4fc2-4d3f-8a8b-df4de17a0f12,Lonicera,2012-09-16,462,NA,10.57967/hf/5785,0.996492985971944,https://www.inaturalist.org/photos/177150,green leaves,machine
iNaturalist,Vaccinium oxycoccos,green leaves present,Ericaceae,2012,266,57.1848699485,85.9060961008,https://www.inaturalist.org/observations/01aa764a-e8e0-44de-8c85-026f30dc4135,01aa764a-e8e0-44de-8c85-026f30dc4135,Vaccinium,2012-09-22,1308042,14,10.57967/hf/5785,0.978125,https://www.inaturalist.org/photos/31344315,green leaves,machine
iNaturalist,Prunus armeniaca,green leaves present,Rosaceae,2009,159,51.7917296329,39.2724109493,https://www.inaturalist.org/observations/01ab4013-27e1-451b-a6c2-b3cd25aed29f,01ab4013-27e1-451b-a6c2-b3cd25aed29f,Prunus,2009-06-08,1420575,200,10.57967/hf/5785,0.9869934967483742,https://www.inaturalist.org/photos/31142633,green leaves,machine
iNaturalist,Laburnum alpinum,green leaves present,Fabaceae,1986,121,44.5633696592,9.1173589354,https://www.inaturalist.org/observations/01ac97e3-00e0-45ff-8e7f-ed9e87961454,01ac97e3-00e0-45ff-8e7f-ed9e87961454,Laburnum,1986-05-01,2522419,61,10.57967/hf/5785,0.9814814814814816,https://www.inaturalist.org/photos/122912286,green leaves,machine
iNaturalist,Salix exigua,green leaves present,Salicaceae,2006,209,34.011137,-119.690809,https://www.inaturalist.org/observations/01acb177-3f36-4b49-b1a9-5f71dcc79834,01acb177-3f36-4b49-b1a9-5f71dcc79834,Salix,2006-07-28,45595,167,10.57967/hf/5785,0.9788867562380038,https://www.inaturalist.org/photos/1011959,green leaves,machine
iNaturalist,Betula pendula,green leaves present,Betulaceae,2012,165,54.7542386837,43.4012421686,https://www.inaturalist.org/observations/01b0321f-920a-4ccb-9f3d-6d1a818d6921,01b0321f-920a-4ccb-9f3d-6d1a818d6921,Betula,2012-06-13,2587879,45,10.57967/hf/5785,0.9836956521739132,https://www.inaturalist.org/photos/76871714,green leaves,machine
iNaturalist,Ribes sanguineum,green leaves present,Grossulariaceae,2011,72,37.8418197632,-122.192779541,https://www.inaturalist.org/observations/01b07dfd-729d-4a7d-8001-f4cff43da863,01b07dfd-729d-4a7d-8001-f4cff43da863,Ribes,2011-03-13,1,NA,10.57967/hf/5785,0.9775280898876404,https://www.inaturalist.org/photos/25107,green leaves,machine
iNaturalist,Rubus odoratus,green leaves present,Rosaceae,2000,185,41.6958757707,-76.2264228534,https://www.inaturalist.org/observations/01b0a1e8-2bae-488e-93a9-e530337a9217,01b0a1e8-2bae-488e-93a9-e530337a9217,Rubus,2000-07-03,1478338,61,10.57967/hf/5785,0.9869934967483742,https://www.inaturalist.org/photos/51424370,green leaves,machine
iNaturalist,Rhus chinensis roxburghii,green leaves present,Anacardiaceae,2012,74,22.763527,121.035065,https://www.inaturalist.org/observations/01b0c9df-b9f4-4956-a72f-b844713bc18c,01b0c9df-b9f4-4956-a72f-b844713bc18c,Rhus,2012-03-14,6475647,300,10.57967/hf/5785,0.980719794344473,https://www.inaturalist.org/photos/279744506,green leaves,machine
iNaturalist,Sambucus racemosa pubens,green leaves present,Viburnaceae,2010,184,40.65561,-111.66524,https://www.inaturalist.org/observations/01b18285-944d-4afa-af91-efcbcbe0cba5,01b18285-944d-4afa-af91-efcbcbe0cba5,Sambucus,2010-07-03,228090,NA,10.57967/hf/5785,0.980806142034549,https://www.inaturalist.org/photos/261852834,green leaves,machine
iNaturalist,Daphne mezereum,green leaves present,Thymelaeaceae,2009,158,46.9557,16.1589,https://www.inaturalist.org/observations/01b20364-54a5-43fd-b11f-570380d56dbd,01b20364-54a5-43fd-b11f-570380d56dbd,Daphne,2009-06-07,4724645,3000,10.57967/hf/5785,1,https://www.inaturalist.org/photos/172803751,green leaves,machine
iNaturalist,Tilia cordata,green leaves present,Malvaceae,2009,158,55.4902849441,46.3878680482,https://www.inaturalist.org/observations/01b41d40-9ad8-4ce0-9572-38304b2f5424,01b41d40-9ad8-4ce0-9572-38304b2f5424,Tilia,2009-06-07,1363782,4,10.57967/hf/5785,0.9938271604938272,https://www.inaturalist.org/photos/34263646,green leaves,machine
iNaturalist,Daphne mezereum,breaking buds present,Thymelaeaceae,2009,123,42.3753784915,2.2051201997,https://www.inaturalist.org/observations/01b49cdc-bac3-432b-a092-454320143a39,01b49cdc-bac3-432b-a092-454320143a39,Daphne,2009-05-03,3498668,2305,10.57967/hf/5785,1,https://www.inaturalist.org/photos/228548517,breaking buds,machine
iNaturalist,Betula humilis,green leaves present,Betulaceae,2004,166,55.2492310421,25.854699718,https://www.inaturalist.org/observations/01b5489b-6823-49b5-a993-45448c58c2f7,01b5489b-6823-49b5-a993-45448c58c2f7,Betula,2004-06-14,303791,2654,10.57967/hf/5785,0.9836956521739132,https://www.inaturalist.org/photos/352268657,green leaves,machine
iNaturalist,Asimina triloba,green leaves present,Annonaceae,2007,241,39.5144560375,-84.727065621,https://www.inaturalist.org/observations/01bab704-7441-4851-b66c-cbb5b969f502,01bab704-7441-4851-b66c-cbb5b969f502,Asimina,2007-08-29,105431,2,10.57967/hf/5785,0.9867549668874172,https://www.inaturalist.org/photos/29006620,green leaves,machine
iNaturalist,Smilax aspera,green leaves present,Smilacaceae,2004,269,43.5316485515,3.8329721521,https://www.inaturalist.org/observations/01bb5795-fcc0-441e-92a1-45588e5462db,01bb5795-fcc0-441e-92a1-45588e5462db,Smilax,2004-09-25,6305922,488,10.57967/hf/5785,0.9558823529411764,https://www.inaturalist.org/photos/267647399,green leaves,machine
iNaturalist,Daphne mezereum,green leaves present,Thymelaeaceae,2012,226,45.8320570498,11.1018788488,https://www.inaturalist.org/observations/01bbe91a-ba9a-47a4-868f-1981ec4fcd92,01bbe91a-ba9a-47a4-868f-1981ec4fcd92,Daphne,2012-08-13,3351615,61,10.57967/hf/5785,1,https://www.inaturalist.org/photos/123782543,green leaves,machine
iNaturalist,Clematis virginiana,green leaves present,Ranunculaceae,2011,211,44.3884224389,-78.3503342524,https://www.inaturalist.org/observations/01bea082-845c-460c-93ce-c38b2c663b0d,01bea082-845c-460c-93ce-c38b2c663b0d,Clematis,2011-07-30,1106722,4,10.57967/hf/5785,0.9668508287292816,https://www.inaturalist.org/photos/253378091,green leaves,machine
iNaturalist,Ostrya carpinifolia,green leaves present,Betulaceae,2004,272,40.943641,20.791626,https://www.inaturalist.org/observations/01bfc295-2483-4a4d-ba73-71b2d14500cc,01bfc295-2483-4a4d-ba73-71b2d14500cc,Ostrya,2004-09-28,89890,401,10.57967/hf/5785,0.9836956521739132,https://www.inaturalist.org/photos/1758631,green leaves,machine
iNaturalist,Ribes uva-crispa,green leaves present,Grossulariaceae,2008,120,54.2104756367,37.7102949406,https://www.inaturalist.org/observations/01c23be5-fff5-4798-9f2f-a3bd17ef350e,01c23be5-fff5-4798-9f2f-a3bd17ef350e,Ribes,2008-04-29,2523156,61,10.57967/hf/5785,0.9775280898876404,https://www.inaturalist.org/photos/248240460,green leaves,machine
iNaturalist,Sambucus racemosa pubens,green leaves present,Viburnaceae,2009,199,40.6812,-111.64108,https://www.inaturalist.org/observations/01c40026-f98d-4f79-99ef-1e0c8efc0b89,01c40026-f98d-4f79-99ef-1e0c8efc0b89,Sambucus,2009-07-18,228090,NA,10.57967/hf/5785,0.980806142034549,https://www.inaturalist.org/photos/249443930,green leaves,machine
iNaturalist,Sambucus canadensis,green leaves present,Viburnaceae,2010,135,27.9949207683,-82.7298531865,https://www.inaturalist.org/observations/01c7a342-5ee1-40c9-ab17-481c4b46a944,01c7a342-5ee1-40c9-ab17-481c4b46a944,Sambucus,2010-05-15,4348831,29680,10.57967/hf/5785,0.980806142034549,https://www.inaturalist.org/photos/326733557,green leaves,machine
iNaturalist,Rhododendron camtschaticum,breaking buds present,Ericaceae,2009,206,57.0503618782,-135.738784211,https://www.inaturalist.org/observations/01c80d22-611d-41f2-b9e2-b2184533c2c1,01c80d22-611d-41f2-b9e2-b2184533c2c1,Rhododendron,2009-07-25,25990,122,10.57967/hf/5785,0.9955156950672646,https://www.inaturalist.org/photos/110499223,breaking buds,machine
iNaturalist,Rhododendron camtschaticum,green leaves present,Ericaceae,2009,206,57.0503618782,-135.738784211,https://www.inaturalist.org/observations/01c80d22-611d-41f2-b9e2-b2184533c2c1,01c80d22-611d-41f2-b9e2-b2184533c2c1,Rhododendron,2009-07-25,25990,122,10.57967/hf/5785,0.978125,https://www.inaturalist.org/photos/110499223,green leaves,machine
iNaturalist,Rosa rugosa,green leaves present,Rosaceae,2005,156,36.886486,126.195316,https://www.inaturalist.org/observations/01c92b8c-080b-4d23-bdbb-b0f4b8fc71f5,01c92b8c-080b-4d23-bdbb-b0f4b8fc71f5,Rosa,2005-06-05,280,850,10.57967/hf/5785,0.9869934967483742,https://www.inaturalist.org/photos/2741481,green leaves,machine
iNaturalist,Rhododendron tomentosum,green leaves present,Ericaceae,2011,144,60.221714166700004,24.8975233333,https://www.inaturalist.org/observations/01cc7f57-2eb9-4196-8457-134da15bc193,01cc7f57-2eb9-4196-8457-134da15bc193,Rhododendron,2011-05-24,4002455,NA,10.57967/hf/5785,0.978125,https://www.inaturalist.org/photos/311513985,green leaves,machine
iNaturalist,Vaccinium vitis-idaea,green leaves present,Ericaceae,2010,316,44.6272124594,-67.5304387968,https://www.inaturalist.org/observations/01cda173-4023-4131-983e-dce19a14a76b,01cda173-4023-4131-983e-dce19a14a76b,Vaccinium,2010-11-12,1809129,778,10.57967/hf/5785,0.978125,https://www.inaturalist.org/photos/56989792,green leaves,machine
iNaturalist,Berberis microphylla,green leaves present,Berberidaceae,2005,52,-54.64762,-68.71124,https://www.inaturalist.org/observations/01d07d25-a596-410c-80c2-edf4d80a8557,01d07d25-a596-410c-80c2-edf4d80a8557,Berberis,2005-02-21,956156,500,10.57967/hf/5785,0.9791044776119404,https://www.inaturalist.org/photos/18467718,green leaves,machine
iNaturalist,Cornus florida,colored leaves present,Cornaceae,2011,301,36.3788406015,-94.2343501374,https://www.inaturalist.org/observations/01d2b666-4f01-40e8-85e4-d2b47031737e,01d2b666-4f01-40e8-85e4-d2b47031737e,Cornus,2011-10-28,21259,2,10.57967/hf/5785,0.9774436090225564,https://www.inaturalist.org/photos/178805809,colored leaves,machine
iNaturalist,Salix pedicellaris,green leaves present,Salicaceae,2003,193,59.4598215217,-115.7164667474,https://www.inaturalist.org/observations/01d46558-54a7-45da-a671-877f586ba43d,01d46558-54a7-45da-a671-877f586ba43d,Salix,2003-07-12,120940,100,10.57967/hf/5785,0.9788867562380038,https://www.inaturalist.org/photos/178514316,green leaves,machine
iNaturalist,Viburnum lantanoides,green leaves present,Viburnaceae,1984,245,43.4261809,-73.7123408,https://www.inaturalist.org/observations/01d56d36-d19f-4988-af49-e6be011f4633,01d56d36-d19f-4988-af49-e6be011f4633,Viburnum,1984-09-01,741170,1203,10.57967/hf/5785,0.980806142034549,https://www.inaturalist.org/photos/239330141,green leaves,machine
iNaturalist,Cornus canadensis,green leaves present,Cornaceae,2004,245,44.8166670313,-66.9528848656,https://www.inaturalist.org/observations/01d579c7-142e-44a1-849d-71591d2ce71e,01d579c7-142e-44a1-849d-71591d2ce71e,Cornus,2004-09-01,679140,373,10.57967/hf/5785,0.97435897435897445,https://www.inaturalist.org/photos/91678645,green leaves,machine
iNaturalist,Clematis foetida,green leaves present,Ranunculaceae,2008,292,-43.810692,173.028579,https://www.inaturalist.org/observations/01d688f8-3493-46d3-ac0b-6b94503e82b9,01d688f8-3493-46d3-ac0b-6b94503e82b9,Clematis,2008-10-18,1115,NA,10.57967/hf/5785,0.9668508287292816,https://www.inaturalist.org/photos/1182229,green leaves,machine
iNaturalist,Populus tremuloides,green leaves present,Salicaceae,2012,165,45.3030334678,-75.1811888113,https://www.inaturalist.org/observations/01d7c6c5-ebce-4404-843a-28eca43d5a7c,01d7c6c5-ebce-4404-843a-28eca43d5a7c,Populus,2012-06-13,129,10,10.57967/hf/5785,0.9788867562380038,https://www.inaturalist.org/photos/132921,green leaves,machine
iNaturalist,Cornus alternifolia,green leaves present,Cornaceae,2012,167,44.461514,-93.147899,https://www.inaturalist.org/observations/01d7ca4c-6a6f-4e6b-b893-16f1cc33863b,01d7ca4c-6a6f-4e6b-b893-16f1cc33863b,Cornus,2012-06-15,477,NA,10.57967/hf/5785,0.97435897435897445,https://www.inaturalist.org/photos/135542,green leaves,machine
iNaturalist,Pyrus bourgaeana,green leaves present,Rosaceae,2012,83,38.2158611111,-3.9622361111,https://www.inaturalist.org/observations/01d931e0-6c16-43b3-9419-82a9f0c9711f,01d931e0-6c16-43b3-9419-82a9f0c9711f,Pyrus,2012-03-23,3218666,NA,10.57967/hf/5785,0.9869934967483742,https://www.inaturalist.org/photos/321628572,green leaves,machine
iNaturalist,Sassafras albidum,green leaves present,Lauraceae,2012,203,35.7845557,-86.492962,https://www.inaturalist.org/observations/01d97ba1-6680-47e6-8e62-3861f73a4d20,01d97ba1-6680-47e6-8e62-3861f73a4d20,Sassafras,2012-07-21,51753,186,10.57967/hf/5785,0.981132075471698,https://www.inaturalist.org/photos/110455918,green leaves,machine
iNaturalist,Syringa vulgaris,green leaves present,Oleaceae,2012,133,55.4949163055,46.3999563768,https://www.inaturalist.org/observations/01dd1fd2-26e9-4c86-83d3-d0eb5512dc6a,01dd1fd2-26e9-4c86-83d3-d0eb5512dc6a,Syringa,2012-05-12,1363782,18,10.57967/hf/5785,0.9937888198757764,https://www.inaturalist.org/photos/32525750,green leaves,machine
iNaturalist,Malus domestica,green leaves present,Rosaceae,2012,209,55.5011265804,46.347292166,https://www.inaturalist.org/observations/01de06d1-d4cd-4d7f-b98f-cd0e57188dbf,01de06d1-d4cd-4d7f-b98f-cd0e57188dbf,Malus,2012-07-27,1363782,31,10.57967/hf/5785,0.9869934967483742,https://www.inaturalist.org/photos/32632205,green leaves,machine
iNaturalist,Ribes cereum,green leaves present,Grossulariaceae,2012,167,35.6129954863,-106.3535091133,https://www.inaturalist.org/observations/01df77bb-1d7c-4061-9b9b-f75aab7e7bb0,01df77bb-1d7c-4061-9b9b-f75aab7e7bb0,Ribes,2012-06-15,4348831,28649,10.57967/hf/5785,0.9775280898876404,https://www.inaturalist.org/photos/335750865,green leaves,machine
iNaturalist,Ribes sanguineum,green leaves present,Grossulariaceae,2013,52,37.8721666667,-122.238,https://www.inaturalist.org/observations/01e0813f-accd-46fa-a68f-91a936e3aecc,01e0813f-accd-46fa-a68f-91a936e3aecc,Ribes,2013-02-21,12630,NA,10.57967/hf/5785,0.9775280898876404,https://www.inaturalist.org/photos/257514,green leaves,machine
iNaturalist,Dasiphora fruticosa,green leaves present,Rosaceae,2011,217,48.9263704983,-113.9021411911,https://www.inaturalist.org/observations/01e12eb1-a51c-4523-880e-0a208274b669,01e12eb1-a51c-4523-880e-0a208274b669,Dasiphora,2011-08-05,1514188,248,10.57967/hf/5785,0.9869934967483742,https://www.inaturalist.org/photos/114583025,green leaves,machine
iNaturalist,Halesia diptera,green leaves present,Styracaceae,2012,74,30.4428006751,-84.6275906779,https://www.inaturalist.org/observations/01e1946e-6442-4dcf-97b4-be8fc8cae84b,01e1946e-6442-4dcf-97b4-be8fc8cae84b,Halesia,2012-03-14,4348831,29356,10.57967/hf/5785,NA,https://www.inaturalist.org/photos/334413387,green leaves,machine
iNaturalist,Toxicodendron diversilobum,green leaves present,Anacardiaceae,2013,10,34.184391,-118.098447,https://www.inaturalist.org/observations/01e2437b-3c97-48aa-82bd-55cf3a533287,01e2437b-3c97-48aa-82bd-55cf3a533287,Toxicodendron,2013-01-10,9545,5,10.57967/hf/5785,0.980719794344473,https://www.inaturalist.org/photos/232673,green leaves,machine
iNaturalist,Sorbus sibirica,green leaves present,Rosaceae,2009,235,51.4781994031,105.2379786374,https://www.inaturalist.org/observations/01e39cc3-e60b-43af-aeb7-3cb468d9b9c2,01e39cc3-e60b-43af-aeb7-3cb468d9b9c2,Sorbus,2009-08-23,3422482,31,10.57967/hf/5785,0.9869934967483742,https://www.inaturalist.org/photos/121009890,green leaves,machine
iNaturalist,Rubus spectabilis,green leaves present,Rosaceae,2009,226,47.4003286655,-121.3785463467,https://www.inaturalist.org/observations/01e3b6d7-df3a-472c-9573-1bde7d835d5e,01e3b6d7-df3a-472c-9573-1bde7d835d5e,Rubus,2009-08-14,744769,321,10.57967/hf/5785,0.9869934967483742,https://www.inaturalist.org/photos/21655199,green leaves,machine
iNaturalist,Salix nigra,green leaves present,Salicaceae,2010,126,39.2489576,-76.8220407,https://www.inaturalist.org/observations/01e41d0b-5611-432b-831b-65efe62a6579,01e41d0b-5611-432b-831b-65efe62a6579,Salix,2010-05-06,43448,208,10.57967/hf/5785,0.9788867562380038,https://www.inaturalist.org/photos/175708725,green leaves,machine
iNaturalist,Berberis repens,green leaves present,Berberidaceae,2012,101,40.0134064164,-105.2929274628,https://www.inaturalist.org/observations/01e4521c-f37b-4436-a604-8302da32acd0,01e4521c-f37b-4436-a604-8302da32acd0,Berberis,2012-04-10,46945,61,10.57967/hf/5785,0.9791044776119404,https://www.inaturalist.org/photos/59195147,green leaves,machine
iNaturalist,Rhododendron tomentosum,green leaves present,Ericaceae,2008,238,55.122729377,158.9331972038,https://www.inaturalist.org/observations/01e6d8c5-334a-49c7-84e0-e2798cff64d7,01e6d8c5-334a-49c7-84e0-e2798cff64d7,Rhododendron,2008-08-25,1755659,3,10.57967/hf/5785,0.978125,https://www.inaturalist.org/photos/108386432,green leaves,machine
iNaturalist,Juglans cinerea,green leaves present,Juglandaceae,2009,142,44.379338,-72.500163,https://www.inaturalist.org/observations/01e70ab9-d36b-4409-a282-6cfa4bc29ebd,01e70ab9-d36b-4409-a282-6cfa4bc29ebd,Juglans,2009-05-22,12158,599,10.57967/hf/5785,0.9891304347826086,https://www.inaturalist.org/photos/1376766,green leaves,machine
iNaturalist,Lonicera xylosteum,green leaves present,Caprifoliaceae,2011,112,47.6440831102,18.9466401363,https://www.inaturalist.org/observations/01e78c65-cf3a-4576-b205-6fd8f0a432be,01e78c65-cf3a-4576-b205-6fd8f0a432be,Lonicera,2011-04-22,7852797,488,10.57967/hf/5785,0.996492985971944,https://www.inaturalist.org/photos/359122561,green leaves,machine
iNaturalist,Viburnum tinus,green leaves present,Viburnaceae,1999,301,43.2722761142,5.4453818836,https://www.inaturalist.org/observations/01ec752a-2ca1-47dc-999e-ea156e3770d2,01ec752a-2ca1-47dc-999e-ea156e3770d2,Viburnum,1999-10-28,6948008,59,10.57967/hf/5785,0.980806142034549,https://www.inaturalist.org/photos/306131760,green leaves,machine
iNaturalist,Amelanchier ovalis,green leaves present,Rosaceae,2008,108,43.3477701247,5.0201757501,https://www.inaturalist.org/observations/01ed6399-8cc0-46ad-965f-a78c80ffb553,01ed6399-8cc0-46ad-965f-a78c80ffb553,Amelanchier,2008-04-17,2023821,716,10.57967/hf/5785,0.9869934967483742,https://www.inaturalist.org/photos/168261547,green leaves,machine
iNaturalist,Prunus argentea,colored leaves present,Rosaceae,2005,298,38.6362131348,34.8106927026,https://www.inaturalist.org/observations/01ed63a8-e3a4-4e9e-b5eb-958640c37847,01ed63a8-e3a4-4e9e-b5eb-958640c37847,Prunus,2005-10-25,3446841,31,10.57967/hf/5785,0.9921630094043888,https://www.inaturalist.org/photos/187058992,colored leaves,machine
iNaturalist,Prunus argentea,green leaves present,Rosaceae,2005,298,38.6362131348,34.8106927026,https://www.inaturalist.org/observations/01ed63a8-e3a4-4e9e-b5eb-958640c37847,01ed63a8-e3a4-4e9e-b5eb-958640c37847,Prunus,2005-10-25,3446841,31,10.57967/hf/5785,0.9869934967483742,https://www.inaturalist.org/photos/187059003,green leaves,machine
iNaturalist,Clematis alpina sibirica,green leaves present,Ranunculaceae,2011,150,58.803219072,44.0169192654,https://www.inaturalist.org/observations/01ee3ead-263f-4eb4-b540-7a21aaf2f004,01ee3ead-263f-4eb4-b540-7a21aaf2f004,Clematis,2011-05-30,1480292,61,10.57967/hf/5785,0.9668508287292816,https://www.inaturalist.org/photos/60895550,green leaves,machine
iNaturalist,Prunus caroliniana,green leaves present,Rosaceae,2012,51,30.8580384885,-84.169579622,https://www.inaturalist.org/observations/01f03a77-9063-4247-b4d0-96d4b6b79c05,01f03a77-9063-4247-b4d0-96d4b6b79c05,Prunus,2012-02-20,4348831,29304,10.57967/hf/5785,0.9869934967483742,https://www.inaturalist.org/photos/334260344,green leaves,machine
iNaturalist,Quercus robur,green leaves present,Fagaceae,2009,235,55.835693,37.613647,https://www.inaturalist.org/observations/01f04c5e-37a3-4384-b6ae-42efa1cbe40e,01f04c5e-37a3-4384-b6ae-42efa1cbe40e,Quercus,2009-08-23,1434599,50,10.57967/hf/5785,0.9927089175546832,https://www.inaturalist.org/photos/65023357,green leaves,machine
iNaturalist,Betula pendula,green leaves present,Betulaceae,2009,150,50.0773154203,30.9132621067,https://www.inaturalist.org/observations/01f28a5d-1665-492f-8b6d-38a04959ad1f,01f28a5d-1665-492f-8b6d-38a04959ad1f,Betula,2009-05-30,3342005,21,10.57967/hf/5785,0.9836956521739132,https://www.inaturalist.org/photos/105190429,green leaves,machine
iNaturalist,Acer saccharum,colored leaves present,Sapindaceae,2009,292,41.3804810153,-81.803315532,https://www.inaturalist.org/observations/01f47836-943f-4975-9310-74d4b0844553,01f47836-943f-4975-9310-74d4b0844553,Acer,2009-10-19,182332,27816,10.57967/hf/5785,0.9909784871616932,https://www.inaturalist.org/photos/123331334,colored leaves,machine
iNaturalist,Rhus integrifolia,green leaves present,Anacardiaceae,2012,16,32.9188002874,-117.2541638208,https://www.inaturalist.org/observations/01f60825-fa80-4b49-91b3-dddf5afeb333,01f60825-fa80-4b49-91b3-dddf5afeb333,Rhus,2012-01-16,19435,189,10.57967/hf/5785,0.980719794344473,https://www.inaturalist.org/photos/250224507,green leaves,machine
iNaturalist,Rosa woodsii ultramontana,green leaves present,Rosaceae,2012,203,39.432248,-120.242471,https://www.inaturalist.org/observations/01f62f0f-8961-4d21-8c75-f8a01bade8a8,01f62f0f-8961-4d21-8c75-f8a01bade8a8,Rosa,2012-07-21,477,10,10.57967/hf/5785,0.9869934967483742,https://www.inaturalist.org/photos/149949,green leaves,machine
iNaturalist,Ceanothus velutinus,green leaves present,Rhamnaceae,2011,199,43.907381783,-110.6406792241,https://www.inaturalist.org/observations/01fb0e07-e904-471e-9d0f-eaaede323789,01fb0e07-e904-471e-9d0f-eaaede323789,Ceanothus,2011-07-18,1765983,922,10.57967/hf/5785,0.9925742574257426,https://www.inaturalist.org/photos/152071831,green leaves,machine
iNaturalist,Fraxinus pennsylvanica,green leaves present,Oleaceae,2011,137,55.9081848906,37.7329549858,https://www.inaturalist.org/observations/01fbc92c-4bf9-4be5-b07d-509e77766555,01fbc92c-4bf9-4be5-b07d-509e77766555,Fraxinus,2011-05-17,1448603,166,10.57967/hf/5785,0.9937888198757764,https://www.inaturalist.org/photos/260337765,green leaves,machine
iNaturalist,Lycium carolinianum,green leaves present,Solanaceae,2008,361,28.944115372,-82.7081529742,https://www.inaturalist.org/observations/01fc90d1-f2b8-4053-a1d8-66c2bfe122c6,01fc90d1-f2b8-4053-a1d8-66c2bfe122c6,Lycium,2008-12-26,4348831,29558,10.57967/hf/5785,1,https://www.inaturalist.org/photos/295681819,green leaves,machine
iNaturalist,Berberis trifoliolata,green leaves present,Berberidaceae,2006,64,30.9887499213,-97.6815322572,https://www.inaturalist.org/observations/01fe42d5-1db1-4545-ac5e-843c76faa6e3,01fe42d5-1db1-4545-ac5e-843c76faa6e3,Berberis,2006-03-05,63375,695,10.57967/hf/5785,0.9791044776119404,https://www.inaturalist.org/photos/153830983,green leaves,machine
iNaturalist,Toxicodendron diversilobum,colored leaves present,Anacardiaceae,2012,277,34.1848423,-118.0954422,https://www.inaturalist.org/observations/01ffc44b-60e3-4525-bbee-cc64342a6368,01ffc44b-60e3-4525-bbee-cc64342a6368,Toxicodendron,2012-10-03,9231,811,10.57967/hf/5785,0.9874651810584958,https://www.inaturalist.org/photos/210596,colored leaves,machine
iNaturalist,Toxicodendron diversilobum,green leaves present,Anacardiaceae,2012,277,34.1848423,-118.0954422,https://www.inaturalist.org/observations/01ffc44b-60e3-4525-bbee-cc64342a6368,01ffc44b-60e3-4525-bbee-cc64342a6368,Toxicodendron,2012-10-03,9231,811,10.57967/hf/5785,0.980719794344473,https://www.inaturalist.org/photos/210596,green leaves,machine
iNaturalist,Hibiscus antanossarum,green leaves present,Malvaceae,2006,147,-22.564269105,45.3683004191,https://www.inaturalist.org/observations/02000645-0971-4785-b249-7960506a5487,02000645-0971-4785-b249-7960506a5487,Hibiscus,2006-05-27,1609208,488,10.57967/hf/5785,0.9938271604938272,https://www.inaturalist.org/photos/167802608,green leaves,machine
iNaturalist,Alnus acuminata,green leaves present,Betulaceae,2010,257,4.9521951034,-74.2350632492,https://www.inaturalist.org/observations/020029a2-eac4-4c16-a09f-2e33412b8749,020029a2-eac4-4c16-a09f-2e33412b8749,Alnus,2010-09-14,391471,61,10.57967/hf/5785,0.9836956521739132,https://www.inaturalist.org/photos/7020998,green leaves,machine
iNaturalist,Aralia californica,green leaves present,Araliaceae,2012,238,38.0335,-122.725,https://www.inaturalist.org/observations/0201bbdb-1803-4ea4-b832-5975a7839aea,0201bbdb-1803-4ea4-b832-5975a7839aea,Aralia,2012-08-25,8195,NA,10.57967/hf/5785,0.9876543209876544,https://www.inaturalist.org/photos/166337,green leaves,machine
iNaturalist,Vitis riparia,green leaves present,Vitaceae,2011,160,41.6736871629,-93.2962642238,https://www.inaturalist.org/observations/0201cdea-01c5-4cc5-aab4-622054462a97,0201cdea-01c5-4cc5-aab4-622054462a97,Vitis,2011-06-09,751586,1016,10.57967/hf/5785,0.9830508474576272,https://www.inaturalist.org/photos/250584836,green leaves,machine
iNaturalist,Rhamnus pumila,green leaves present,Rhamnaceae,2012,203,42.6875664667,0.0618881115,https://www.inaturalist.org/observations/02064502-ea88-4d74-ae80-9c6c4393fae9,02064502-ea88-4d74-ae80-9c6c4393fae9,Rhamnus,2012-07-21,4183373,70,10.57967/hf/5785,0.9925742574257426,https://www.inaturalist.org/photos/173011056,green leaves,machine
iNaturalist,Salix caprea,green leaves present,Salicaceae,2012,146,42.8408763187,132.9713389282,https://www.inaturalist.org/observations/0208da79-112b-44cc-a9f1-e0281f5e0868,0208da79-112b-44cc-a9f1-e0281f5e0868,Salix,2012-05-25,1204740,692,10.57967/hf/5785,0.9788867562380038,https://www.inaturalist.org/photos/34176546,green leaves,machine
iNaturalist,Fraxinus ornus,green leaves present,Oleaceae,1981,151,45.885479305,10.8705087783,https://www.inaturalist.org/observations/020a5a95-e8c4-468d-8e1f-ccbc4be6d33c,020a5a95-e8c4-468d-8e1f-ccbc4be6d33c,Fraxinus,1981-05-31,7194606,NA,10.57967/hf/5785,0.9937888198757764,https://www.inaturalist.org/photos/305005763,green leaves,machine
iNaturalist,Viburnum opulus,colored leaves present,Viburnaceae,2010,254,53.6732021781,-112.8303351233,https://www.inaturalist.org/observations/020b5393-3b36-46da-9443-509ceafe50db,020b5393-3b36-46da-9443-509ceafe50db,Viburnum,2010-09-11,1419817,2000,10.57967/hf/5785,0.9940828402366864,https://www.inaturalist.org/photos/161800048,colored leaves,machine
iNaturalist,Ceanothus leucodermis,green leaves present,Rhamnaceae,2012,112,32.9960797955,-116.7538088193,https://www.inaturalist.org/observations/020bbf83-4405-468f-9b88-64e0f83e17be,020bbf83-4405-468f-9b88-64e0f83e17be,Ceanothus,2012-04-21,1530032,8,10.57967/hf/5785,0.9925742574257426,https://www.inaturalist.org/photos/45263495,green leaves,machine
iNaturalist,Vaccinium uliginosum,green leaves present,Ericaceae,2006,237,61.2947615091,10.2634340994,https://www.inaturalist.org/observations/020ed402-7cef-4620-adaa-0f8a0eb44f0b,020ed402-7cef-4620-adaa-0f8a0eb44f0b,Vaccinium,2006-08-25,4824056,40000,10.57967/hf/5785,0.978125,https://www.inaturalist.org/photos/346415355,green leaves,machine
iNaturalist,Rhododendron pilosum,green leaves present,Ericaceae,1978,128,35.7541981494,-81.7327666047,https://www.inaturalist.org/observations/020ef117-4038-40f6-8fc5-7789dd6c1faa,020ef117-4038-40f6-8fc5-7789dd6c1faa,Rhododendron,1978-05-08,679140,12470,10.57967/hf/5785,0.978125,https://www.inaturalist.org/photos/110517184,green leaves,machine
iNaturalist,Vaccinium parvifolium,green leaves present,Ericaceae,2006,144,57.0499277249,-135.3218436241,https://www.inaturalist.org/observations/020f9712-fe51-4045-bebf-bf875161abfc,020f9712-fe51-4045-bebf-bf875161abfc,Vaccinium,2006-05-24,14812,55,10.57967/hf/5785,0.978125,https://www.inaturalist.org/photos/12304602,green leaves,machine
iNaturalist,Rhododendron groenlandicum,green leaves present,Ericaceae,1997,266,46.013297,-81.402769,https://www.inaturalist.org/observations/0211381c-92d0-4b30-947a-85370c4ea3ac,0211381c-92d0-4b30-947a-85370c4ea3ac,Rhododendron,1997-09-23,49760,369,10.57967/hf/5785,0.978125,https://www.inaturalist.org/photos/1068460,green leaves,machine
iNaturalist,Sambucus racemosa,green leaves present,Viburnaceae,2011,212,44.5673792522,135.5889453468,https://www.inaturalist.org/observations/021147df-88a1-436f-9889-de25b9faad1e,021147df-88a1-436f-9889-de25b9faad1e,Sambucus,2011-07-31,1516937,122,10.57967/hf/5785,0.980806142034549,https://www.inaturalist.org/photos/34060481,green leaves,machine
iNaturalist,Sorbus aucuparia,green leaves present,Rosaceae,2005,158,54.7134503346,55.9389833133,https://www.inaturalist.org/observations/02119812-0ba7-4312-91e5-9d1fdebba1e3,02119812-0ba7-4312-91e5-9d1fdebba1e3,Sorbus,2005-06-07,3160763,889,10.57967/hf/5785,0.9869934967483742,https://www.inaturalist.org/photos/159140581,green leaves,machine
iNaturalist,Rhododendron maximum,green leaves present,Ericaceae,2009,171,36.7953825187,-80.3526785423,https://www.inaturalist.org/observations/02121a48-c942-430c-bba2-53cf584a2910,02121a48-c942-430c-bba2-53cf584a2910,Rhododendron,2009-06-20,1832618,856,10.57967/hf/5785,0.978125,https://www.inaturalist.org/photos/43186522,green leaves,machine
iNaturalist,Malus angustifolia,green leaves present,Rosaceae,2010,99,37.0247114838,-88.6591562308,https://www.inaturalist.org/observations/0212781f-b520-4f11-a9af-1061d23a9b7d,0212781f-b520-4f11-a9af-1061d23a9b7d,Malus,2010-04-09,37031,28447,10.57967/hf/5785,0.9869934967483742,https://www.inaturalist.org/photos/186721200,green leaves,machine
iNaturalist,Tilia americana,green leaves present,Malvaceae,2012,259,45.439428,-76.359365,https://www.inaturalist.org/observations/02133782-6e17-43c1-89ef-a1e6ab0e31b2,02133782-6e17-43c1-89ef-a1e6ab0e31b2,Tilia,2012-09-15,164015,20,10.57967/hf/5785,0.9938271604938272,https://www.inaturalist.org/photos/2868125,green leaves,machine
iNaturalist,Shepherdia canadensis,green leaves present,Elaeagnaceae,2008,200,60.2948783108,-133.9769910964,https://www.inaturalist.org/observations/0213cf96-0ed2-482f-a01f-067c9f75f331,0213cf96-0ed2-482f-a01f-067c9f75f331,Shepherdia,2008-07-18,726092,244,10.57967/hf/5785,1,https://www.inaturalist.org/photos/33287465,green leaves,machine
iNaturalist,Quercus ellipsoidalis,green leaves present,Fagaceae,1995,218,48.69178,-93.22828,https://www.inaturalist.org/observations/0214b777-f05e-451f-bf1c-21f3aa1655d0,0214b777-f05e-451f-bf1c-21f3aa1655d0,Quercus,1995-08-06,111485,NA,10.57967/hf/5785,0.9927089175546832,https://www.inaturalist.org/photos/267915898,green leaves,machine
iNaturalist,Rhododendron occidentale,green leaves present,Ericaceae,2009,145,41.36370072,-124.02270555,https://www.inaturalist.org/observations/0217efa3-c28c-4685-93a8-855bfbe7b7b5,0217efa3-c28c-4685-93a8-855bfbe7b7b5,Rhododendron,2009-05-25,1108972,NA,10.57967/hf/5785,0.978125,https://www.inaturalist.org/photos/22390852,green leaves,machine
iNaturalist,Quercus douglasii,green leaves present,Fagaceae,2007,263,40.6612276255,-122.3065300126,https://www.inaturalist.org/observations/02186395-59e8-44bf-8977-90edc1d17019,02186395-59e8-44bf-8977-90edc1d17019,Quercus,2007-09-20,70814,8,10.57967/hf/5785,0.9927089175546832,https://www.inaturalist.org/photos/248111646,green leaves,machine
iNaturalist,Viburnum lentago,green leaves present,Viburnaceae,2011,200,45.594811,-67.084105,https://www.inaturalist.org/observations/0218f985-bdfe-410e-9138-45ad12cb13ff,0218f985-bdfe-410e-9138-45ad12cb13ff,Viburnum,2011-07-19,191483,27158,10.57967/hf/5785,0.980806142034549,https://www.inaturalist.org/photos/14712338,green leaves,machine
iNaturalist,Toxicodendron diversilobum,green leaves present,Anacardiaceae,2011,111,38.641880478,-122.8592920303,https://www.inaturalist.org/observations/021b379e-091f-4ffd-8a72-90e2ab32e2fe,021b379e-091f-4ffd-8a72-90e2ab32e2fe,Toxicodendron,2011-04-21,505,NA,10.57967/hf/5785,0.980719794344473,https://www.inaturalist.org/photos/29267,green leaves,machine
iNaturalist,Ribes lacustre,green leaves present,Grossulariaceae,2007,191,53.396168,-119.661487,https://www.inaturalist.org/observations/021cafcc-d8cd-4637-872f-8482fac7ef57,021cafcc-d8cd-4637-872f-8482fac7ef57,Ribes,2007-07-10,120940,50,10.57967/hf/5785,0.9775280898876404,https://www.inaturalist.org/photos/231186915,green leaves,machine
iNaturalist,Senegalia laeta,green leaves present,Fabaceae,2009,173,13.8858189,-1.92472052,https://www.inaturalist.org/observations/021f9a2e-b507-4fb4-9e6d-16d5a36dffbd,021f9a2e-b507-4fb4-9e6d-16d5a36dffbd,Senegalia,2009-06-22,81948,NA,10.57967/hf/5785,0.9814814814814816,https://www.inaturalist.org/photos/14222126,green leaves,machine
iNaturalist,Cormus domestica,green leaves present,Rosaceae,2008,142,43.4080324583,5.4626083416,https://www.inaturalist.org/observations/0221ff4b-e9f2-4d0a-be3d-483216e11c27,0221ff4b-e9f2-4d0a-be3d-483216e11c27,Cormus,2008-05-21,6948008,754,10.57967/hf/5785,0.9869934967483742,https://www.inaturalist.org/photos/355688623,green leaves,machine
iNaturalist,Cephalanthus glabratus,green leaves present,Rubiaceae,2012,58,-33.7048663645,-58.6887910115,https://www.inaturalist.org/observations/0222341a-d795-412f-b164-acf2bb0fe812,0222341a-d795-412f-b164-acf2bb0fe812,Cephalanthus,2012-02-27,2785405,488,10.57967/hf/5785,0.9846938775510204,https://www.inaturalist.org/photos/71393442,green leaves,machine
iNaturalist,Acer ginnala,green leaves present,Sapindaceae,2009,164,42.771667,133.161389,https://www.inaturalist.org/observations/02275757-b7be-458f-ada1-13afae9fc6b9,02275757-b7be-458f-ada1-13afae9fc6b9,Acer,2009-06-13,3475571,10,10.57967/hf/5785,0.9802110817941952,https://www.inaturalist.org/photos/132911770,green leaves,machine
iNaturalist,Prunus avium,green leaves present,Rosaceae,2009,124,47.1273626174,10.9262653703,https://www.inaturalist.org/observations/0227c944-234e-4d6a-9666-03035d1c46fa,0227c944-234e-4d6a-9666-03035d1c46fa,Prunus,2009-05-04,4065983,8,10.57967/hf/5785,0.9869934967483742,https://www.inaturalist.org/photos/172261509,green leaves,machine
iNaturalist,Alnus rubra,green leaves present,Betulaceae,2012,117,47.4302153054,-122.2128958749,https://www.inaturalist.org/observations/022904e3-2484-4278-9622-f60610233975,022904e3-2484-4278-9622-f60610233975,Alnus,2012-04-26,134993,446,10.57967/hf/5785,0.9836956521739132,https://www.inaturalist.org/photos/340513402,green leaves,machine
iNaturalist,Physocarpus malvaceus,green leaves present,Rosaceae,2010,183,45.30557,-114.38275,https://www.inaturalist.org/observations/022ae53a-e161-4908-890a-80cb27ab6e25,022ae53a-e161-4908-890a-80cb27ab6e25,Physocarpus,2010-07-02,32654,100,10.57967/hf/5785,0.9869934967483742,https://www.inaturalist.org/photos/1142895,green leaves,machine
iNaturalist,Staphylea trifolia,green leaves present,Staphyleaceae,1986,176,41.2372308833,-81.4882669105,https://www.inaturalist.org/observations/022b6124-55c3-49b2-9f04-1b2c9406a5a8,022b6124-55c3-49b2-9f04-1b2c9406a5a8,Staphylea,1986-06-25,182332,27816,10.57967/hf/5785,1,https://www.inaturalist.org/photos/269103770,green leaves,machine
iNaturalist,Vaccinium vitis-idaea,green leaves present,Ericaceae,2011,253,48.9088332035,-66.1127185822,https://www.inaturalist.org/observations/022c6a95-d445-42db-bb43-6fcc692e66d6,022c6a95-d445-42db-bb43-6fcc692e66d6,Vaccinium,2011-09-10,464266,122,10.57967/hf/5785,0.978125,https://www.inaturalist.org/photos/8933923,green leaves,machine
iNaturalist,Salix pyrolifolia,green leaves present,Salicaceae,2005,198,71.04959,102.3172,https://www.inaturalist.org/observations/022d0bda-8f4b-46aa-81e5-9eb1ff68657f,022d0bda-8f4b-46aa-81e5-9eb1ff68657f,Salix,2005-07-17,1426686,10,10.57967/hf/5785,0.9788867562380038,https://www.inaturalist.org/photos/64537075,green leaves,machine
iNaturalist,Robinia pseudoacacia,green leaves present,Fabaceae,2011,208,53.0153432945,32.5413288592,https://www.inaturalist.org/observations/022e0de6-52cd-480d-811f-f3457e9a89db,022e0de6-52cd-480d-811f-f3457e9a89db,Robinia,2011-07-27,1565309,31,10.57967/hf/5785,0.9814814814814816,https://www.inaturalist.org/photos/73054980,green leaves,machine
iNaturalist,Laburnum anagyroides,green leaves present,Fabaceae,2011,111,50.4169239879,4.2710566521,https://www.inaturalist.org/observations/0230588a-1a46-4004-8571-f17ae2002a11,0230588a-1a46-4004-8571-f17ae2002a11,Laburnum,2011-04-21,2456052,4,10.57967/hf/5785,0.9814814814814816,https://www.inaturalist.org/photos/80842696,green leaves,machine
iNaturalist,Rosa majalis,green leaves present,Rosaceae,2006,158,53.8962929073,39.7367448812,https://www.inaturalist.org/observations/0231b15e-03e1-40b5-86ed-7f36d052bc68,0231b15e-03e1-40b5-86ed-7f36d052bc68,Rosa,2006-06-07,2102329,8,10.57967/hf/5785,0.9869934967483742,https://www.inaturalist.org/photos/211939892,green leaves,machine
iNaturalist,Viburnum tinus,green leaves present,Viburnaceae,2010,219,36.3336960712,6.4400185199,https://www.inaturalist.org/observations/0233a915-0aad-4188-9b1b-cd64d2fbec9d,0233a915-0aad-4188-9b1b-cd64d2fbec9d,Viburnum,2010-08-07,1147461,8,10.57967/hf/5785,0.980806142034549,https://www.inaturalist.org/photos/25112673,green leaves,machine
iNaturalist,Sorbus sambucifolia,green leaves present,Rosaceae,2001,230,56.0533181266,158.9714753492,https://www.inaturalist.org/observations/0233cecb-f0fe-491c-aabf-dceebc5d696e,0233cecb-f0fe-491c-aabf-dceebc5d696e,Sorbus,2001-08-18,1809814,99,10.57967/hf/5785,0.9869934967483742,https://www.inaturalist.org/photos/73086851,green leaves,machine
iNaturalist,Prunus tenella,green leaves present,Rosaceae,2010,171,51.2014791081,37.6391270031,https://www.inaturalist.org/observations/0235f22d-3ecf-4842-91a0-c99480e4e1d6,0235f22d-3ecf-4842-91a0-c99480e4e1d6,Prunus,2010-06-20,1917127,75,10.57967/hf/5785,0.9869934967483742,https://www.inaturalist.org/photos/69664611,green leaves,machine
iNaturalist,Ilex opaca,green leaves present,Aquifoliaceae,2011,10,29.7115590848,-85.03672146,https://www.inaturalist.org/observations/0237ec92-3118-4178-ad9f-a65f513651e0,0237ec92-3118-4178-ad9f-a65f513651e0,Ilex,2011-01-10,4348831,29458,10.57967/hf/5785,1,https://www.inaturalist.org/photos/327579126,green leaves,machine
iNaturalist,Rhododendron canadense,colored leaves present,Ericaceae,2010,274,43.5362254066,-70.4634774506,https://www.inaturalist.org/observations/02382852-627d-491c-9779-de2cd296b28b,02382852-627d-491c-9779-de2cd296b28b,Rhododendron,2010-10-01,215858,777,10.57967/hf/5785,0.990228013029316,https://www.inaturalist.org/photos/21450986,colored leaves,machine
iNaturalist,Rhododendron canadense,green leaves present,Ericaceae,2010,274,43.5362254066,-70.4634774506,https://www.inaturalist.org/observations/02382852-627d-491c-9779-de2cd296b28b,02382852-627d-491c-9779-de2cd296b28b,Rhododendron,2010-10-01,215858,777,10.57967/hf/5785,0.978125,https://www.inaturalist.org/photos/21450986,green leaves,machine
iNaturalist,Quercus gambelii,green leaves present,Fagaceae,2011,163,36.2023188582,-112.0743933072,https://www.inaturalist.org/observations/02386cc8-4de0-4e91-b1e7-04e54bb8f4db,02386cc8-4de0-4e91-b1e7-04e54bb8f4db,Quercus,2011-06-12,922012,6642,10.57967/hf/5785,0.9927089175546832,https://www.inaturalist.org/photos/202791053,green leaves,machine
iNaturalist,Salix caprea,breaking buds present,Salicaceae,2012,126,64.6720884708,40.5399810269,https://www.inaturalist.org/observations/0238e9ae-ebbe-41d7-936e-8bd739b3b384,0238e9ae-ebbe-41d7-936e-8bd739b3b384,Salix,2012-05-05,2183479,21,10.57967/hf/5785,0.990791896869245,https://www.inaturalist.org/photos/57646677,breaking buds,machine
iNaturalist,Daphne kamtschatica,green leaves present,Thymelaeaceae,2006,309,54.7203325377,158.5803577804,https://www.inaturalist.org/observations/0239b17f-4cae-4f70-8cba-504b3941038c,0239b17f-4cae-4f70-8cba-504b3941038c,Daphne,2006-11-05,1755659,3,10.57967/hf/5785,1,https://www.inaturalist.org/photos/108280631,green leaves,machine
iNaturalist,Rhododendron tomentosum,green leaves present,Ericaceae,2005,150,55.6688151655,36.7124018496,https://www.inaturalist.org/observations/023e7073-6e99-491b-8e41-7f2682706b83,023e7073-6e99-491b-8e41-7f2682706b83,Rhododendron,2005-05-30,1109638,287,10.57967/hf/5785,0.978125,https://www.inaturalist.org/photos/222530888,green leaves,machine
iNaturalist,Populus deltoides,green leaves present,Salicaceae,2012,239,43.37714664,-80.96487482,https://www.inaturalist.org/observations/023f2826-51ee-4b89-8f81-999e4c209d63,023f2826-51ee-4b89-8f81-999e4c209d63,Populus,2012-08-26,8348,10,10.57967/hf/5785,0.9788867562380038,https://www.inaturalist.org/photos/166885,green leaves,machine
iNaturalist,Zelkova serrata,green leaves present,Ulmaceae,2012,203,24.3225579446,121.2817833036,https://www.inaturalist.org/observations/02416909-287a-4092-b16e-e122c7c9fd17,02416909-287a-4092-b16e-e122c7c9fd17,Zelkova,2012-07-21,1013900,31,10.57967/hf/5785,0.9722222222222222,https://www.inaturalist.org/photos/178092928,green leaves,machine
iNaturalist,Betula pendula,green leaves present,Betulaceae,2006,157,54.8565048731,83.0936023125,https://www.inaturalist.org/observations/02429cea-5e3f-44db-aaf9-6ec1b4e208e2,02429cea-5e3f-44db-aaf9-6ec1b4e208e2,Betula,2006-06-06,2511740,150,10.57967/hf/5785,0.9836956521739132,https://www.inaturalist.org/photos/121828010,green leaves,machine
iNaturalist,Vaccinium macrocarpon,green leaves present,Ericaceae,2007,217,45.2093724246,-79.8816879388,https://www.inaturalist.org/observations/02435caf-da2b-4e2f-b180-499b093a17e4,02435caf-da2b-4e2f-b180-499b093a17e4,Vaccinium,2007-08-05,669736,244,10.57967/hf/5785,0.978125,https://www.inaturalist.org/photos/30933713,green leaves,machine
iNaturalist,Rhododendron occidentale,green leaves present,Ericaceae,2011,182,37.5144017475,-119.5983664988,https://www.inaturalist.org/observations/02437a33-7bf4-4175-8b2e-d58a3d3b1fe5,02437a33-7bf4-4175-8b2e-d58a3d3b1fe5,Rhododendron,2011-07-01,481399,61,10.57967/hf/5785,0.978125,https://www.inaturalist.org/photos/249995704,green leaves,machine
iNaturalist,Crataegus monogyna,green leaves present,Rosaceae,2010,228,43.1097985111,1.227954428,https://www.inaturalist.org/observations/0243e5a6-6031-4e6f-99d6-ecc59adb8571,0243e5a6-6031-4e6f-99d6-ecc59adb8571,Crataegus,2010-08-16,4219917,5,10.57967/hf/5785,0.9869934967483742,https://www.inaturalist.org/photos/207805099,green leaves,machine
iNaturalist,Rubus pubescens,green leaves present,Rosaceae,2011,157,49.502808823,-58.0846219805,https://www.inaturalist.org/observations/0245519b-cbc2-4516-ace2-c2a4a683670e,0245519b-cbc2-4516-ace2-c2a4a683670e,Rubus,2011-06-06,726092,283,10.57967/hf/5785,0.9869934967483742,https://www.inaturalist.org/photos/93944872,green leaves,machine
iNaturalist,Acer grandidentatum,green leaves present,Sapindaceae,2010,152,29.2401311246,-103.2979167908,https://www.inaturalist.org/observations/0246802e-01c4-42ac-b0b9-a5ee8a7814b0,0246802e-01c4-42ac-b0b9-a5ee8a7814b0,Acer,2010-06-01,1237597,8,10.57967/hf/5785,0.9802110817941952,https://www.inaturalist.org/photos/31304098,green leaves,machine
iNaturalist,Salix reticulata,green leaves present,Salicaceae,2007,188,69.068283632,20.6405935131,https://www.inaturalist.org/observations/02485119-87cb-4e8f-8add-61006ff51a47,02485119-87cb-4e8f-8add-61006ff51a47,Salix,2007-07-07,1510949,497,10.57967/hf/5785,0.9788867562380038,https://www.inaturalist.org/photos/178829624,green leaves,machine
iNaturalist,Rhamnus cathartica,green leaves present,Rhamnaceae,2000,1,45.042613797,36.232300354,https://www.inaturalist.org/observations/02498c54-1fe0-47f2-be66-bf134df66392,02498c54-1fe0-47f2-be66-bf134df66392,Rhamnus,2000-01-01,1475901,8,10.57967/hf/5785,0.9925742574257426,https://www.inaturalist.org/photos/317320258,green leaves,machine
iNaturalist,Dasiphora fruticosa,green leaves present,Rosaceae,2012,212,35.8153706209,-105.7789019242,https://www.inaturalist.org/observations/024a85bf-0b85-4894-87c0-462674d47348,024a85bf-0b85-4894-87c0-462674d47348,Dasiphora,2012-07-30,1927245,2383,10.57967/hf/5785,0.9869934967483742,https://www.inaturalist.org/photos/119479076,green leaves,machine
iNaturalist,Fagus sylvatica,green leaves present,Fagaceae,2011,214,42.7510451357,-0.8283501379,https://www.inaturalist.org/observations/024a936a-647f-4b7a-bf3a-f34667aa213a,024a936a-647f-4b7a-bf3a-f34667aa213a,Fagus,2011-08-02,604156,836,10.57967/hf/5785,0.9927089175546832,https://www.inaturalist.org/photos/253492317,green leaves,machine
iNaturalist,Salix nigra,green leaves present,Salicaceae,2012,235,34.67915,-93.00769,https://www.inaturalist.org/observations/024aab42-aa90-4ef7-89f2-66713453275f,024aab42-aa90-4ef7-89f2-66713453275f,Salix,2012-08-22,2094499,10,10.57967/hf/5785,0.9788867562380038,https://www.inaturalist.org/photos/58185556,green leaves,machine
iNaturalist,Ficus carica,breaking buds present,Moraceae,2011,108,39.4477738527,20.4152121793,https://www.inaturalist.org/observations/024ab13b-5eba-4024-b46b-9980376f396d,024ab13b-5eba-4024-b46b-9980376f396d,Ficus,2011-04-18,2273806,2,10.57967/hf/5785,0.989071038251366,https://www.inaturalist.org/photos/254442426,breaking buds,machine
iNaturalist,Prunus virginiana,green leaves present,Rosaceae,2007,157,49.9127608463,-120.8956564506,https://www.inaturalist.org/observations/024aeeae-20e8-42ae-b044-f1915e459a30,024aeeae-20e8-42ae-b044-f1915e459a30,Prunus,2007-06-06,6308759,200,10.57967/hf/5785,0.9869934967483742,https://www.inaturalist.org/photos/247392451,green leaves,machine
iNaturalist,Vaccinium oxycoccos,green leaves present,Ericaceae,2010,276,48.4863494581,-124.0696156377,https://www.inaturalist.org/observations/024c5a9f-107d-4ab0-b98f-69c4347c07eb,024c5a9f-107d-4ab0-b98f-69c4347c07eb,Vaccinium,2010-10-03,46945,19,10.57967/hf/5785,0.978125,https://www.inaturalist.org/photos/58992712,green leaves,machine
iNaturalist,Toxicodendron radicans,green leaves present,Anacardiaceae,2012,182,39.089326,-76.771316,https://www.inaturalist.org/observations/024cd8eb-2ed9-48ae-bd04-b41bdfd818bb,024cd8eb-2ed9-48ae-bd04-b41bdfd818bb,Toxicodendron,2012-06-30,43448,70,10.57967/hf/5785,0.980719794344473,https://www.inaturalist.org/photos/172115018,green leaves,machine
iNaturalist,Rhododendron rubropilosum,breaking buds present,Ericaceae,2012,153,24.1688738729,121.2881116569,https://www.inaturalist.org/observations/02533a12-451e-43ab-b38f-507dad0e31ce,02533a12-451e-43ab-b38f-507dad0e31ce,Rhododendron,2012-06-01,1053383,98,10.57967/hf/5785,0.9955156950672646,https://www.inaturalist.org/photos/20608843,breaking buds,machine
iNaturalist,Rhododendron rubropilosum,green leaves present,Ericaceae,2012,153,24.1688738729,121.2881116569,https://www.inaturalist.org/observations/02533a12-451e-43ab-b38f-507dad0e31ce,02533a12-451e-43ab-b38f-507dad0e31ce,Rhododendron,2012-06-01,1053383,98,10.57967/hf/5785,0.978125,https://www.inaturalist.org/photos/20608826,green leaves,machine
iNaturalist,Ligustrum sinense,green leaves present,Oleaceae,2012,226,33.5834077479,-84.0580875542,https://www.inaturalist.org/observations/02541dd7-304c-4634-8294-7e110093e9bb,02541dd7-304c-4634-8294-7e110093e9bb,Ligustrum,2012-08-13,247924,122,10.57967/hf/5785,0.9937888198757764,https://www.inaturalist.org/photos/314935353,green leaves,machine
iNaturalist,Lindera obtusiloba,green leaves present,Lauraceae,2012,120,31.2456343722,103.8404256094,https://www.inaturalist.org/observations/0255cdb7-e32f-40e0-95b7-af69d2486312,0255cdb7-e32f-40e0-95b7-af69d2486312,Lindera,2012-04-29,6342379,4,10.57967/hf/5785,0.981132075471698,https://www.inaturalist.org/photos/302812831,green leaves,machine
iNaturalist,Sambucus nigra,green leaves present,Viburnaceae,2010,317,-33.9434,22.46344,https://www.inaturalist.org/observations/025608d0-6f6c-4796-b861-d7244ef10e7b,025608d0-6f6c-4796-b861-d7244ef10e7b,Sambucus,2010-11-13,7682,5,10.57967/hf/5785,0.980806142034549,https://www.inaturalist.org/photos/257736850,green leaves,machine
iNaturalist,Acer pseudoplatanus,colored leaves present,Sapindaceae,2011,247,46.6868,15.96874,https://www.inaturalist.org/observations/025662b7-f93f-4c7f-becc-828268d14bda,025662b7-f93f-4c7f-becc-828268d14bda,Acer,2011-09-04,4724645,1000,10.57967/hf/5785,0.9909784871616932,https://www.inaturalist.org/photos/170249546,colored leaves,machine
iNaturalist,Gleditsia triacanthos,green leaves present,Fabaceae,2013,2,-26.6775759652,27.1054433182,https://www.inaturalist.org/observations/0257094a-462b-4aa0-8eb4-e8ce26fe571d,0257094a-462b-4aa0-8eb4-e8ce26fe571d,Gleditsia,2013-01-02,5545535,4,10.57967/hf/5785,0.9814814814814816,https://www.inaturalist.org/photos/293561445,green leaves,machine
iNaturalist,Toxicodendron diversilobum,green leaves present,Anacardiaceae,2011,106,38.0209236145,-122.6607589722,https://www.inaturalist.org/observations/0257c232-8962-4358-b79a-6e963906eb8a,0257c232-8962-4358-b79a-6e963906eb8a,Toxicodendron,2011-04-16,628,30,10.57967/hf/5785,0.980719794344473,https://www.inaturalist.org/photos/28521,green leaves,machine
iNaturalist,Hibiscus martianus,green leaves present,Malvaceae,2012,288,25.789705,-100.347252,https://www.inaturalist.org/observations/02581e77-9cfd-4e9a-be39-0954780e6654,02581e77-9cfd-4e9a-be39-0954780e6654,Hibiscus,2012-10-14,23621,954,10.57967/hf/5785,0.9938271604938272,https://www.inaturalist.org/photos/628030,green leaves,machine
iNaturalist,Rubus fruticosus,green leaves present,Rosaceae,2007,195,53.6128832613,-2.741052681,https://www.inaturalist.org/observations/025936b4-69e2-4d2c-a7ac-34202fdf04e9,025936b4-69e2-4d2c-a7ac-34202fdf04e9,Rubus,2007-07-14,1430839,53,10.57967/hf/5785,0.9869934967483742,https://www.inaturalist.org/photos/56950577,green leaves,machine
iNaturalist,Ceanothus crassifolius crassifolius,green leaves present,Rhamnaceae,2013,28,34.1802289511,-118.175958395,https://www.inaturalist.org/observations/02598c13-cff2-489d-bf3d-923900f8353c,02598c13-cff2-489d-bf3d-923900f8353c,Ceanothus,2013-01-28,38718,193,10.57967/hf/5785,0.9925742574257426,https://www.inaturalist.org/photos/81281326,green leaves,machine
iNaturalist,Physocarpus opulifolius,green leaves present,Rosaceae,2012,146,42.5423097905,-76.6036196467,https://www.inaturalist.org/observations/025c12ac-ec7e-4ff2-8020-bf95e64f51d9,025c12ac-ec7e-4ff2-8020-bf95e64f51d9,Physocarpus,2012-05-25,2053130,180,10.57967/hf/5785,0.9869934967483742,https://www.inaturalist.org/photos/142168050,green leaves,machine
iNaturalist,Rosa acicularis,green leaves present,Rosaceae,2005,174,50.6827731875,-100.0539659888,https://www.inaturalist.org/observations/025ca518-642f-4c77-b052-0296a262f760,025ca518-642f-4c77-b052-0296a262f760,Rosa,2005-06-23,296618,31,10.57967/hf/5785,0.9869934967483742,https://www.inaturalist.org/photos/50592952,green leaves,machine
iNaturalist,Lonicera hirsuta,green leaves present,Caprifoliaceae,2010,194,47.312756,-83.052831,https://www.inaturalist.org/observations/025d3b70-fb24-4db2-879a-6e95badfa5f9,025d3b70-fb24-4db2-879a-6e95badfa5f9,Lonicera,2010-07-13,254405,50,10.57967/hf/5785,0.996492985971944,https://www.inaturalist.org/photos/27578688,green leaves,machine
iNaturalist,Quercus kelloggii,green leaves present,Fagaceae,2011,219,37.8215298543,-120.0422195751,https://www.inaturalist.org/observations/025ff2f5-4b7e-4158-9c31-662cbfb6540a,025ff2f5-4b7e-4158-9c31-662cbfb6540a,Quercus,2011-08-07,1809129,174,10.57967/hf/5785,0.9927089175546832,https://www.inaturalist.org/photos/55389605,green leaves,machine
iNaturalist,Viburnum opulus,colored leaves present,Viburnaceae,2010,269,54.3631,48.36082,https://www.inaturalist.org/observations/02611e86-15f3-47ab-9418-4e8d67b9a7e3,02611e86-15f3-47ab-9418-4e8d67b9a7e3,Viburnum,2010-09-26,1252324,1000,10.57967/hf/5785,0.9940828402366864,https://www.inaturalist.org/photos/53687775,colored leaves,machine
iNaturalist,Caragana arborescens,green leaves present,Fabaceae,2008,159,54.6181709894,83.9859790049,https://www.inaturalist.org/observations/02636cc2-cca3-438d-a39c-09324f49d9ef,02636cc2-cca3-438d-a39c-09324f49d9ef,Caragana,2008-06-07,2511740,50,10.57967/hf/5785,0.9814814814814816,https://www.inaturalist.org/photos/120622430,green leaves,machine
iNaturalist,Populus tremula,green leaves present,Salicaceae,2011,177,52.3971116001,35.5121649366,https://www.inaturalist.org/observations/0265fb73-8b7a-4f9a-a797-e20ae6bfdf52,0265fb73-8b7a-4f9a-a797-e20ae6bfdf52,Populus,2011-06-26,1917127,244,10.57967/hf/5785,0.9788867562380038,https://www.inaturalist.org/photos/74597084,green leaves,machine
iNaturalist,Vitis aestivalis,green leaves present,Vitaceae,2009,153,43.2131713968,-81.9537522949,https://www.inaturalist.org/observations/026b7538-80e5-466e-84b9-fd798bb9be01,026b7538-80e5-466e-84b9-fd798bb9be01,Vitis,2009-06-02,1106722,15,10.57967/hf/5785,0.9830508474576272,https://www.inaturalist.org/photos/350174312,green leaves,machine
iNaturalist,Ulmus laevis,green leaves present,Ulmaceae,2010,123,50.8871382102,24.3148612976,https://www.inaturalist.org/observations/026c2939-08c4-43c3-ac38-9e672343451e,026c2939-08c4-43c3-ac38-9e672343451e,Ulmus,2010-05-03,2826522,31,10.57967/hf/5785,0.9722222222222222,https://www.inaturalist.org/photos/79333506,green leaves,machine
iNaturalist,Calycanthus floridus,green leaves present,Calycanthaceae,2009,118,32.8476944444,-84.8533444444,https://www.inaturalist.org/observations/026c91ae-e9ab-44e6-8f63-383927066d6e,026c91ae-e9ab-44e6-8f63-383927066d6e,Calycanthus,2009-04-28,2882784,1,10.57967/hf/5785,1,https://www.inaturalist.org/photos/114564397,green leaves,machine
iNaturalist,Sambucus canadensis,green leaves present,Viburnaceae,2011,258,30.5030019186,-90.9321092069,https://www.inaturalist.org/observations/026d24fc-ffb4-496c-9843-06c3da8cfc48,026d24fc-ffb4-496c-9843-06c3da8cfc48,Sambucus,2011-09-15,31793,NA,10.57967/hf/5785,0.980806142034549,https://www.inaturalist.org/photos/12952185,green leaves,machine
iNaturalist,Betula nana,green leaves present,Betulaceae,2012,179,65.6035133333,-37.6596033333,https://www.inaturalist.org/observations/026eccee-10fc-42d3-8806-e107b419f5d8,026eccee-10fc-42d3-8806-e107b419f5d8,Betula,2012-06-27,150795,NA,10.57967/hf/5785,0.9836956521739132,https://www.inaturalist.org/photos/160803181,green leaves,machine
iNaturalist,Alniaria alnifolia,green leaves present,Rosaceae,2010,264,34.083858,107.890478,https://www.inaturalist.org/observations/026fa367-0d99-4746-94f2-9a2f04c9ceea,026fa367-0d99-4746-94f2-9a2f04c9ceea,Alniaria,2010-09-21,3920135,7915,10.57967/hf/5785,0.9869934967483742,https://www.inaturalist.org/photos/351757238,green leaves,machine
iNaturalist,Vaccinium calycinum,green leaves present,Ericaceae,2013,70,22.0913944,-159.55293699999999,https://www.inaturalist.org/observations/02718c9b-6c71-4092-8ad1-cc0065e2f40f,02718c9b-6c71-4092-8ad1-cc0065e2f40f,Vaccinium,2013-03-11,110005,2282,10.57967/hf/5785,0.978125,https://www.inaturalist.org/photos/48627214,green leaves,machine
iNaturalist,Hippophae rhamnoides,green leaves present,Elaeagnaceae,2012,263,60.1470801,19.5470307,https://www.inaturalist.org/observations/02723b39-6d08-4b29-8028-fe6ad0aeaa73,02723b39-6d08-4b29-8028-fe6ad0aeaa73,Hippophae,2012-09-19,2760549,1079,10.57967/hf/5785,1,https://www.inaturalist.org/photos/218187406,green leaves,machine
iNaturalist,Ceanothus herbaceus,green leaves present,Rhamnaceae,2006,161,45.2572857826,-81.6726091847,https://www.inaturalist.org/observations/0274dead-89ff-44fa-bbed-28d5b50c12e8,0274dead-89ff-44fa-bbed-28d5b50c12e8,Ceanothus,2006-06-10,415953,488,10.57967/hf/5785,0.9925742574257426,https://www.inaturalist.org/photos/104747624,green leaves,machine
iNaturalist,Quercus robur,green leaves present,Fagaceae,2012,181,51.2492183979,41.8544200055,https://www.inaturalist.org/observations/02791ba6-df31-4efa-a59f-d73792b5a381,02791ba6-df31-4efa-a59f-d73792b5a381,Quercus,2012-06-29,4372337,21786,10.57967/hf/5785,0.9927089175546832,https://www.inaturalist.org/photos/179639032,green leaves,machine
iNaturalist,Lonicera maackii,green leaves present,Caprifoliaceae,2009,277,40.9612362978,-83.6555627872,https://www.inaturalist.org/observations/027a32f4-9480-4513-8041-229b02c64732,027a32f4-9480-4513-8041-229b02c64732,Lonicera,2009-10-04,321597,448,10.57967/hf/5785,0.996492985971944,https://www.inaturalist.org/photos/4907437,green leaves,machine
iNaturalist,Rhododendron tomentosum,green leaves present,Ericaceae,2005,144,48.7984088124,15.100362482,https://www.inaturalist.org/observations/027cff15-9ee5-4813-87dc-86863fb003dc,027cff15-9ee5-4813-87dc-86863fb003dc,Rhododendron,2005-05-24,3714241,4,10.57967/hf/5785,0.978125,https://www.inaturalist.org/photos/329412213,green leaves,machine
iNaturalist,Toxicodendron radicans,green leaves present,Anacardiaceae,2011,211,43.114025139,-89.6470041068,https://www.inaturalist.org/observations/027f989f-4a2b-4c7d-b2f2-c383d9a8edf9,027f989f-4a2b-4c7d-b2f2-c383d9a8edf9,Toxicodendron,2011-07-30,31449,977,10.57967/hf/5785,0.980719794344473,https://www.inaturalist.org/photos/251241674,green leaves,machine
iNaturalist,Prunus spinosa,green leaves present,Rosaceae,2007,188,54.3658097574,40.1922636743,https://www.inaturalist.org/observations/02822fa0-6bd2-4f27-a19e-d9c9bdbfa915,02822fa0-6bd2-4f27-a19e-d9c9bdbfa915,Prunus,2007-07-07,2102329,15,10.57967/hf/5785,0.9869934967483742,https://www.inaturalist.org/photos/211939020,green leaves,machine
iNaturalist,Aesculus pavia,green leaves present,Sapindaceae,2012,44,30.492564782,-84.5017716254,https://www.inaturalist.org/observations/02829c7b-ccea-4ce2-90ee-f283828aafa4,02829c7b-ccea-4ce2-90ee-f283828aafa4,Aesculus,2012-02-13,4348831,29356,10.57967/hf/5785,0.9802110817941952,https://www.inaturalist.org/photos/334250890,green leaves,machine
iNaturalist,Ceanothus leucodermis,green leaves present,Rhamnaceae,2010,89,32.686456,-116.399663,https://www.inaturalist.org/observations/02832645-9f42-49f7-9fd4-0fb165cadd1c,02832645-9f42-49f7-9fd4-0fb165cadd1c,Ceanothus,2010-03-30,14811,NA,10.57967/hf/5785,0.9925742574257426,https://www.inaturalist.org/photos/320996,green leaves,machine
iNaturalist,Aralia californica,green leaves present,Araliaceae,2011,113,38.5901781894,-123.141076684,https://www.inaturalist.org/observations/0284ec7b-6420-4c54-baa3-f18167033ce8,0284ec7b-6420-4c54-baa3-f18167033ce8,Aralia,2011-04-23,4857,31,10.57967/hf/5785,0.9876543209876544,https://www.inaturalist.org/photos/5384893,green leaves,machine
iNaturalist,Rosa rubiginosa,green leaves present,Rosaceae,2012,91,-33.0144252534,-69.0866660275,https://www.inaturalist.org/observations/0285119f-80d4-4e5b-8494-7e852a15eca7,0285119f-80d4-4e5b-8494-7e852a15eca7,Rosa,2012-03-31,2713693,3906,10.57967/hf/5785,0.9869934967483742,https://www.inaturalist.org/photos/81504691,green leaves,machine
iNaturalist,Robinia pseudoacacia,green leaves present,Fabaceae,2012,138,45.6873310465,12.2701081547,https://www.inaturalist.org/observations/028733ae-ae6e-4544-839c-86eff955295c,028733ae-ae6e-4544-839c-86eff955295c,Robinia,2012-05-17,393102,796,10.57967/hf/5785,0.9814814814814816,https://www.inaturalist.org/photos/170354659,green leaves,machine
iNaturalist,Salix alba,green leaves present,Salicaceae,2006,163,55.8905535911,69.4858023803,https://www.inaturalist.org/observations/02879560-0959-4d75-a568-c0a1d477a72f,02879560-0959-4d75-a568-c0a1d477a72f,Salix,2006-06-12,2967191,122,10.57967/hf/5785,0.9788867562380038,https://www.inaturalist.org/photos/104442723,green leaves,machine
iNaturalist,Ceanothus americanus,green leaves present,Rhamnaceae,2005,178,43.353064,-80.362914,https://www.inaturalist.org/observations/0289b11b-0f65-4ef1-a51b-6ed03d4f3848,0289b11b-0f65-4ef1-a51b-6ed03d4f3848,Ceanothus,2005-06-27,519038,10,10.57967/hf/5785,0.9925742574257426,https://www.inaturalist.org/photos/22779128,green leaves,machine
iNaturalist,Aruncus dioicus,green leaves present,Rosaceae,2006,183,60.9764983333,-149.4750583333,https://www.inaturalist.org/observations/028b1eef-7a69-4f25-910c-30c18eb498b0,028b1eef-7a69-4f25-910c-30c18eb498b0,Aruncus,2006-07-02,2229240,NA,10.57967/hf/5785,0.9869934967483742,https://www.inaturalist.org/photos/108722588,green leaves,machine
iNaturalist,Sassafras albidum,green leaves present,Lauraceae,2006,112,35.5658100812,-87.4473351117,https://www.inaturalist.org/observations/028b5235-bf58-4602-b578-6bdd1e4c5e81,028b5235-bf58-4602-b578-6bdd1e4c5e81,Sassafras,2006-04-22,701875,21,10.57967/hf/5785,0.981132075471698,https://www.inaturalist.org/photos/169309441,green leaves,machine
iNaturalist,Platanus racemosa,green leaves present,Platanaceae,2012,249,34.1848423,-118.0954422,https://www.inaturalist.org/observations/028b54df-fa01-4aba-8d62-be400f29a3db,028b54df-fa01-4aba-8d62-be400f29a3db,Platanus,2012-09-05,9144,811,10.57967/hf/5785,0.9850746268656716,https://www.inaturalist.org/photos/173580,green leaves,machine
iNaturalist,Pistacia lentiscus,green leaves present,Anacardiaceae,2008,79,40.6376827796,0.51462974399999994,https://www.inaturalist.org/observations/028cb126-2240-44b3-8bd0-d9f8f5f5b071,028cb126-2240-44b3-8bd0-d9f8f5f5b071,Pistacia,2008-03-19,4391224,18,10.57967/hf/5785,0.980719794344473,https://www.inaturalist.org/photos/350609612,green leaves,machine
iNaturalist,Ribes aureum,green leaves present,Grossulariaceae,2011,127,34.1162049374,-117.9438789655,https://www.inaturalist.org/observations/028fbbe3-e508-4f20-9a5b-b58d65b06d19,028fbbe3-e508-4f20-9a5b-b58d65b06d19,Ribes,2011-05-07,436984,375,10.57967/hf/5785,0.9775280898876404,https://www.inaturalist.org/photos/247589505,green leaves,machine
iNaturalist,Daphne mezereum,green leaves present,Thymelaeaceae,2004,222,46.2137699333,7.5092204997,https://www.inaturalist.org/observations/02900255-6315-4170-8b33-27e896b08cd2,02900255-6315-4170-8b33-27e896b08cd2,Daphne,2004-08-09,5339666,140,10.57967/hf/5785,1,https://www.inaturalist.org/photos/259975976,green leaves,machine
iNaturalist,Ailanthus altissima,green leaves present,Simaroubaceae,2011,292,36.7586512733,-5.3602328064,https://www.inaturalist.org/observations/02904421-db33-4fd4-b883-f406b0a3d0d8,02904421-db33-4fd4-b883-f406b0a3d0d8,Ailanthus,2011-10-19,3091526,122,10.57967/hf/5785,0.9912280701754386,https://www.inaturalist.org/photos/81348230,green leaves,machine
iNaturalist,Aralia nudicaulis,green leaves present,Araliaceae,2007,171,46.2916866064,-85.2936304251,https://www.inaturalist.org/observations/0291bfb2-9c29-4b87-b1a8-dea48f0db745,0291bfb2-9c29-4b87-b1a8-dea48f0db745,Aralia,2007-06-20,25635,100000,10.57967/hf/5785,0.9876543209876544,https://www.inaturalist.org/photos/59116282,green leaves,machine
iNaturalist,Rubus argutus,green leaves present,Rosaceae,2010,133,30.0345997621,-84.9558760224,https://www.inaturalist.org/observations/029428f1-f88c-41cc-b15f-d82fbbab0eb7,029428f1-f88c-41cc-b15f-d82fbbab0eb7,Rubus,2010-05-13,4348831,29407,10.57967/hf/5785,0.9869934967483742,https://www.inaturalist.org/photos/326239060,green leaves,machine
iNaturalist,Acer negundo,green leaves present,Sapindaceae,2005,142,54.8435443568,83.0888700485,https://www.inaturalist.org/observations/0294356f-a715-4b72-bb63-78a43e4318c3,0294356f-a715-4b72-bb63-78a43e4318c3,Acer,2005-05-22,2511740,160,10.57967/hf/5785,0.9802110817941952,https://www.inaturalist.org/photos/73072160,green leaves,machine
iNaturalist,Sambucus canadensis,green leaves present,Viburnaceae,2012,179,41.0098333333,-81.6846666667,https://www.inaturalist.org/observations/029567c8-f879-4e74-b0cf-b0fb48ba930b,029567c8-f879-4e74-b0cf-b0fb48ba930b,Sambucus,2012-06-27,3518,NA,10.57967/hf/5785,0.980806142034549,https://www.inaturalist.org/photos/140656,green leaves,machine
iNaturalist,Ligustrum sinense,green leaves present,Oleaceae,2012,120,34.8226359123,-87.7104388005,https://www.inaturalist.org/observations/0295ce46-92ec-4e1c-a2d7-92daff761a49,0295ce46-92ec-4e1c-a2d7-92daff761a49,Ligustrum,2012-04-29,3791423,762,10.57967/hf/5785,0.9937888198757764,https://www.inaturalist.org/photos/209298277,green leaves,machine
iNaturalist,Sorbus sibirica,green leaves present,Rosaceae,2006,214,51.125018,83.676957,https://www.inaturalist.org/observations/0295d588-85de-4e7d-9f54-68e53dc56d96,0295d588-85de-4e7d-9f54-68e53dc56d96,Sorbus,2006-08-02,1438110,NA,10.57967/hf/5785,0.9869934967483742,https://www.inaturalist.org/photos/182047625,green leaves,machine
iNaturalist,Sambucus ebulus,green leaves present,Viburnaceae,2011,194,42.1097601061,44.7710122,https://www.inaturalist.org/observations/029641a4-5717-489c-a321-c95588bce155,029641a4-5717-489c-a321-c95588bce155,Sambucus,2011-07-13,4315839,695,10.57967/hf/5785,0.980806142034549,https://www.inaturalist.org/photos/251794190,green leaves,machine
iNaturalist,Salix vestita,green leaves present,Salicaceae,2006,215,50.5729978214,-115.2244690494,https://www.inaturalist.org/observations/02966bfe-47d0-4512-857e-fe0a33efca9c,02966bfe-47d0-4512-857e-fe0a33efca9c,Salix,2006-08-03,3476779,244,10.57967/hf/5785,0.9788867562380038,https://www.inaturalist.org/photos/319661319,green leaves,machine
iNaturalist,Gleditsia triacanthos,green leaves present,Fabaceae,2008,272,47.5091432938,19.2469226941,https://www.inaturalist.org/observations/0297738f-15a7-4f92-bbe3-eed70afb60fb,0297738f-15a7-4f92-bbe3-eed70afb60fb,Gleditsia,2008-09-28,3676808,501,10.57967/hf/5785,0.9814814814814816,https://www.inaturalist.org/photos/263171170,green leaves,machine
iNaturalist,Menispermum canadense,green leaves present,Menispermaceae,2012,169,43.0253266511,-78.4804718095,https://www.inaturalist.org/observations/0297e6ef-4964-48b6-8009-1a7c73e76dfa,0297e6ef-4964-48b6-8009-1a7c73e76dfa,Menispermum,2012-06-17,2617075,364,10.57967/hf/5785,1,https://www.inaturalist.org/photos/111257413,green leaves,machine
iNaturalist,Populus tremuloides,green leaves present,Salicaceae,2006,147,43.9991724772,-107.2048367142,https://www.inaturalist.org/observations/029b1b2b-1454-40ff-9656-b5fe3ec726eb,029b1b2b-1454-40ff-9656-b5fe3ec726eb,Populus,2006-05-27,37031,1478,10.57967/hf/5785,0.9788867562380038,https://www.inaturalist.org/photos/31707045,green leaves,machine
iNaturalist,Rubus hawaiensis,green leaves present,Rosaceae,2012,31,19.595004202,-155.3372373855,https://www.inaturalist.org/observations/029c538c-c877-42f0-9e00-be5f2f1f04ca,029c538c-c877-42f0-9e00-be5f2f1f04ca,Rubus,2012-01-31,14811,30562,10.57967/hf/5785,0.9869934967483742,https://www.inaturalist.org/photos/22468467,green leaves,machine
iNaturalist,Acer pseudosieboldianum,colored leaves present,Sapindaceae,2009,287,43.186676238,131.9191138611,https://www.inaturalist.org/observations/029dae95-e158-4686-aea0-54e59256b31a,029dae95-e158-4686-aea0-54e59256b31a,Acer,2009-10-14,1457470,15,10.57967/hf/5785,0.9909784871616932,https://www.inaturalist.org/photos/130268513,colored leaves,machine
iNaturalist,Populus balsamifera,green leaves present,Salicaceae,2011,198,64.913311055,-23.8817080198,https://www.inaturalist.org/observations/029fcb0b-ae07-411b-b3f4-ed4a6bf25fc6,029fcb0b-ae07-411b-b3f4-ed4a6bf25fc6,Populus,2011-07-17,382400,128,10.57967/hf/5785,0.9788867562380038,https://www.inaturalist.org/photos/246839980,green leaves,machine
iNaturalist,Berberis repens,green leaves present,Berberidaceae,2004,175,40.3427932,-105.6836389,https://www.inaturalist.org/observations/02a01537-69b5-4d75-813f-0b7794894c0f,02a01537-69b5-4d75-813f-0b7794894c0f,Berberis,2004-06-23,746541,30235,10.57967/hf/5785,0.9791044776119404,https://www.inaturalist.org/photos/12951506,green leaves,machine
iNaturalist,Ficus tinctoria,green leaves present,Moraceae,2012,19,22.6983549892,120.3093741277,https://www.inaturalist.org/observations/02a30e18-503c-4b84-92da-29c428b3b7d4,02a30e18-503c-4b84-92da-29c428b3b7d4,Ficus,2012-01-19,5114099,NA,10.57967/hf/5785,1,https://www.inaturalist.org/photos/173387667,green leaves,machine
iNaturalist,Vitis rotundifolia,green leaves present,Vitaceae,2012,134,29.3697122894,-81.7847371424,https://www.inaturalist.org/observations/02a47125-fbed-46c4-8da0-272f23b38235,02a47125-fbed-46c4-8da0-272f23b38235,Vitis,2012-05-13,4348831,29508,10.57967/hf/5785,0.9830508474576272,https://www.inaturalist.org/photos/335266031,green leaves,machine
iNaturalist,Ilex cassine,green leaves present,Aquifoliaceae,2012,57,30.687817005,-85.3286021659,https://www.inaturalist.org/observations/02a532cc-5276-40cc-9a9f-ffedfdc583dc,02a532cc-5276-40cc-9a9f-ffedfdc583dc,Ilex,2012-02-26,907409,61,10.57967/hf/5785,1,https://www.inaturalist.org/photos/28450642,green leaves,machine
iNaturalist,Rubus armeniacus,green leaves present,Rosaceae,2013,41,37.87193093,-122.23863179,https://www.inaturalist.org/observations/02a653a3-6ec2-4f3c-b2ff-a8a08c92c2f7,02a653a3-6ec2-4f3c-b2ff-a8a08c92c2f7,Rubus,2013-02-10,12675,10,10.57967/hf/5785,0.9869934967483742,https://www.inaturalist.org/photos/249882,green leaves,machine
iNaturalist,Smilax bracteata,green leaves present,Smilacaceae,2012,139,25.1448291667,121.7991797222,https://www.inaturalist.org/observations/02a67c8f-29fd-4e9f-85a7-bf96cd161449,02a67c8f-29fd-4e9f-85a7-bf96cd161449,Smilax,2012-05-18,5114099,NA,10.57967/hf/5785,0.9558823529411764,https://www.inaturalist.org/photos/214521243,green leaves,machine
iNaturalist,Rhamnus cathartica,green leaves present,Rhamnaceae,2011,291,51.0854553448,-114.1674734227,https://www.inaturalist.org/observations/02a7a209-0429-4948-842c-4b0bc5d5a4da,02a7a209-0429-4948-842c-4b0bc5d5a4da,Rhamnus,2011-10-18,666362,61,10.57967/hf/5785,0.9925742574257426,https://www.inaturalist.org/photos/112893974,green leaves,machine
iNaturalist,Frangula purshiana,green leaves present,Rhamnaceae,2010,247,48.931845235,-122.2566974883,https://www.inaturalist.org/observations/02a7bba0-8d7b-4e21-8674-9a04f974de7d,02a7bba0-8d7b-4e21-8674-9a04f974de7d,Frangula,2010-09-04,317,500,10.57967/hf/5785,0.9925742574257426,https://www.inaturalist.org/photos/64552726,green leaves,machine
iNaturalist,Aralia decaisneana,green leaves present,Araliaceae,2008,29,25.1669772837,121.5398040307,https://www.inaturalist.org/observations/02a864a7-4917-4143-9a05-0d25cc6753ab,02a864a7-4917-4143-9a05-0d25cc6753ab,Aralia,2008-01-29,5114099,31,10.57967/hf/5785,0.9876543209876544,https://www.inaturalist.org/photos/168785204,green leaves,machine
iNaturalist,Lonicera caerulea,green leaves present,Caprifoliaceae,2004,233,46.1559216655,7.5657079953,https://www.inaturalist.org/observations/02a898b6-c9a0-4317-a960-a38cdae08dbf,02a898b6-c9a0-4317-a960-a38cdae08dbf,Lonicera,2004-08-20,5339666,140,10.57967/hf/5785,0.996492985971944,https://www.inaturalist.org/photos/220706331,green leaves,machine
iNaturalist,Gaylussacia baccata,green leaves present,Ericaceae,2012,119,42.9136417234,-71.553944812,https://www.inaturalist.org/observations/02a997f0-2d94-4cf5-a301-5b92a9b0a109,02a997f0-2d94-4cf5-a301-5b92a9b0a109,Gaylussacia,2012-04-28,4348831,27568,10.57967/hf/5785,0.978125,https://www.inaturalist.org/photos/334606636,green leaves,machine
iNaturalist,Rosa rubiginosa,green leaves present,Rosaceae,2012,323,-42.8837925198,-71.5966623451,https://www.inaturalist.org/observations/02abdbcb-41bc-49dd-8ff3-75bbb0d214af,02abdbcb-41bc-49dd-8ff3-75bbb0d214af,Rosa,2012-11-18,893121,61,10.57967/hf/5785,0.9869934967483742,https://www.inaturalist.org/photos/63609268,green leaves,machine
iNaturalist,Lonicera caerulea,green leaves present,Caprifoliaceae,2011,176,54.7427288159,158.6651045468,https://www.inaturalist.org/observations/02ad1174-aa1e-40db-9a90-fc1394b98e17,02ad1174-aa1e-40db-9a90-fc1394b98e17,Lonicera,2011-06-25,1755659,6,10.57967/hf/5785,0.996492985971944,https://www.inaturalist.org/photos/111919271,green leaves,machine
iNaturalist,Elaeagnus angustifolia,green leaves present,Elaeagnaceae,1998,159,49.858614,-119.431393,https://www.inaturalist.org/observations/02ae2131-c022-41d7-aa92-0d70a889abdc,02ae2131-c022-41d7-aa92-0d70a889abdc,Elaeagnus,1998-06-08,717200,500,10.57967/hf/5785,1,https://www.inaturalist.org/photos/180983513,green leaves,machine
iNaturalist,Salix polaris,green leaves present,Salicaceae,2004,220,74.43583,99.71121,https://www.inaturalist.org/observations/02ae3e44-f893-48e3-b2b9-ac38a942091b,02ae3e44-f893-48e3-b2b9-ac38a942091b,Salix,2004-08-07,1426686,25,10.57967/hf/5785,0.9788867562380038,https://www.inaturalist.org/photos/64521220,green leaves,machine
iNaturalist,Clematis lasiantha,green leaves present,Ranunculaceae,2009,88,37.9105911255,-121.9345169067,https://www.inaturalist.org/observations/02aec3c3-439c-46ca-a114-2c0f48586845,02aec3c3-439c-46ca-a114-2c0f48586845,Clematis,2009-03-29,1,NA,10.57967/hf/5785,0.9668508287292816,https://www.inaturalist.org/photos/2734,green leaves,machine
iNaturalist,Rhododendron groenlandicum,green leaves present,Ericaceae,2011,177,47.952670444,-124.2849675716,https://www.inaturalist.org/observations/02b008f6-4f7a-4494-8014-38be5768c2c4,02b008f6-4f7a-4494-8014-38be5768c2c4,Rhododendron,2011-06-26,4348831,26775,10.57967/hf/5785,0.978125,https://www.inaturalist.org/photos/331440700,green leaves,machine
iNaturalist,Pistacia lentiscus,green leaves present,Anacardiaceae,2004,51,36.7658419832,-5.2219390869,https://www.inaturalist.org/observations/02b311a1-3c7a-4f5f-a147-9281f775dbcd,02b311a1-3c7a-4f5f-a147-9281f775dbcd,Pistacia,2004-02-20,1978464,NA,10.57967/hf/5785,0.980719794344473,https://www.inaturalist.org/photos/57725839,green leaves,machine
iNaturalist,Ficus carica,green leaves present,Moraceae,2008,197,43.0858510152,40.8145105555,https://www.inaturalist.org/observations/02b3d64a-43d7-4b8e-a6ff-76d11070bc82,02b3d64a-43d7-4b8e-a6ff-76d11070bc82,Ficus,2008-07-15,1917127,8,10.57967/hf/5785,1,https://www.inaturalist.org/photos/62742442,green leaves,machine
iNaturalist,Lonicera japonica,green leaves present,Caprifoliaceae,2009,310,30.214305,-91.996438,https://www.inaturalist.org/observations/02b42920-e0f2-4f77-8d0d-43154e54b94f,02b42920-e0f2-4f77-8d0d-43154e54b94f,Lonicera,2009-11-06,73661,28,10.57967/hf/5785,0.996492985971944,https://www.inaturalist.org/photos/1532227,green leaves,machine
iNaturalist,Quercus virginiana,green leaves present,Fagaceae,2007,76,33.7918719,-80.7490486,https://www.inaturalist.org/observations/02b7cfef-54d6-4353-88c8-01a33fe3bb36,02b7cfef-54d6-4353-88c8-01a33fe3bb36,Quercus,2007-03-17,43898,9384,10.57967/hf/5785,0.9927089175546832,https://www.inaturalist.org/photos/212340928,green leaves,machine
iNaturalist,Acer platanoides,colored leaves present,Sapindaceae,2007,280,55.441570334,46.40580621,https://www.inaturalist.org/observations/02b883c0-0921-44bd-9e3c-b012096afca5,02b883c0-0921-44bd-9e3c-b012096afca5,Acer,2007-10-07,1363782,115,10.57967/hf/5785,0.9909784871616932,https://www.inaturalist.org/photos/51985678,colored leaves,machine
iNaturalist,Amorpha canescens,green leaves present,Fabaceae,2011,201,41.5652509382,-93.0135057494,https://www.inaturalist.org/observations/02bb4946-3d2b-4abe-8538-93e01f18b372,02bb4946-3d2b-4abe-8538-93e01f18b372,Amorpha,2011-07-20,751586,225,10.57967/hf/5785,0.9814814814814816,https://www.inaturalist.org/photos/227824510,green leaves,machine
iNaturalist,Salix myricoides,green leaves present,Salicaceae,2006,251,42.54773718,-80.05157922,https://www.inaturalist.org/observations/02bccc68-91ac-422f-b6d6-c2da2a0489a3,02bccc68-91ac-422f-b6d6-c2da2a0489a3,Salix,2006-09-08,111485,5,10.57967/hf/5785,0.9788867562380038,https://www.inaturalist.org/photos/99200028,green leaves,machine
iNaturalist,Frangula californica,green leaves present,Rhamnaceae,2013,72,34.1945525064,-118.1728506088,https://www.inaturalist.org/observations/02bd42c3-51fb-43a1-b58f-1686756b7309,02bd42c3-51fb-43a1-b58f-1686756b7309,Frangula,2013-03-13,12815,NA,10.57967/hf/5785,0.9925742574257426,https://www.inaturalist.org/photos/285513,green leaves,machine
iNaturalist,Platanus racemosa,green leaves present,Platanaceae,2012,256,34.179193,-118.09689,https://www.inaturalist.org/observations/02bf12fe-2b8c-4076-840a-0446be166e5f,02bf12fe-2b8c-4076-840a-0446be166e5f,Platanus,2012-09-12,9115,15,10.57967/hf/5785,0.9850746268656716,https://www.inaturalist.org/photos/174910,green leaves,machine
iNaturalist,Rhamnus cathartica,green leaves present,Rhamnaceae,2011,193,47.7895983333,15.9146683333,https://www.inaturalist.org/observations/02c0cbd2-51ae-43fc-b753-2c3a9bab5e7f,02c0cbd2-51ae-43fc-b753-2c3a9bab5e7f,Rhamnus,2011-07-12,781168,NA,10.57967/hf/5785,0.9925742574257426,https://www.inaturalist.org/photos/59581802,green leaves,machine
iNaturalist,Berberis thunbergii,green leaves present,Berberidaceae,2012,137,44.489427,-73.180108,https://www.inaturalist.org/observations/02c686b7-c92a-47d6-9e7d-d30be0ed4271,02c686b7-c92a-47d6-9e7d-d30be0ed4271,Berberis,2012-05-16,2179,5,10.57967/hf/5785,0.9791044776119404,https://www.inaturalist.org/photos/117556,green leaves,machine
iNaturalist,Rubus wallichianus,green leaves present,Rosaceae,2012,238,24.6280712508,121.1625116417,https://www.inaturalist.org/observations/02c69665-9643-46bf-a1b5-d26d6073ccdf,02c69665-9643-46bf-a1b5-d26d6073ccdf,Rubus,2012-08-25,1013900,15,10.57967/hf/5785,0.9869934967483742,https://www.inaturalist.org/photos/173862390,green leaves,machine
iNaturalist,Symphoricarpos albus,green leaves present,Caprifoliaceae,2012,247,47.6561257031,-122.1092931592,https://www.inaturalist.org/observations/02c9d972-72a5-4dcb-9f1b-efb3979ea0c6,02c9d972-72a5-4dcb-9f1b-efb3979ea0c6,Symphoricarpos,2012-09-03,46945,101,10.57967/hf/5785,0.996492985971944,https://www.inaturalist.org/photos/70838781,green leaves,machine
iNaturalist,Ficus carica,green leaves present,Moraceae,2012,94,33.0734104927,35.6007547304,https://www.inaturalist.org/observations/02cbb946-6fb7-43a1-a083-624b16ea52a1,02cbb946-6fb7-43a1-a083-624b16ea52a1,Ficus,2012-04-03,7153552,NA,10.57967/hf/5785,1,https://www.inaturalist.org/photos/332140754,green leaves,machine
iNaturalist,Cornus controversa,green leaves present,Cornaceae,2003,116,24.6868644469,121.2821554083,https://www.inaturalist.org/observations/02d033a9-b359-4828-975b-940781eebb49,02d033a9-b359-4828-975b-940781eebb49,Cornus,2003-04-26,4235415,6738,10.57967/hf/5785,0.97435897435897445,https://www.inaturalist.org/photos/161476331,green leaves,machine
iNaturalist,Smilax rotundifolia,green leaves present,Smilacaceae,2012,175,38.499561,-75.0786357,https://www.inaturalist.org/observations/02d111b6-8a6a-49e8-8ad8-d96babb0e82a,02d111b6-8a6a-49e8-8ad8-d96babb0e82a,Smilax,2012-06-23,13935,181,10.57967/hf/5785,0.9558823529411764,https://www.inaturalist.org/photos/61312369,green leaves,machine
iNaturalist,Ilex crenata,green leaves present,Aquifoliaceae,2012,216,41.0604213,-81.3550663,https://www.inaturalist.org/observations/02d169e5-2317-4a87-aca6-bc394e1baeae,02d169e5-2317-4a87-aca6-bc394e1baeae,Ilex,2012-08-03,4860,2718,10.57967/hf/5785,1,https://www.inaturalist.org/photos/155962,green leaves,machine
iNaturalist,Populus tremuloides,green leaves present,Salicaceae,2010,216,36.540386,-112.341576,https://www.inaturalist.org/observations/02d2f02a-16f8-45a3-805e-027562d6477e,02d2f02a-16f8-45a3-805e-027562d6477e,Populus,2010-08-04,1349560,NA,10.57967/hf/5785,0.9788867562380038,https://www.inaturalist.org/photos/162815546,green leaves,machine
iNaturalist,Elliottia racemosa,green leaves present,Ericaceae,1977,125,32.8208850638,-81.4754108245,https://www.inaturalist.org/observations/02d3ecb5-c31c-4b0e-bca6-f2b39fb718d4,02d3ecb5-c31c-4b0e-bca6-f2b39fb718d4,Elliottia,1977-05-05,679140,29100,10.57967/hf/5785,0.978125,https://www.inaturalist.org/photos/110605371,green leaves,machine
iNaturalist,Fraxinus ornus,green leaves present,Oleaceae,2012,124,43.7793619968,16.6561531974,https://www.inaturalist.org/observations/02d7023f-a6da-43b9-a0b4-d528544cf32a,02d7023f-a6da-43b9-a0b4-d528544cf32a,Fraxinus,2012-05-03,3714241,15,10.57967/hf/5785,0.9937888198757764,https://www.inaturalist.org/photos/323264645,green leaves,machine
iNaturalist,Robinia pseudoacacia,green leaves present,Fabaceae,2012,143,42.315407,43.356892,https://www.inaturalist.org/observations/02d70fdd-ce06-42cc-a6b2-4662ad99e651,02d70fdd-ce06-42cc-a6b2-4662ad99e651,Robinia,2012-05-22,6613487,309191,10.57967/hf/5785,0.9814814814814816,https://www.inaturalist.org/photos/317573442,green leaves,machine
iNaturalist,Amelanchier arborea,green leaves present,Rosaceae,2010,125,41.5823709325,-81.9977346046,https://www.inaturalist.org/observations/02d8311d-5564-43ae-bca1-8120483c3413,02d8311d-5564-43ae-bca1-8120483c3413,Amelanchier,2010-05-05,182332,27785,10.57967/hf/5785,0.9869934967483742,https://www.inaturalist.org/photos/139527557,green leaves,machine
iNaturalist,Cephalanthus salicifolius,green leaves present,Rubiaceae,2009,88,23.4746427,-104.3939719,https://www.inaturalist.org/observations/02d83af9-afdc-4444-9ac1-10992b339c26,02d83af9-afdc-4444-9ac1-10992b339c26,Cephalanthus,2009-03-29,3477948,1586,10.57967/hf/5785,0.9846938775510204,https://www.inaturalist.org/photos/93174740,green leaves,machine
iNaturalist,Quercus rubra,green leaves present,Fagaceae,2007,150,54.6206651753,39.7575340544,https://www.inaturalist.org/observations/02d8b5e6-50f2-4f38-9a66-017014a88f25,02d8b5e6-50f2-4f38-9a66-017014a88f25,Quercus,2007-05-30,2102329,2,10.57967/hf/5785,0.9927089175546832,https://www.inaturalist.org/photos/207939786,green leaves,machine
iNaturalist,Lonicera subspicata,green leaves present,Caprifoliaceae,2009,166,37.871729,-121.918252,https://www.inaturalist.org/observations/02dc26b9-0b2d-457e-a2a7-160b1ef1634b,02dc26b9-0b2d-457e-a2a7-160b1ef1634b,Lonicera,2009-06-15,38530,9102,10.57967/hf/5785,0.996492985971944,https://www.inaturalist.org/photos/1559868,green leaves,machine
iNaturalist,Rhododendron ferrugineum,green leaves present,Ericaceae,2008,185,46.3548343962,11.500284861,https://www.inaturalist.org/observations/02dc68b2-3ad5-4cda-bba6-1a77622e9918,02dc68b2-3ad5-4cda-bba6-1a77622e9918,Rhododendron,2008-07-03,2522419,61,10.57967/hf/5785,0.978125,https://www.inaturalist.org/photos/62164880,green leaves,machine
iNaturalist,Lonicera involucrata,green leaves present,Caprifoliaceae,2009,182,49.39315,-119.90105,https://www.inaturalist.org/observations/02dca982-323c-4766-83a0-2e50023255a2,02dca982-323c-4766-83a0-2e50023255a2,Lonicera,2009-07-01,566241,NA,10.57967/hf/5785,0.996492985971944,https://www.inaturalist.org/photos/12663825,green leaves,machine
iNaturalist,Fagus grandifolia,green leaves present,Fagaceae,2011,191,45.633097,-75.937857,https://www.inaturalist.org/observations/02dec8fe-06ad-4087-b3a8-1b804bc2f44c,02dec8fe-06ad-4087-b3a8-1b804bc2f44c,Fagus,2011-07-10,164015,100,10.57967/hf/5785,0.9927089175546832,https://www.inaturalist.org/photos/2835600,green leaves,machine
iNaturalist,Pyrus communis,green leaves present,Rosaceae,2010,166,49.7960180665,41.0210181569,https://www.inaturalist.org/observations/02dedd35-0e76-4460-b723-13b687629152,02dedd35-0e76-4460-b723-13b687629152,Pyrus,2010-06-15,1420575,500,10.57967/hf/5785,0.9869934967483742,https://www.inaturalist.org/photos/32623136,green leaves,machine
iNaturalist,Diervilla lonicera,green leaves present,Caprifoliaceae,1986,164,41.2065120568,-81.4608198681,https://www.inaturalist.org/observations/02deef3f-28b6-49e4-9663-023a6725ea7f,02deef3f-28b6-49e4-9663-023a6725ea7f,Diervilla,1986-06-13,182332,27816,10.57967/hf/5785,0.996492985971944,https://www.inaturalist.org/photos/262332482,green leaves,machine
iNaturalist,Zanthoxylum clava-herculis,green leaves present,Rutaceae,2011,165,31.1900299554,-86.7123901046,https://www.inaturalist.org/observations/02e06232-9e9e-4e64-bdb4-3aa7ccba67bd,02e06232-9e9e-4e64-bdb4-3aa7ccba67bd,Zanthoxylum,2011-06-14,120071,15,10.57967/hf/5785,1,https://www.inaturalist.org/photos/53149227,green leaves,machine
iNaturalist,Prunus padus,breaking buds present,Rosaceae,2010,111,55.4854791054,46.3438994685,https://www.inaturalist.org/observations/02e10438-d83c-4919-901e-dcb491c6cb53,02e10438-d83c-4919-901e-dcb491c6cb53,Prunus,2010-04-21,1363782,14,10.57967/hf/5785,0.9941320293398532,https://www.inaturalist.org/photos/33418272,breaking buds,machine
iNaturalist,Betula papyrifera,green leaves present,Betulaceae,2012,134,42.4421125884,-71.485778438,https://www.inaturalist.org/observations/02e153b1-0c41-4111-81cd-71d92cb06e48,02e153b1-0c41-4111-81cd-71d92cb06e48,Betula,2012-05-13,263,5,10.57967/hf/5785,0.9836956521739132,https://www.inaturalist.org/photos/115988,green leaves,machine
iNaturalist,Sorbus americana,green leaves present,Rosaceae,2011,246,42.6909758646,-73.0699165199,https://www.inaturalist.org/observations/02e23337-db93-4a0d-9098-461322442165,02e23337-db93-4a0d-9098-461322442165,Sorbus,2011-09-03,1059434,15,10.57967/hf/5785,0.9869934967483742,https://www.inaturalist.org/photos/110951252,green leaves,machine
iNaturalist,Chionanthus virginicus,green leaves present,Oleaceae,1998,102,34.7319494,-82.8518486,https://www.inaturalist.org/observations/02e3890b-69c9-49d0-9194-b664fe722fd4,02e3890b-69c9-49d0-9194-b664fe722fd4,Chionanthus,1998-04-12,1408150,370,10.57967/hf/5785,0.9937888198757764,https://www.inaturalist.org/photos/305829785,green leaves,machine
iNaturalist,Ilex aquifolium,green leaves present,Aquifoliaceae,2006,255,48.7845617726,-123.0453254846,https://www.inaturalist.org/observations/02e4fa9c-c3ce-439e-a6c3-8d66d316501b,02e4fa9c-c3ce-439e-a6c3-8d66d316501b,Ilex,2006-09-12,424061,244,10.57967/hf/5785,1,https://www.inaturalist.org/photos/177296047,green leaves,machine
iNaturalist,Alnus alnobetula sinuata,green leaves present,Betulaceae,2011,171,51.600716319,-127.9806804657,https://www.inaturalist.org/observations/02e66ec6-c9bd-433d-a5fc-529674c03a96,02e66ec6-c9bd-433d-a5fc-529674c03a96,Alnus,2011-06-20,515751,244,10.57967/hf/5785,0.9836956521739132,https://www.inaturalist.org/photos/10049273,green leaves,machine
iNaturalist,Alnus alnobetula fruticosa,green leaves present,Betulaceae,2009,179,70.54997,101.24267,https://www.inaturalist.org/observations/02e70681-5dd0-48d5-94fe-31095c2aa9e5,02e70681-5dd0-48d5-94fe-31095c2aa9e5,Alnus,2009-06-28,1426686,50,10.57967/hf/5785,0.9836956521739132,https://www.inaturalist.org/photos/111211814,green leaves,machine
iNaturalist,Cornus nuttallii,green leaves present,Cornaceae,2009,126,49.4592529,-123.234139,https://www.inaturalist.org/observations/02e7dab1-8348-4cb4-ad5e-199a8e40525c,02e7dab1-8348-4cb4-ad5e-199a8e40525c,Cornus,2009-05-06,825722,2028,10.57967/hf/5785,0.97435897435897445,https://www.inaturalist.org/photos/146970334,green leaves,machine
iNaturalist,Sambucus canadensis,green leaves present,Viburnaceae,2012,92,41.038206,-74.122311,https://www.inaturalist.org/observations/02e9aae6-5d04-494b-96ab-31d5d8607b53,02e9aae6-5d04-494b-96ab-31d5d8607b53,Sambucus,2012-04-01,70841,16,10.57967/hf/5785,0.980806142034549,https://www.inaturalist.org/photos/14039193,green leaves,machine
iNaturalist,Sorbaria sorbifolia,green leaves present,Rosaceae,2011,204,50.8148088862,117.7628642195,https://www.inaturalist.org/observations/02ea4193-f260-4d13-8f43-6e024071acc6,02ea4193-f260-4d13-8f43-6e024071acc6,Sorbaria,2011-07-23,3422482,61,10.57967/hf/5785,0.9869934967483742,https://www.inaturalist.org/photos/329188141,green leaves,machine
iNaturalist,Dasiphora fruticosa,green leaves present,Rosaceae,1980,162,44.4583035768,-75.8683977759,https://www.inaturalist.org/observations/02eafb20-b0dc-48f8-9355-a58ec898da51,02eafb20-b0dc-48f8-9355-a58ec898da51,Dasiphora,1980-06-10,437461,100,10.57967/hf/5785,0.9869934967483742,https://www.inaturalist.org/photos/31898675,green leaves,machine
iNaturalist,Populus grandidentata,green leaves present,Salicaceae,2010,106,39.2062585,-76.7474268,https://www.inaturalist.org/observations/02ee6c03-b72b-497a-907c-b37fee6e9a3f,02ee6c03-b72b-497a-907c-b37fee6e9a3f,Populus,2010-04-16,43448,56,10.57967/hf/5785,0.9788867562380038,https://www.inaturalist.org/photos/170655332,green leaves,machine
iNaturalist,Vaccinium uliginosum,green leaves present,Ericaceae,2007,214,64.3412999113,-172.9300753979,https://www.inaturalist.org/observations/02ee9f38-ef71-4b60-9dfb-cb82961ec8c0,02ee9f38-ef71-4b60-9dfb-cb82961ec8c0,Vaccinium,2007-08-02,1446148,31,10.57967/hf/5785,0.978125,https://www.inaturalist.org/photos/226587748,green leaves,machine
iNaturalist,Quercus laevis,green leaves present,Fagaceae,2011,120,34.047255,-77.911777,https://www.inaturalist.org/observations/02f01278-290f-4f73-93c9-84cd7fc8c1c5,02f01278-290f-4f73-93c9-84cd7fc8c1c5,Quercus,2011-04-30,13167,880,10.57967/hf/5785,0.9927089175546832,https://www.inaturalist.org/photos/381046,green leaves,machine
iNaturalist,Vaccinium vitis-idaea,green leaves present,Ericaceae,2010,247,67.7423757482,-106.4277186892,https://www.inaturalist.org/observations/02f2370f-5c3f-4bbb-8ec7-f030cd344bf5,02f2370f-5c3f-4bbb-8ec7-f030cd344bf5,Vaccinium,2010-09-04,134551,977,10.57967/hf/5785,0.978125,https://www.inaturalist.org/photos/348318289,green leaves,machine
iNaturalist,Actaea rubra,green leaves present,Ranunculaceae,2011,230,35.6736704148,-105.8467937325,https://www.inaturalist.org/observations/02f404dc-32a5-4efe-a393-57e569d9a3fe,02f404dc-32a5-4efe-a393-57e569d9a3fe,Actaea,2011-08-18,4348831,28649,10.57967/hf/5785,0.9668508287292816,https://www.inaturalist.org/photos/331604893,green leaves,machine
iNaturalist,Daphne mezereum,green leaves present,Thymelaeaceae,2012,231,46.0958880928,11.8079550036,https://www.inaturalist.org/observations/02f40544-db2d-45aa-ba59-b3d4acec94ae,02f40544-db2d-45aa-ba59-b3d4acec94ae,Daphne,2012-08-18,512793,2131,10.57967/hf/5785,1,https://www.inaturalist.org/photos/110893783,green leaves,machine
iNaturalist,Rubus leightonii,green leaves present,Rosaceae,2012,197,53.8251812813,-2.2453237446,https://www.inaturalist.org/observations/02f4070f-7201-4940-9ef9-b0312529fa01,02f4070f-7201-4940-9ef9-b0312529fa01,Rubus,2012-07-15,1430839,25,10.57967/hf/5785,0.9869934967483742,https://www.inaturalist.org/photos/61000936,green leaves,machine
iNaturalist,Hibiscus laevis,green leaves present,Malvaceae,2009,202,41.2325247159,-91.1285293847,https://www.inaturalist.org/observations/02f4485e-9109-4769-9ace-2d38ea2bfde3,02f4485e-9109-4769-9ace-2d38ea2bfde3,Hibiscus,2009-07-21,751586,162,10.57967/hf/5785,0.9938271604938272,https://www.inaturalist.org/photos/243469997,green leaves,machine
iNaturalist,Acer ukurunduense,green leaves present,Sapindaceae,2001,228,52.48834,129.97461,https://www.inaturalist.org/observations/02f54831-48f8-4d4f-9e81-2370cf26d3ed,02f54831-48f8-4d4f-9e81-2370cf26d3ed,Acer,2001-08-16,2751643,30,10.57967/hf/5785,0.9802110817941952,https://www.inaturalist.org/photos/254347713,green leaves,machine
iNaturalist,Rosa glabrifolia,green leaves present,Rosaceae,2005,229,55.5419931122,46.2054981317,https://www.inaturalist.org/observations/02f8f8cc-66f3-4fd8-94ca-5bd8caee8407,02f8f8cc-66f3-4fd8-94ca-5bd8caee8407,Rosa,2005-08-17,1363782,31,10.57967/hf/5785,0.9869934967483742,https://www.inaturalist.org/photos/54708000,green leaves,machine
iNaturalist,Berberis julianae,green leaves present,Berberidaceae,2012,72,33.5748132593,-84.075860122700007,https://www.inaturalist.org/observations/02fa0493-911b-4640-aeca-8120fb373ac5,02fa0493-911b-4640-aeca-8120fb373ac5,Berberis,2012-03-12,247924,31,10.57967/hf/5785,0.9791044776119404,https://www.inaturalist.org/photos/228705809,green leaves,machine
iNaturalist,Cornus canadensis,green leaves present,Cornaceae,2005,167,45.8371591,-78.3791239,https://www.inaturalist.org/observations/02fd4fa3-c242-45c3-8f09-25c36553a89c,02fd4fa3-c242-45c3-8f09-25c36553a89c,Cornus,2005-06-16,669736,45593,10.57967/hf/5785,0.97435897435897445,https://www.inaturalist.org/photos/30179487,green leaves,machine
iNaturalist,Actaea rubra,green leaves present,Ranunculaceae,2010,204,40.58139,-111.606,https://www.inaturalist.org/observations/02fdbda6-ceb8-4dc4-8b9a-d9ef6b4c9974,02fdbda6-ceb8-4dc4-8b9a-d9ef6b4c9974,Actaea,2010-07-23,228090,NA,10.57967/hf/5785,0.9668508287292816,https://www.inaturalist.org/photos/322914511,green leaves,machine
iNaturalist,Betula alleghaniensis,green leaves present,Betulaceae,2012,225,44.225852,-72.366447,https://www.inaturalist.org/observations/02fe7d90-b8f3-4b73-9f61-f0d2a3d0f366,02fe7d90-b8f3-4b73-9f61-f0d2a3d0f366,Betula,2012-08-12,2179,5,10.57967/hf/5785,0.9836956521739132,https://www.inaturalist.org/photos/159841,green leaves,machine
iNaturalist,Prunus tenella,green leaves present,Rosaceae,2010,169,51.2002628907,37.6411039479,https://www.inaturalist.org/observations/0300cf1f-f02a-41d7-b9ae-fda283bf7bb3,0300cf1f-f02a-41d7-b9ae-fda283bf7bb3,Prunus,2010-06-18,1917127,40,10.57967/hf/5785,0.9869934967483742,https://www.inaturalist.org/photos/67467865,green leaves,machine
iNaturalist,Prunus padus,green leaves present,Rosaceae,2010,161,54.8762873046,83.1260476846,https://www.inaturalist.org/observations/03036cd7-6715-4fcc-8a0b-62fce422d209,03036cd7-6715-4fcc-8a0b-62fce422d209,Prunus,2010-06-10,2511740,250,10.57967/hf/5785,0.9869934967483742,https://www.inaturalist.org/photos/119843251,green leaves,machine
iNaturalist,Vaccinium uliginosum,green leaves present,Ericaceae,2009,177,51.5808339019,-68.0545552768,https://www.inaturalist.org/observations/03049e8d-f584-45d0-b0d3-bcc8a5329a38,03049e8d-f584-45d0-b0d3-bcc8a5329a38,Vaccinium,2009-06-26,280446,50,10.57967/hf/5785,0.978125,https://www.inaturalist.org/photos/110739488,green leaves,machine
iNaturalist,Rubus idaeus,green leaves present,Rosaceae,2012,196,58.5452292529,50.014985695,https://www.inaturalist.org/observations/03058b4a-e166-48b8-97f0-a7ad73de9ba2,03058b4a-e166-48b8-97f0-a7ad73de9ba2,Rubus,2012-07-14,830550,150,10.57967/hf/5785,0.9869934967483742,https://www.inaturalist.org/photos/256782439,green leaves,machine
iNaturalist,Alnus alnobetula fruticosa,green leaves present,Betulaceae,2007,214,57.4204753787,102.5013813512,https://www.inaturalist.org/observations/03058e4d-2c48-4b75-aea5-10a393235896,03058e4d-2c48-4b75-aea5-10a393235896,Alnus,2007-08-02,1448083,61,10.57967/hf/5785,0.9836956521739132,https://www.inaturalist.org/photos/179969735,green leaves,machine
iNaturalist,Frangula alnus,green leaves present,Rhamnaceae,2006,161,54.4234240328,10.0742398745,https://www.inaturalist.org/observations/03061ec1-fcce-48f0-987d-30f4ede4dc72,03061ec1-fcce-48f0-987d-30f4ede4dc72,Frangula,2006-06-10,1471889,211,10.57967/hf/5785,0.9925742574257426,https://www.inaturalist.org/photos/40032595,green leaves,machine
iNaturalist,Ficus benghalensis,green leaves present,Moraceae,2010,17,19.330538,72.815581,https://www.inaturalist.org/observations/03064332-e9a8-492b-9472-f00666d6d029,03064332-e9a8-492b-9472-f00666d6d029,Ficus,2010-01-17,24158,NA,10.57967/hf/5785,1,https://www.inaturalist.org/photos/256359689,green leaves,machine
iNaturalist,Clematis paniculata,green leaves present,Ranunculaceae,2010,320,-43.7194879562,172.7973368685,https://www.inaturalist.org/observations/030a6eab-e2da-4044-8aed-1f1e341a1044,030a6eab-e2da-4044-8aed-1f1e341a1044,Clematis,2010-11-16,4850376,15,10.57967/hf/5785,0.9668508287292816,https://www.inaturalist.org/photos/154113852,green leaves,machine
iNaturalist,Quercus polymorpha,green leaves present,Fagaceae,2011,209,13.9003430509,-86.8601002489,https://www.inaturalist.org/observations/030c3000-8c0d-41f6-ad67-e44a3c1e0f4a,030c3000-8c0d-41f6-ad67-e44a3c1e0f4a,Quercus,2011-07-28,637404,31,10.57967/hf/5785,0.9927089175546832,https://www.inaturalist.org/photos/59750183,green leaves,machine
iNaturalist,Populus tremula,green leaves present,Salicaceae,2010,213,56.5654138889,33.9224305556,https://www.inaturalist.org/observations/030e08b6-0d3a-4160-814d-09c0e03df1c6,030e08b6-0d3a-4160-814d-09c0e03df1c6,Populus,2010-08-01,1363782,NA,10.57967/hf/5785,0.9788867562380038,https://www.inaturalist.org/photos/33715601,green leaves,machine
iNaturalist,Ribes glandulosum,colored leaves present,Grossulariaceae,2010,261,51.649387945,-68.0064918439,https://www.inaturalist.org/observations/03104f28-b372-4312-b1d6-8148e9743980,03104f28-b372-4312-b1d6-8148e9743980,Ribes,2010-09-18,280446,26164,10.57967/hf/5785,1,https://www.inaturalist.org/photos/111393216,colored leaves,machine
iNaturalist,Daphne mezereum,green leaves present,Thymelaeaceae,2005,200,48.2630776818,23.6411743819,https://www.inaturalist.org/observations/03105fd8-9d9f-4bca-bd88-3bb8c12650af,03105fd8-9d9f-4bca-bd88-3bb8c12650af,Daphne,2005-07-19,2179089,15,10.57967/hf/5785,1,https://www.inaturalist.org/photos/87075975,green leaves,machine
iNaturalist,Liriodendron tulipifera,green leaves present,Magnoliaceae,2012,249,38.9442716667,-77.370365,https://www.inaturalist.org/observations/0311efe4-e2db-4d99-97ac-92007d5d32fd,0311efe4-e2db-4d99-97ac-92007d5d32fd,Liriodendron,2012-09-05,13284,NA,10.57967/hf/5785,0.9872611464968152,https://www.inaturalist.org/photos/112353811,green leaves,machine
iNaturalist,Prunus spinosa,green leaves present,Rosaceae,2010,214,52.9853662326,-1.4817380905,https://www.inaturalist.org/observations/03123b15-b156-4da5-9085-4c2ba5ba8d47,03123b15-b156-4da5-9085-4c2ba5ba8d47,Prunus,2010-08-02,17695,215,10.57967/hf/5785,0.9869934967483742,https://www.inaturalist.org/photos/13397944,green leaves,machine
iNaturalist,Carpinus caroliniana,green leaves present,Betulaceae,2012,159,43.757113,-73.123234,https://www.inaturalist.org/observations/03130851-a5b5-463a-8224-3e208aa9bc54,03130851-a5b5-463a-8224-3e208aa9bc54,Carpinus,2012-06-07,2179,5,10.57967/hf/5785,0.9836956521739132,https://www.inaturalist.org/photos/130460,green leaves,machine
iNaturalist,Prunus ilicifolia,green leaves present,Rosaceae,2010,98,36.496086,-121.190389,https://www.inaturalist.org/observations/031560ed-2cd1-4607-b89e-57065b0d7c26,031560ed-2cd1-4607-b89e-57065b0d7c26,Prunus,2010-04-08,25635,2000,10.57967/hf/5785,0.9869934967483742,https://www.inaturalist.org/photos/56448108,green leaves,machine
iNaturalist,Celastrus orbiculatus,green leaves present,Celastraceae,2011,122,40.2515772161,-75.5146380085,https://www.inaturalist.org/observations/03159aba-07f6-43b7-afd2-7baaa954cb0a,03159aba-07f6-43b7-afd2-7baaa954cb0a,Celastrus,2011-05-02,2883853,31,10.57967/hf/5785,0.98125,https://www.inaturalist.org/photos/117260758,green leaves,machine
iNaturalist,Amelanchier arborea,breaking buds present,Rosaceae,2009,80,37.684636928,-88.2896432509,https://www.inaturalist.org/observations/0315b12c-2dd3-420d-a47b-3ab8849392b9,0315b12c-2dd3-420d-a47b-3ab8849392b9,Amelanchier,2009-03-21,4348831,28359,10.57967/hf/5785,0.9941320293398532,https://www.inaturalist.org/photos/324160022,breaking buds,machine
iNaturalist,Ilex vomitoria,green leaves present,Aquifoliaceae,2013,79,29.3692571873,-95.6263395986,https://www.inaturalist.org/observations/0316ed5b-fe46-41a4-937e-23fd0c2f644f,0316ed5b-fe46-41a4-937e-23fd0c2f644f,Ilex,2013-03-20,1225687,4,10.57967/hf/5785,1,https://www.inaturalist.org/photos/55018041,green leaves,machine
iNaturalist,Quercus lyrata,colored leaves present,Fagaceae,2007,317,35.5215650135,-89.2665801854,https://www.inaturalist.org/observations/031a2af2-4efb-4f75-bd93-f4818a536850,031a2af2-4efb-4f75-bd93-f4818a536850,Quercus,2007-11-13,24916,300,10.57967/hf/5785,0.9872804360993336,https://www.inaturalist.org/photos/283553872,colored leaves,machine
iNaturalist,Rhododendron aureum,green leaves present,Ericaceae,2007,177,59.5252903852,150.8228160517,https://www.inaturalist.org/observations/031accc7-1be6-46a3-a957-c1edb18fd4b4,031accc7-1be6-46a3-a957-c1edb18fd4b4,Rhododendron,2007-06-26,2393346,350,10.57967/hf/5785,0.978125,https://www.inaturalist.org/photos/57884861,green leaves,machine
iNaturalist,Gleditsia triacanthos,green leaves present,Fabaceae,2010,207,41.6761491163,-93.2909400389,https://www.inaturalist.org/observations/031b3256-12d2-4f6e-81c2-101aae9ef312,031b3256-12d2-4f6e-81c2-101aae9ef312,Gleditsia,2010-07-26,751586,1036,10.57967/hf/5785,0.9814814814814816,https://www.inaturalist.org/photos/245226523,green leaves,machine
iNaturalist,Lycium berlandieri,green leaves present,Solanaceae,2012,259,32.2987,-106.6986,https://www.inaturalist.org/observations/03225115-274c-4a3c-b27f-0ae3571f2b68,03225115-274c-4a3c-b27f-0ae3571f2b68,Lycium,2012-09-15,620642,50,10.57967/hf/5785,1,https://www.inaturalist.org/photos/12594787,green leaves,machine
iNaturalist,Quercus garryana,green leaves present,Fagaceae,2010,138,48.3865226347,-123.5161232831,https://www.inaturalist.org/observations/032327e6-69c3-4b40-a7b7-768cd29d0e39,032327e6-69c3-4b40-a7b7-768cd29d0e39,Quercus,2010-05-18,825722,406,10.57967/hf/5785,0.9927089175546832,https://www.inaturalist.org/photos/142534155,green leaves,machine
iNaturalist,Vaccinium vitis-idaea,green leaves present,Ericaceae,2011,206,55.8941808327,48.7210951928,https://www.inaturalist.org/observations/03233bb7-37c4-4cf5-8ba9-91602dd856be,03233bb7-37c4-4cf5-8ba9-91602dd856be,Vaccinium,2011-07-25,13246,100,10.57967/hf/5785,0.978125,https://www.inaturalist.org/photos/31190967,green leaves,machine
iNaturalist,Toxicodendron diversilobum,colored leaves present,Anacardiaceae,2011,79,37.8256202593,-122.5100201368,https://www.inaturalist.org/observations/0325c983-f84f-4b81-ac2e-6c88502529c5,0325c983-f84f-4b81-ac2e-6c88502529c5,Toxicodendron,2011-03-20,354,NA,10.57967/hf/5785,0.9874651810584958,https://www.inaturalist.org/photos/36086,colored leaves,machine
iNaturalist,Salix alaxensis,green leaves present,Salicaceae,1988,167,62.797642,-92.077532,https://www.inaturalist.org/observations/0326328b-948d-41df-9599-8faafba05da7,0326328b-948d-41df-9599-8faafba05da7,Salix,1988-06-15,533871,300,10.57967/hf/5785,0.9788867562380038,https://www.inaturalist.org/photos/249159439,green leaves,machine
iNaturalist,Ficus abutilifolia,green leaves present,Moraceae,2009,251,-22.2088,29.3399,https://www.inaturalist.org/observations/03267453-c109-47cb-8703-8d5c340c7d29,03267453-c109-47cb-8703-8d5c340c7d29,Ficus,2009-09-08,659922,500,10.57967/hf/5785,1,https://www.inaturalist.org/photos/55489007,green leaves,machine
iNaturalist,Shepherdia canadensis,green leaves present,Elaeagnaceae,2008,186,64.8720314086,-147.8652190507,https://www.inaturalist.org/observations/03272c67-427f-4706-914d-371b775062e6,03272c67-427f-4706-914d-371b775062e6,Shepherdia,2008-07-04,3830885,122,10.57967/hf/5785,1,https://www.inaturalist.org/photos/116788197,green leaves,machine
iNaturalist,Acer negundo,green leaves present,Sapindaceae,2013,64,46.6907041917,18.9742075792,https://www.inaturalist.org/observations/03292b05-c766-4c34-bf63-5f1b8be7a589,03292b05-c766-4c34-bf63-5f1b8be7a589,Acer,2013-03-05,7852797,977,10.57967/hf/5785,0.9802110817941952,https://www.inaturalist.org/photos/356834484,green leaves,machine
iNaturalist,Rubus saxatilis,green leaves present,Rosaceae,2012,151,54.7590739475,43.1365767196,https://www.inaturalist.org/observations/032b118d-6488-4d3b-994a-c2076429b3c6,032b118d-6488-4d3b-994a-c2076429b3c6,Rubus,2012-05-30,2587879,45,10.57967/hf/5785,0.9869934967483742,https://www.inaturalist.org/photos/62800527,green leaves,machine
iNaturalist,Rubus parviflorus,green leaves present,Rosaceae,2011,208,48.036713246,-123.4278278053,https://www.inaturalist.org/observations/032b8772-a24e-4605-9389-52925f59e126,032b8772-a24e-4605-9389-52925f59e126,Rubus,2011-07-27,1514188,160,10.57967/hf/5785,0.9869934967483742,https://www.inaturalist.org/photos/114504153,green leaves,machine
iNaturalist,Fraxinus excelsior,green leaves present,Oleaceae,2006,121,42.6231995538,-7.7101182208,https://www.inaturalist.org/observations/032bf77b-8426-4262-b737-0286cd2ac0e7,032bf77b-8426-4262-b737-0286cd2ac0e7,Fraxinus,2006-05-01,1724130,61,10.57967/hf/5785,0.9937888198757764,https://www.inaturalist.org/photos/148507224,green leaves,machine
iNaturalist,Aralia nudicaulis,green leaves present,Araliaceae,2004,224,46.6830478,-60.4669921,https://www.inaturalist.org/observations/032faa37-980e-465a-a9b7-82e270f8526d,032faa37-980e-465a-a9b7-82e270f8526d,Aralia,2004-08-11,2855537,1488,10.57967/hf/5785,0.9876543209876544,https://www.inaturalist.org/photos/131207242,green leaves,machine
iNaturalist,Zanthoxylum americanum,green leaves present,Rutaceae,1977,139,45.4237297915,-73.581563854,https://www.inaturalist.org/observations/03304fa4-73f1-4fdc-931b-a597e5a4a2e8,03304fa4-73f1-4fdc-931b-a597e5a4a2e8,Zanthoxylum,1977-05-19,2463161,67,10.57967/hf/5785,1,https://www.inaturalist.org/photos/233654033,green leaves,machine
iNaturalist,Cephalanthus occidentalis,green leaves present,Rubiaceae,2010,151,28.5773721016,-80.9848836401,https://www.inaturalist.org/observations/033212e2-398b-4b63-8c5a-183f0344f255,033212e2-398b-4b63-8c5a-183f0344f255,Cephalanthus,2010-05-31,4348831,29607,10.57967/hf/5785,0.9846938775510204,https://www.inaturalist.org/photos/326742906,green leaves,machine
iNaturalist,Lonicera dioica,green leaves present,Caprifoliaceae,2012,120,41.3134933209,-81.3983152807,https://www.inaturalist.org/observations/0333fde3-bcc9-4385-9ab3-4f7fe53cc57d,0333fde3-bcc9-4385-9ab3-4f7fe53cc57d,Lonicera,2012-04-29,313678,24,10.57967/hf/5785,0.996492985971944,https://www.inaturalist.org/photos/108775,green leaves,machine
iNaturalist,Lonicera microphylla,green leaves present,Caprifoliaceae,2009,180,50.34309,87.432099,https://www.inaturalist.org/observations/0334960a-9eda-4f96-bf77-bbeda7bbb22c,0334960a-9eda-4f96-bf77-bbeda7bbb22c,Lonicera,2009-06-29,1438110,NA,10.57967/hf/5785,0.996492985971944,https://www.inaturalist.org/photos/105856950,green leaves,machine
iNaturalist,Ficus ampelos,green leaves present,Moraceae,2012,73,25.133815884,121.4663071453,https://www.inaturalist.org/observations/03366f88-47ae-4a3f-b26c-40ae26fb5ee4,03366f88-47ae-4a3f-b26c-40ae26fb5ee4,Ficus,2012-03-13,5114099,15,10.57967/hf/5785,1,https://www.inaturalist.org/photos/174112126,green leaves,machine
iNaturalist,Prunus virginiana demissa,green leaves present,Rosaceae,2009,139,40.70712,-111.75977,https://www.inaturalist.org/observations/0336d903-9075-4807-894a-10b59fd5b60d,0336d903-9075-4807-894a-10b59fd5b60d,Prunus,2009-05-19,228090,NA,10.57967/hf/5785,0.9869934967483742,https://www.inaturalist.org/photos/245731921,green leaves,machine
iNaturalist,Prunus brigantina,green leaves present,Rosaceae,2004,186,44.7653131721,6.8198332415,https://www.inaturalist.org/observations/033702ab-723f-4655-91cb-073d9e1dfc92,033702ab-723f-4655-91cb-073d9e1dfc92,Prunus,2004-07-04,6948008,914,10.57967/hf/5785,0.9869934967483742,https://www.inaturalist.org/photos/350168738,green leaves,machine
iNaturalist,Zanthoxylum scandens,green leaves present,Rutaceae,2011,184,24.3425691959,121.3048287313,https://www.inaturalist.org/observations/0338e5c5-ea63-4c43-9ddd-8a6a21d8097b,0338e5c5-ea63-4c43-9ddd-8a6a21d8097b,Zanthoxylum,2011-07-03,1013900,61,10.57967/hf/5785,1,https://www.inaturalist.org/photos/266943675,green leaves,machine
iNaturalist,Quercus prinoides,green leaves present,Fagaceae,2009,239,43.2118898176,-81.9559515014,https://www.inaturalist.org/observations/033af43e-18ad-426e-822b-6e9b7099552f,033af43e-18ad-426e-822b-6e9b7099552f,Quercus,2009-08-27,1106722,8,10.57967/hf/5785,0.9927089175546832,https://www.inaturalist.org/photos/336128025,green leaves,machine
iNaturalist,Cephalanthus occidentalis,green leaves present,Rubiaceae,2011,299,36.3727154748,-92.2552516095,https://www.inaturalist.org/observations/033b09a0-2516-480e-ab01-3d944a196039,033b09a0-2516-480e-ab01-3d944a196039,Cephalanthus,2011-10-26,1136570,60,10.57967/hf/5785,0.9846938775510204,https://www.inaturalist.org/photos/24768356,green leaves,machine
iNaturalist,Crataegus orientalis,green leaves present,Rosaceae,2009,182,53.3664691938,-2.9417942018,https://www.inaturalist.org/observations/033ce444-0349-4db2-8c3d-9afb67577ff5,033ce444-0349-4db2-8c3d-9afb67577ff5,Crataegus,2009-07-01,1430839,44,10.57967/hf/5785,0.9869934967483742,https://www.inaturalist.org/photos/61765946,green leaves,machine
iNaturalist,Quercus rotundifolia,green leaves present,Fagaceae,2003,142,37.8905021572,-2.8839540482,https://www.inaturalist.org/observations/033d285d-4c68-4496-abb8-87260e3b8caa,033d285d-4c68-4496-abb8-87260e3b8caa,Quercus,2003-05-22,1978464,NA,10.57967/hf/5785,0.9927089175546832,https://www.inaturalist.org/photos/59907767,green leaves,machine
iNaturalist,Quercus pyrenaica,green leaves present,Fagaceae,2012,154,41.794352348,-8.0907440186,https://www.inaturalist.org/observations/033f7ef8-550c-4ed1-a066-ffceb9a50345,033f7ef8-550c-4ed1-a066-ffceb9a50345,Quercus,2012-06-02,296454,5000,10.57967/hf/5785,0.9927089175546832,https://www.inaturalist.org/photos/4850329,green leaves,machine
iNaturalist,Ribes triste,colored leaves present,Grossulariaceae,2012,215,68.7392658131,161.4003571229,https://www.inaturalist.org/observations/03405174-cf0c-4a9d-9304-e8c9ac20a6c1,03405174-cf0c-4a9d-9304-e8c9ac20a6c1,Ribes,2012-08-02,3830885,8,10.57967/hf/5785,1,https://www.inaturalist.org/photos/110539193,colored leaves,machine
iNaturalist,Vaccinium myrtillus,green leaves present,Ericaceae,2011,169,46.2130555556,14.685,https://www.inaturalist.org/observations/0340c36c-795a-4781-81d0-10e7415e5501,0340c36c-795a-4781-81d0-10e7415e5501,Vaccinium,2011-06-18,2395617,NA,10.57967/hf/5785,0.978125,https://www.inaturalist.org/photos/180110799,green leaves,machine
iNaturalist,Robinia pseudoacacia,green leaves present,Fabaceae,2008,160,50.5878399629,29.9202743377,https://www.inaturalist.org/observations/0340e315-9e03-4176-94de-57e3ee2267ca,0340e315-9e03-4176-94de-57e3ee2267ca,Robinia,2008-06-08,2826522,8,10.57967/hf/5785,0.9814814814814816,https://www.inaturalist.org/photos/74754433,green leaves,machine
iNaturalist,Berberis vulgaris,green leaves present,Berberidaceae,2012,199,44.487351,-73.163467,https://www.inaturalist.org/observations/0344e60a-b73e-4878-9a0a-d853df131d74,0344e60a-b73e-4878-9a0a-d853df131d74,Berberis,2012-07-17,2179,10,10.57967/hf/5785,0.9791044776119404,https://www.inaturalist.org/photos/148954,green leaves,machine
iNaturalist,Paliurus spina-christi,green leaves present,Rhamnaceae,2006,223,44.8240226885,35.077396918,https://www.inaturalist.org/observations/03455a3c-fea7-4624-ac50-78428621fb84,03455a3c-fea7-4624-ac50-78428621fb84,Paliurus,2006-08-11,6529079,6689,10.57967/hf/5785,0.9925742574257426,https://www.inaturalist.org/photos/266806014,green leaves,machine
iNaturalist,Rubus gunnianus,green leaves present,Rosaceae,2011,67,-42.682988,146.591778,https://www.inaturalist.org/observations/03463430-d9a8-4ae3-8e48-2b52df1cdc34,03463430-d9a8-4ae3-8e48-2b52df1cdc34,Rubus,2011-03-08,717200,300,10.57967/hf/5785,0.9869934967483742,https://www.inaturalist.org/photos/129512761,green leaves,machine
iNaturalist,Toxicodendron radicans radicans,green leaves present,Anacardiaceae,2009,247,30.213277,-91.99867,https://www.inaturalist.org/observations/034bdf1e-2657-4d0d-b143-c47338ffbeee,034bdf1e-2657-4d0d-b143-c47338ffbeee,Toxicodendron,2009-09-04,73661,28,10.57967/hf/5785,0.980719794344473,https://www.inaturalist.org/photos/1532213,green leaves,machine
iNaturalist,Rhamnus ilicifolia,green leaves present,Rhamnaceae,2004,132,39.757965,-123.587651,https://www.inaturalist.org/observations/034cadfc-6a8f-4139-95e1-b7d936777d38,034cadfc-6a8f-4139-95e1-b7d936777d38,Rhamnus,2004-05-11,1009429,NA,10.57967/hf/5785,0.9925742574257426,https://www.inaturalist.org/photos/21255739,green leaves,machine
iNaturalist,Carpinus betulus,green leaves present,Betulaceae,2010,241,48.8725497403,30.6940756103,https://www.inaturalist.org/observations/034face9-538f-43c5-a90d-ccf65050f0f3,034face9-538f-43c5-a90d-ccf65050f0f3,Carpinus,2010-08-29,3334393,8,10.57967/hf/5785,0.9836956521739132,https://www.inaturalist.org/photos/188487146,green leaves,machine
iNaturalist,Prunus ilicifolia lyonii,green leaves present,Rosaceae,2013,61,34.1804232683,-118.1761475513,https://www.inaturalist.org/observations/034fe459-2578-4bf5-8e0a-a424e4f1a448,034fe459-2578-4bf5-8e0a-a424e4f1a448,Prunus,2013-03-02,38718,215,10.57967/hf/5785,0.9869934967483742,https://www.inaturalist.org/photos/81286449,green leaves,machine
iNaturalist,Vaccinium vitis-idaea,green leaves present,Ericaceae,2011,174,51.482370833,-128.0115804798,https://www.inaturalist.org/observations/0350c1ec-c75d-4fb2-85bd-88e47c7b841a,0350c1ec-c75d-4fb2-85bd-88e47c7b841a,Vaccinium,2011-06-23,46945,61,10.57967/hf/5785,0.978125,https://www.inaturalist.org/photos/60452426,green leaves,machine
iNaturalist,Ceanothus cyaneus,green leaves present,Rhamnaceae,2008,127,32.8835019848,-116.934656277,https://www.inaturalist.org/observations/035439ef-be7b-441c-a174-a971c30cf787,035439ef-be7b-441c-a174-a971c30cf787,Ceanothus,2008-05-06,14811,29039,10.57967/hf/5785,0.9925742574257426,https://www.inaturalist.org/photos/297483,green leaves,machine
iNaturalist,Ribes cereum,green leaves present,Grossulariaceae,2010,167,44.7023641526,-110.4126345606,https://www.inaturalist.org/observations/0355e599-f1a2-4010-a897-87f709029e90,0355e599-f1a2-4010-a897-87f709029e90,Ribes,2010-06-16,1127820,43923,10.57967/hf/5785,0.9775280898876404,https://www.inaturalist.org/photos/185026430,green leaves,machine
iNaturalist,Euonymus europaeus,green leaves present,Celastraceae,2007,125,53.182,6.603,https://www.inaturalist.org/observations/0356b271-50b5-4e7e-85da-6ff75da7bfa1,0356b271-50b5-4e7e-85da-6ff75da7bfa1,Euonymus,2007-05-05,5952878,50,10.57967/hf/5785,0.98125,https://www.inaturalist.org/photos/357541649,green leaves,machine
iNaturalist,Hibiscus moscheutos,green leaves present,Malvaceae,2009,213,42.4817614449,-71.3254817236,https://www.inaturalist.org/observations/0358662e-8d55-42a8-9781-974c8475f65c,0358662e-8d55-42a8-9781-974c8475f65c,Hibiscus,2009-08-01,332198,31,10.57967/hf/5785,0.9938271604938272,https://www.inaturalist.org/photos/78487072,green leaves,machine
iNaturalist,Clematis recta,green leaves present,Ranunculaceae,2010,170,51.1890342521,37.6590230416,https://www.inaturalist.org/observations/0358afab-0478-43ca-bd9d-490de6f938a1,0358afab-0478-43ca-bd9d-490de6f938a1,Clematis,2010-06-19,1917127,171,10.57967/hf/5785,0.9668508287292816,https://www.inaturalist.org/photos/67962486,green leaves,machine
iNaturalist,Menispermum dauricum,green leaves present,Menispermaceae,2009,224,51.1707569564,107.0353310319,https://www.inaturalist.org/observations/035acf54-2526-41b0-aa52-bb95c8791ad6,035acf54-2526-41b0-aa52-bb95c8791ad6,Menispermum,2009-08-12,2622233,488,10.57967/hf/5785,1,https://www.inaturalist.org/photos/114634525,green leaves,machine
iNaturalist,Viburnum lantanoides,green leaves present,Viburnaceae,1989,121,43.4474694,-72.8256382,https://www.inaturalist.org/observations/035c5ab0-969b-4fd6-a7cc-21c92cca25b6,035c5ab0-969b-4fd6-a7cc-21c92cca25b6,Viburnum,1989-05-01,14322,9124,10.57967/hf/5785,0.980806142034549,https://www.inaturalist.org/photos/60385757,green leaves,machine
iNaturalist,Quercus gambelii,colored leaves present,Fagaceae,2006,269,36.2100760383,-112.0574008505,https://www.inaturalist.org/observations/035e965d-6102-47d2-b584-7c94a072c09a,035e965d-6102-47d2-b584-7c94a072c09a,Quercus,2006-09-26,1154196,1772,10.57967/hf/5785,0.9872804360993336,https://www.inaturalist.org/photos/113070006,colored leaves,machine
iNaturalist,Fallugia paradoxa,green leaves present,Rosaceae,2012,120,32.304,-106.5835,https://www.inaturalist.org/observations/03603880-456d-4967-91df-14816043c707,03603880-456d-4967-91df-14816043c707,Fallugia,2012-04-29,620642,100,10.57967/hf/5785,0.9869934967483742,https://www.inaturalist.org/photos/12596445,green leaves,machine
iNaturalist,Rhus aromatica,green leaves present,Anacardiaceae,2010,171,38.0798428736,-90.743497391,https://www.inaturalist.org/observations/03610b75-a96b-4da6-911c-9cb4e5b763f1,03610b75-a96b-4da6-911c-9cb4e5b763f1,Rhus,2010-06-20,1529107,2,10.57967/hf/5785,0.980719794344473,https://www.inaturalist.org/photos/99688113,green leaves,machine
iNaturalist,Betula pendula,green leaves present,Betulaceae,2008,209,51.5232408457,85.4691068712,https://www.inaturalist.org/observations/03646be2-7180-414c-9ac1-e828a297230e,03646be2-7180-414c-9ac1-e828a297230e,Betula,2008-07-27,2511740,250,10.57967/hf/5785,0.9836956521739132,https://www.inaturalist.org/photos/270790699,green leaves,machine
iNaturalist,Toxicodendron rydbergii,green leaves present,Anacardiaceae,2011,140,42.7051201056,-70.7725760615,https://www.inaturalist.org/observations/036606f4-451b-404b-85f5-a409c05ad389,036606f4-451b-404b-85f5-a409c05ad389,Toxicodendron,2011-05-20,22321,2,10.57967/hf/5785,0.980719794344473,https://www.inaturalist.org/photos/110067971,green leaves,machine
iNaturalist,Rhododendron tomentosum,green leaves present,Ericaceae,2007,182,58.7375015,-93.8190365,https://www.inaturalist.org/observations/0367b061-f9c5-480b-8909-759edbeb6cfc,0367b061-f9c5-480b-8909-759edbeb6cfc,Rhododendron,2007-07-01,29860,5325,10.57967/hf/5785,0.978125,https://www.inaturalist.org/photos/21491747,green leaves,machine
iNaturalist,Sambucus canadensis,green leaves present,Viburnaceae,2011,151,34.64795,-92.98659,https://www.inaturalist.org/observations/03686ac8-9540-40d8-af90-a6907add030f,03686ac8-9540-40d8-af90-a6907add030f,Sambucus,2011-05-31,2094499,10,10.57967/hf/5785,0.980806142034549,https://www.inaturalist.org/photos/58185604,green leaves,machine
iNaturalist,Vaccinium microcarpum,colored leaves present,Ericaceae,2012,239,71.98624,102.5848,https://www.inaturalist.org/observations/036a12c9-7e27-406e-b61a-ede319e45732,036a12c9-7e27-406e-b61a-ede319e45732,Vaccinium,2012-08-26,1426686,10,10.57967/hf/5785,0.990228013029316,https://www.inaturalist.org/photos/62297397,colored leaves,machine
iNaturalist,Vaccinium microcarpum,green leaves present,Ericaceae,2012,239,71.98624,102.5848,https://www.inaturalist.org/observations/036a12c9-7e27-406e-b61a-ede319e45732,036a12c9-7e27-406e-b61a-ede319e45732,Vaccinium,2012-08-26,1426686,10,10.57967/hf/5785,0.978125,https://www.inaturalist.org/photos/62297388,green leaves,machine
iNaturalist,Populus alba,green leaves present,Salicaceae,2012,220,44.7992048833,37.4285603466,https://www.inaturalist.org/observations/036c67b4-810b-4c75-9109-f15d82e88080,036c67b4-810b-4c75-9109-f15d82e88080,Populus,2012-08-07,2649353,977,10.57967/hf/5785,0.9788867562380038,https://www.inaturalist.org/photos/105121924,green leaves,machine
iNaturalist,Spiraea alba,green leaves present,Rosaceae,2012,148,43.685551,-73.142698,https://www.inaturalist.org/observations/036e8e99-6c99-4c6b-a4ac-118c060becec,036e8e99-6c99-4c6b-a4ac-118c060becec,Spiraea,2012-05-27,2179,10,10.57967/hf/5785,0.9869934967483742,https://www.inaturalist.org/photos/122812,green leaves,machine
iNaturalist,Lonicera villosa,green leaves present,Caprifoliaceae,2009,243,48.8012278709,-58.4931737813,https://www.inaturalist.org/observations/036e9a83-1896-4fbd-9fad-7210de358e64,036e9a83-1896-4fbd-9fad-7210de358e64,Lonicera,2009-08-31,280446,100,10.57967/hf/5785,0.996492985971944,https://www.inaturalist.org/photos/109900201,green leaves,machine
iNaturalist,Rubus calvatus,green leaves present,Rosaceae,2007,174,53.6364626147,-2.8354813876,https://www.inaturalist.org/observations/036ee123-f1ac-422f-b5d5-69fd9b9de9ec,036ee123-f1ac-422f-b5d5-69fd9b9de9ec,Rubus,2007-06-23,1430839,15,10.57967/hf/5785,0.9869934967483742,https://www.inaturalist.org/photos/53046962,green leaves,machine
iNaturalist,Ficus ilicina,green leaves present,Moraceae,2012,273,-30.39077862,17.45662818,https://www.inaturalist.org/observations/036fda81-f139-4edc-a526-0a5f2aafefc6,036fda81-f139-4edc-a526-0a5f2aafefc6,Ficus,2012-09-29,383144,1,10.57967/hf/5785,1,https://www.inaturalist.org/photos/15184247,green leaves,machine
iNaturalist,Sambucus racemosa,green leaves present,Viburnaceae,2011,225,56.0875534961,-129.303697433,https://www.inaturalist.org/observations/0370bdf5-a11f-4f15-a4a0-dc5b483ad26a,0370bdf5-a11f-4f15-a4a0-dc5b483ad26a,Sambucus,2011-08-13,3191591,8,10.57967/hf/5785,0.980806142034549,https://www.inaturalist.org/photos/112201631,green leaves,machine
iNaturalist,Vaccinium praestans,green leaves present,Ericaceae,2007,235,53.0244,157.55476,https://www.inaturalist.org/observations/03710fb8-72b2-48a1-b227-84355b414799,03710fb8-72b2-48a1-b227-84355b414799,Vaccinium,2007-08-23,1431994,NA,10.57967/hf/5785,0.978125,https://www.inaturalist.org/photos/30740080,green leaves,machine
iNaturalist,Fagus hayatae,colored leaves present,Fagaceae,2010,331,24.5071613417,121.6288462283,https://www.inaturalist.org/observations/0372401e-53c0-4bf1-af3c-09723766b50e,0372401e-53c0-4bf1-af3c-09723766b50e,Fagus,2010-11-27,668245,10,10.57967/hf/5785,0.9872804360993336,https://www.inaturalist.org/photos/63526731,colored leaves,machine
iNaturalist,Quercus turbinella,green leaves present,Fagaceae,2012,97,37.25633,-112.96205,https://www.inaturalist.org/observations/03733c47-d6f6-4707-9433-1d346cfb9c47,03733c47-d6f6-4707-9433-1d346cfb9c47,Quercus,2012-04-06,228090,NA,10.57967/hf/5785,0.9927089175546832,https://www.inaturalist.org/photos/343501359,green leaves,machine
iNaturalist,Ulmus laevis,green leaves present,Ulmaceae,2009,127,55.4812892989,46.3794808368,https://www.inaturalist.org/observations/03735de0-6417-4821-8ad7-15ca7ebce44f,03735de0-6417-4821-8ad7-15ca7ebce44f,Ulmus,2009-05-07,1363782,31,10.57967/hf/5785,0.9722222222222222,https://www.inaturalist.org/photos/34002359,green leaves,machine
iNaturalist,Salix sphenophylla,green leaves present,Salicaceae,2009,212,53.05635,157.93463,https://www.inaturalist.org/observations/037422ca-c667-4492-a2da-bca17b811680,037422ca-c667-4492-a2da-bca17b811680,Salix,2009-07-31,1552160,800,10.57967/hf/5785,0.9788867562380038,https://www.inaturalist.org/photos/73303987,green leaves,machine
iNaturalist,Ribes aureum,green leaves present,Grossulariaceae,2011,160,55.5049861111,46.3835805556,https://www.inaturalist.org/observations/0374e24d-6280-4528-b9e3-29b772a1c0e4,0374e24d-6280-4528-b9e3-29b772a1c0e4,Ribes,2011-06-09,1363782,9,10.57967/hf/5785,0.9775280898876404,https://www.inaturalist.org/photos/32970535,green leaves,machine
iNaturalist,Cornus sanguinea,green leaves present,Cornaceae,2006,160,52.3255157696,35.3539420629,https://www.inaturalist.org/observations/03784528-6e45-4a24-86af-bae9e60f1384,03784528-6e45-4a24-86af-bae9e60f1384,Cornus,2006-06-09,1917127,106,10.57967/hf/5785,0.97435897435897445,https://www.inaturalist.org/photos/66299245,green leaves,machine
iNaturalist,Liquidambar styraciflua,colored leaves present,Altingiaceae,2010,286,39.0778866982,-76.7715137913,https://www.inaturalist.org/observations/03787c54-0d1a-44ff-97eb-53aa98305668,03787c54-0d1a-44ff-97eb-53aa98305668,Liquidambar,2010-10-13,43448,48,10.57967/hf/5785,1,https://www.inaturalist.org/photos/168589438,colored leaves,machine
iNaturalist,Liquidambar styraciflua,green leaves present,Altingiaceae,2010,286,39.0778866982,-76.7715137913,https://www.inaturalist.org/observations/03787c54-0d1a-44ff-97eb-53aa98305668,03787c54-0d1a-44ff-97eb-53aa98305668,Liquidambar,2010-10-13,43448,48,10.57967/hf/5785,0.9787234042553192,https://www.inaturalist.org/photos/168589426,green leaves,machine
iNaturalist,Symphoricarpos longiflorus,breaking buds present,Caprifoliaceae,2010,185,37.416792,-117.667166,https://www.inaturalist.org/observations/0378aadd-acf3-4609-a723-4d0169901ee2,0378aadd-acf3-4609-a723-4d0169901ee2,Symphoricarpos,2010-07-04,232440,100,10.57967/hf/5785,0.999505684626792,https://www.inaturalist.org/photos/18692692,breaking buds,machine
iNaturalist,Symphoricarpos longiflorus,green leaves present,Caprifoliaceae,2010,185,37.416792,-117.667166,https://www.inaturalist.org/observations/0378aadd-acf3-4609-a723-4d0169901ee2,0378aadd-acf3-4609-a723-4d0169901ee2,Symphoricarpos,2010-07-04,232440,100,10.57967/hf/5785,0.996492985971944,https://www.inaturalist.org/photos/18692692,green leaves,machine
iNaturalist,Lonicera xylosteum,green leaves present,Caprifoliaceae,2008,197,55.5299090945,37.8494097464,https://www.inaturalist.org/observations/0378c062-576c-4308-b846-a7adbb06342b,0378c062-576c-4308-b846-a7adbb06342b,Lonicera,2008-07-15,2751643,83,10.57967/hf/5785,0.996492985971944,https://www.inaturalist.org/photos/69650991,green leaves,machine
iNaturalist,Lonicera xylosteum,green leaves present,Caprifoliaceae,2004,188,50.4918882,6.6279607,https://www.inaturalist.org/observations/03790a20-760f-4d9e-a705-06b2c72711a0,03790a20-760f-4d9e-a705-06b2c72711a0,Lonicera,2004-07-06,495142,2822,10.57967/hf/5785,0.996492985971944,https://www.inaturalist.org/photos/8847405,green leaves,machine
iNaturalist,Lonicera caerulea pallasii,green leaves present,Caprifoliaceae,2009,190,51.5422817148,105.5436958385,https://www.inaturalist.org/observations/037a8065-48d2-4f33-b00e-e114e03e46e8,037a8065-48d2-4f33-b00e-e114e03e46e8,Lonicera,2009-07-09,3422482,20,10.57967/hf/5785,0.996492985971944,https://www.inaturalist.org/photos/120967420,green leaves,machine
iNaturalist,Vaccinium vitis-idaea,green leaves present,Ericaceae,2012,164,60.135003,59.9196,https://www.inaturalist.org/observations/037acb0e-7fb5-49c1-b761-0d739f0c4ac7,037acb0e-7fb5-49c1-b761-0d739f0c4ac7,Vaccinium,2012-06-12,1870597,NA,10.57967/hf/5785,0.978125,https://www.inaturalist.org/photos/46249720,green leaves,machine
iNaturalist,Daphne mezereum,breaking buds present,Thymelaeaceae,2007,112,42.4500524393,-76.4711952209,https://www.inaturalist.org/observations/037bce42-6132-4fad-95d9-1761e6750cc5,037bce42-6132-4fad-95d9-1761e6750cc5,Daphne,2007-04-22,393377,388,10.57967/hf/5785,1,https://www.inaturalist.org/photos/6733155,breaking buds,machine
iNaturalist,Daphne mezereum,green leaves present,Thymelaeaceae,2009,191,54.8352529717,47.192360491,https://www.inaturalist.org/observations/037e6b55-017b-4faa-81dd-8005954421d9,037e6b55-017b-4faa-81dd-8005954421d9,Daphne,2009-07-10,1237850,122,10.57967/hf/5785,1,https://www.inaturalist.org/photos/60227212,green leaves,machine
iNaturalist,Cercocarpus ledifolius intermontanus,green leaves present,Rosaceae,2010,177,40.5948,-111.77876,https://www.inaturalist.org/observations/03816df6-0d6f-4b7b-97c6-e2b1492cb144,03816df6-0d6f-4b7b-97c6-e2b1492cb144,Cercocarpus,2010-06-26,228090,NA,10.57967/hf/5785,0.9869934967483742,https://www.inaturalist.org/photos/260968044,green leaves,machine
iNaturalist,Nothofagus pumilio,breaking buds present,Nothofagaceae,2010,293,-50.3274608658,-72.3585367296,https://www.inaturalist.org/observations/0386baf2-a772-4c1e-a0b0-3d2fa7fba6d2,0386baf2-a772-4c1e-a0b0-3d2fa7fba6d2,Nothofagus,2010-10-20,824095,1953,10.57967/hf/5785,1,https://www.inaturalist.org/photos/17354068,breaking buds,machine
iNaturalist,Nothofagus pumilio,green leaves present,Nothofagaceae,2010,293,-50.3274608658,-72.3585367296,https://www.inaturalist.org/observations/0386baf2-a772-4c1e-a0b0-3d2fa7fba6d2,0386baf2-a772-4c1e-a0b0-3d2fa7fba6d2,Nothofagus,2010-10-20,824095,1953,10.57967/hf/5785,0.9705882352941176,https://www.inaturalist.org/photos/17354068,green leaves,machine
iNaturalist,Sambucus ebulus,green leaves present,Viburnaceae,2002,206,40.8558817683,-4.0277552605,https://www.inaturalist.org/observations/03878688-45c0-4eed-8363-528e38f4e09c,03878688-45c0-4eed-8363-528e38f4e09c,Sambucus,2002-07-25,1978464,NA,10.57967/hf/5785,0.980806142034549,https://www.inaturalist.org/photos/63352965,green leaves,machine
iNaturalist,Hibiscus surattensis,green leaves present,Malvaceae,2009,110,-12.8115312569,45.2351436669,https://www.inaturalist.org/observations/0387f039-cf21-4b22-86c7-fd999898688a,0387f039-cf21-4b22-86c7-fd999898688a,Hibiscus,2009-04-20,2435289,378,10.57967/hf/5785,0.9938271604938272,https://www.inaturalist.org/photos/77600300,green leaves,machine
iNaturalist,Acer tataricum,green leaves present,Sapindaceae,2008,145,51.6086822542,23.5979133576,https://www.inaturalist.org/observations/03897f54-3c9c-47e5-8617-3061703578fc,03897f54-3c9c-47e5-8617-3061703578fc,Acer,2008-05-24,5158201,15,10.57967/hf/5785,0.9802110817941952,https://www.inaturalist.org/photos/171411596,green leaves,machine
iNaturalist,Quercus macrocarpa,breaking buds present,Fagaceae,2005,142,49.8543092057,-97.2453361492,https://www.inaturalist.org/observations/038a1c51-aa42-456d-aa98-7cc4289cd172,038a1c51-aa42-456d-aa98-7cc4289cd172,Quercus,2005-05-22,296618,448,10.57967/hf/5785,0.9972602739726028,https://www.inaturalist.org/photos/50586040,breaking buds,machine
iNaturalist,Quercus macrocarpa,green leaves present,Fagaceae,2005,142,49.8543092057,-97.2453361492,https://www.inaturalist.org/observations/038a1c51-aa42-456d-aa98-7cc4289cd172,038a1c51-aa42-456d-aa98-7cc4289cd172,Quercus,2005-05-22,296618,448,10.57967/hf/5785,0.9927089175546832,https://www.inaturalist.org/photos/50586040,green leaves,machine
iNaturalist,Populus alba,green leaves present,Salicaceae,1986,184,40.8453177194,-81.5802411854,https://www.inaturalist.org/observations/038f3595-c743-4a53-9d43-1f1d69194ebb,038f3595-c743-4a53-9d43-1f1d69194ebb,Populus,1986-07-03,182332,27877,10.57967/hf/5785,0.9788867562380038,https://www.inaturalist.org/photos/277906467,green leaves,machine
iNaturalist,Vaccinium myrtillus,green leaves present,Ericaceae,2012,193,55.8767975073,43.8207559194,https://www.inaturalist.org/observations/038fc083-50b6-43d5-bbee-8915e99de874,038fc083-50b6-43d5-bbee-8915e99de874,Vaccinium,2012-07-11,5200610,61,10.57967/hf/5785,0.978125,https://www.inaturalist.org/photos/171436791,green leaves,machine
iNaturalist,Betula glandulosa,green leaves present,Betulaceae,2001,193,54.29846954,-84.48806763,https://www.inaturalist.org/observations/038fc5f3-7c49-4e34-8c78-446f9de6e932,038fc5f3-7c49-4e34-8c78-446f9de6e932,Betula,2001-07-12,111485,NA,10.57967/hf/5785,0.9836956521739132,https://www.inaturalist.org/photos/171301039,green leaves,machine
iNaturalist,Salix purpurea,green leaves present,Salicaceae,1985,262,41.2364877841,-81.4145056236,https://www.inaturalist.org/observations/0390ef25-7b94-4275-b8c8-5364ad2ac42a,0390ef25-7b94-4275-b8c8-5364ad2ac42a,Salix,1985-09-19,182332,27816,10.57967/hf/5785,0.9788867562380038,https://www.inaturalist.org/photos/249466368,green leaves,machine
iNaturalist,Fagus grandifolia,green leaves present,Fagaceae,2010,118,39.219861,-76.762278,https://www.inaturalist.org/observations/03924fa4-a73f-4852-ad67-e50aded8a555,03924fa4-a73f-4852-ad67-e50aded8a555,Fagus,2010-04-28,43448,400,10.57967/hf/5785,0.9927089175546832,https://www.inaturalist.org/photos/169304291,green leaves,machine
iNaturalist,Vitis rotundifolia,green leaves present,Vitaceae,2011,365,26.4998571919,-80.0305866337,https://www.inaturalist.org/observations/0392751d-a199-4a20-b5ca-6f24e65bfe33,0392751d-a199-4a20-b5ca-6f24e65bfe33,Vitis,2011-12-31,4348831,29845,10.57967/hf/5785,0.9830508474576272,https://www.inaturalist.org/photos/333718857,green leaves,machine
iNaturalist,Quercus rotundifolia,green leaves present,Fagaceae,1998,350,39.8527390582,-6.2348564934,https://www.inaturalist.org/observations/0393ed46-1403-4816-b6b0-e3fcd7fbe0b1,0393ed46-1403-4816-b6b0-e3fcd7fbe0b1,Quercus,1998-12-16,1978464,15000,10.57967/hf/5785,0.9927089175546832,https://www.inaturalist.org/photos/169464719,green leaves,machine
iNaturalist,Apocynum cannabinum,colored leaves present,Apocynaceae,2006,249,42.6362052,-70.8431049,https://www.inaturalist.org/observations/0394e452-393f-454f-8692-d6bf1943b0f9,0394e452-393f-454f-8692-d6bf1943b0f9,Apocynum,2006-09-06,208120,2719,10.57967/hf/5785,1,https://www.inaturalist.org/photos/75048022,colored leaves,machine
iNaturalist,Lycium infaustum,green leaves present,Solanaceae,2013,68,-40.5776850784,-62.2563015711,https://www.inaturalist.org/observations/0395c548-20be-4068-8723-f7a503850a71,0395c548-20be-4068-8723-f7a503850a71,Lycium,2013-03-09,1514402,488,10.57967/hf/5785,1,https://www.inaturalist.org/photos/156002307,green leaves,machine
iNaturalist,Lonicera hispidula,green leaves present,Caprifoliaceae,2011,285,38.5980491638,-122.7305145264,https://www.inaturalist.org/observations/039685ea-837e-47a8-b46c-074ee14a05c7,039685ea-837e-47a8-b46c-074ee14a05c7,Lonicera,2011-10-12,477,50,10.57967/hf/5785,0.996492985971944,https://www.inaturalist.org/photos/60211,green leaves,machine
iNaturalist,Ficus petiolaris,green leaves present,Moraceae,2010,340,19.4263389785,-102.0742126827,https://www.inaturalist.org/observations/03990474-db26-4552-8ee7-a5643eb16b93,03990474-db26-4552-8ee7-a5643eb16b93,Ficus,2010-12-06,1375855,NA,10.57967/hf/5785,1,https://www.inaturalist.org/photos/29313329,green leaves,machine
iNaturalist,Cornus sericea,green leaves present,Cornaceae,2011,236,49.7868470761,-124.9947110711,https://www.inaturalist.org/observations/039a6ece-602b-4b00-9276-ac8dc730f8ac,039a6ece-602b-4b00-9276-ac8dc730f8ac,Cornus,2011-08-24,2787296,4,10.57967/hf/5785,0.97435897435897445,https://www.inaturalist.org/photos/350431385,green leaves,machine
iNaturalist,Berberis trifoliolata,green leaves present,Berberidaceae,2003,141,30.4466638889,-99.7988194444,https://www.inaturalist.org/observations/039b0660-741c-419c-9b7f-1874cabc5a4a,039b0660-741c-419c-9b7f-1874cabc5a4a,Berberis,2003-05-21,1447753,NA,10.57967/hf/5785,0.9791044776119404,https://www.inaturalist.org/photos/156812058,green leaves,machine
iNaturalist,Rhus typhina,green leaves present,Anacardiaceae,2010,230,44.9958286,1.6457796,https://www.inaturalist.org/observations/039b9387-47f9-45dc-8edb-f85bfbd228d2,039b9387-47f9-45dc-8edb-f85bfbd228d2,Rhus,2010-08-18,1399842,3089,10.57967/hf/5785,0.980719794344473,https://www.inaturalist.org/photos/105395945,green leaves,machine
iNaturalist,Populus tremuloides,green leaves present,Salicaceae,2012,224,43.3919708,-80.4653233,https://www.inaturalist.org/observations/039de386-5b41-4384-8f6e-bdcbb1bf62c4,039de386-5b41-4384-8f6e-bdcbb1bf62c4,Populus,2012-08-11,8348,2624,10.57967/hf/5785,0.9788867562380038,https://www.inaturalist.org/photos/159655,green leaves,machine
iNaturalist,Rubus idaeus,green leaves present,Rosaceae,2007,196,56.3190000299,38.158801604,https://www.inaturalist.org/observations/039e2cd9-8db0-4d8f-a2ee-d60fbc0d281e,039e2cd9-8db0-4d8f-a2ee-d60fbc0d281e,Rubus,2007-07-15,4359544,463,10.57967/hf/5785,0.9869934967483742,https://www.inaturalist.org/photos/246177344,green leaves,machine
iNaturalist,Rosa viarum,green leaves present,Rosaceae,2007,192,52.3475948973,35.313150952,https://www.inaturalist.org/observations/039f8706-3518-48b2-966d-04b4e3f71c66,039f8706-3518-48b2-966d-04b4e3f71c66,Rosa,2007-07-11,1917127,262,10.57967/hf/5785,0.9869934967483742,https://www.inaturalist.org/photos/66848093,green leaves,machine
iNaturalist,Betula pendula,colored leaves present,Betulaceae,2005,275,54.835036,83.1589449155,https://www.inaturalist.org/observations/03a0eea9-846c-4bce-bff4-9507596b0618,03a0eea9-846c-4bce-bff4-9507596b0618,Betula,2005-10-02,2511740,2000,10.57967/hf/5785,1,https://www.inaturalist.org/photos/148971309,colored leaves,machine
iNaturalist,Viburnum lantanoides,colored leaves present,Viburnaceae,2008,279,43.8230677633,-73.0711218948,https://www.inaturalist.org/observations/03a20de3-2d39-4b1e-80aa-3d94196e82a7,03a20de3-2d39-4b1e-80aa-3d94196e82a7,Viburnum,2008-10-05,1899313,27411,10.57967/hf/5785,0.9940828402366864,https://www.inaturalist.org/photos/121544202,colored leaves,machine
iNaturalist,Betula papyrifera,green leaves present,Betulaceae,2009,209,42.8359154,-72.4573103,https://www.inaturalist.org/observations/03a3843e-cdc2-4e91-98dc-3b737600fbf4,03a3843e-cdc2-4e91-98dc-3b737600fbf4,Betula,2009-07-28,1156643,3889,10.57967/hf/5785,0.9836956521739132,https://www.inaturalist.org/photos/23618670,green leaves,machine
iNaturalist,Vaccinium ovatum,green leaves present,Ericaceae,2011,280,41.3706741333,-124.0293807983,https://www.inaturalist.org/observations/03a3a1eb-0004-40ed-b115-8b3f5faca335,03a3a1eb-0004-40ed-b115-8b3f5faca335,Vaccinium,2011-10-07,1,162,10.57967/hf/5785,0.978125,https://www.inaturalist.org/photos/59618,green leaves,machine
iNaturalist,Quercus canariensis,green leaves present,Fagaceae,2009,351,36.7331298538,4.4722194225,https://www.inaturalist.org/observations/03a850a7-b76a-433f-91f3-f5c7b686f53f,03a850a7-b76a-433f-91f3-f5c7b686f53f,Quercus,2009-12-17,3853447,3437,10.57967/hf/5785,0.9927089175546832,https://www.inaturalist.org/photos/309365516,green leaves,machine
iNaturalist,Populus tremuloides,green leaves present,Salicaceae,2012,207,37.933908,-107.81358,https://www.inaturalist.org/observations/03a8b029-9071-4c8f-8cb6-39b156e9ab15,03a8b029-9071-4c8f-8cb6-39b156e9ab15,Populus,2012-07-25,21845,179,10.57967/hf/5785,0.9788867562380038,https://www.inaturalist.org/photos/496703,green leaves,machine
iNaturalist,Rhododendron tomentosum,green leaves present,Ericaceae,2012,144,55.921479,36.300992,https://www.inaturalist.org/observations/03a9f3e6-5292-4bd0-b559-17428152de07,03a9f3e6-5292-4bd0-b559-17428152de07,Rhododendron,2012-05-23,3934057,50,10.57967/hf/5785,0.978125,https://www.inaturalist.org/photos/171663801,green leaves,machine
iNaturalist,Alnus glutinosa,green leaves present,Betulaceae,2012,245,55.8250482373,39.6130176923,https://www.inaturalist.org/observations/03aa5c92-d86a-4bee-98f4-6d9363198b6f,03aa5c92-d86a-4bee-98f4-6d9363198b6f,Alnus,2012-09-01,725071,1000,10.57967/hf/5785,0.9836956521739132,https://www.inaturalist.org/photos/30701296,green leaves,machine
iNaturalist,Rhododendron luteum,green leaves present,Ericaceae,2008,198,51.3519560076,27.9282167294,https://www.inaturalist.org/observations/03aa8fb0-1d85-453a-a61d-216aa4b2dda9,03aa8fb0-1d85-453a-a61d-216aa4b2dda9,Rhododendron,2008-07-16,3301501,122,10.57967/hf/5785,0.978125,https://www.inaturalist.org/photos/94878367,green leaves,machine
iNaturalist,Ulmus alata,green leaves present,Ulmaceae,2007,156,36.9677832817,-86.7467886322,https://www.inaturalist.org/observations/03acaf77-99a3-4058-b1c9-ced136ed99d3,03acaf77-99a3-4058-b1c9-ced136ed99d3,Ulmus,2007-06-05,285107,28476,10.57967/hf/5785,0.9722222222222222,https://www.inaturalist.org/photos/28129020,green leaves,machine
iNaturalist,Castanea sativa,green leaves present,Fagaceae,2007,237,55.3492216667,-4.801855,https://www.inaturalist.org/observations/03af398d-fa86-46fa-956d-8f5b58320483,03af398d-fa86-46fa-956d-8f5b58320483,Castanea,2007-08-25,5319546,NA,10.57967/hf/5785,0.9927089175546832,https://www.inaturalist.org/photos/247273363,green leaves,machine
iNaturalist,Nyssa sylvatica,colored leaves present,Nyssaceae,2012,314,33.791575,-84.372958,https://www.inaturalist.org/observations/03b13f13-dca7-41b9-97cd-7c6d52b66ad6,03b13f13-dca7-41b9-97cd-7c6d52b66ad6,Nyssa,2012-11-09,2179,5,10.57967/hf/5785,0.92,https://www.inaturalist.org/photos/201140,colored leaves,machine
iNaturalist,Staphylea trifolia,breaking buds present,Staphyleaceae,2009,97,35.817422,-81.180358,https://www.inaturalist.org/observations/03b27615-bb78-40e7-ab32-ff6101f81d69,03b27615-bb78-40e7-ab32-ff6101f81d69,Staphylea,2009-04-07,263819,NA,10.57967/hf/5785,1,https://www.inaturalist.org/photos/4222879,breaking buds,machine
iNaturalist,Salix reticulata,green leaves present,Salicaceae,2010,171,68.3432012419,18.8498874922,https://www.inaturalist.org/observations/03b29a25-2727-4e49-8c83-1d2e68f6fb5e,03b29a25-2727-4e49-8c83-1d2e68f6fb5e,Salix,2010-06-20,6322256,488,10.57967/hf/5785,0.9788867562380038,https://www.inaturalist.org/photos/355742854,green leaves,machine
iNaturalist,Catalpa speciosa,green leaves present,Bignoniaceae,2011,189,42.8808385952,-72.6781225204,https://www.inaturalist.org/observations/03b2fc4b-1028-45ef-88ed-267a7630caa5,03b2fc4b-1028-45ef-88ed-267a7630caa5,Catalpa,2011-07-08,1421,NA,10.57967/hf/5785,0.9583333333333334,https://www.inaturalist.org/photos/47000,green leaves,machine
iNaturalist,Pistacia lentiscus,green leaves present,Anacardiaceae,2010,139,39.1908535983,9.1532469934,https://www.inaturalist.org/observations/03b3c75e-1560-4133-b5d0-f015083e945c,03b3c75e-1560-4133-b5d0-f015083e945c,Pistacia,2010-05-19,645653,1682,10.57967/hf/5785,0.980719794344473,https://www.inaturalist.org/photos/28675144,green leaves,machine
iNaturalist,Salix bebbiana,green leaves present,Salicaceae,2001,157,47.0885,-83.7706,https://www.inaturalist.org/observations/03b5ada0-5fe5-47b8-b79c-9ef4d4efce7f,03b5ada0-5fe5-47b8-b79c-9ef4d4efce7f,Salix,2001-06-06,254405,30,10.57967/hf/5785,0.9788867562380038,https://www.inaturalist.org/photos/27218553,green leaves,machine
iNaturalist,Ribes rubrum,green leaves present,Grossulariaceae,2007,103,52.1373966667,-0.1269783333,https://www.inaturalist.org/observations/03b7d9df-e781-4257-89c9-45e93f064519,03b7d9df-e781-4257-89c9-45e93f064519,Ribes,2007-04-13,10564,NA,10.57967/hf/5785,0.9775280898876404,https://www.inaturalist.org/photos/105123129,green leaves,machine
iNaturalist,Berberis thunbergii,green leaves present,Berberidaceae,2006,282,40.9009614376,-72.8204580769,https://www.inaturalist.org/observations/03b7da0d-fb7f-4ab0-91d5-0cc7a74603fa,03b7da0d-fb7f-4ab0-91d5-0cc7a74603fa,Berberis,2006-10-09,1124185,200,10.57967/hf/5785,0.9791044776119404,https://www.inaturalist.org/photos/32145469,green leaves,machine
iNaturalist,Populus tremuloides,green leaves present,Salicaceae,2012,246,43.4383994,-80.4368842,https://www.inaturalist.org/observations/03b8bc70-694a-4a9e-b471-6f6cc879d88c,03b8bc70-694a-4a9e-b471-6f6cc879d88c,Populus,2012-09-02,8348,1575,10.57967/hf/5785,0.9788867562380038,https://www.inaturalist.org/photos/172128,green leaves,machine
iNaturalist,Quercus robur,green leaves present,Fagaceae,2007,200,52.3330244213,35.344361716,https://www.inaturalist.org/observations/03b8c5ba-e10d-4cc3-973d-5a7ed18bca1d,03b8c5ba-e10d-4cc3-973d-5a7ed18bca1d,Quercus,2007-07-19,1917127,61,10.57967/hf/5785,0.9927089175546832,https://www.inaturalist.org/photos/64799000,green leaves,machine
iNaturalist,Rhododendron canescens,green leaves present,Ericaceae,2005,92,31.0493364037,-94.3802602228,https://www.inaturalist.org/observations/03b98ff7-b754-4927-b9c7-d771508501ce,03b98ff7-b754-4927-b9c7-d771508501ce,Rhododendron,2005-04-02,71826,667,10.57967/hf/5785,0.978125,https://www.inaturalist.org/photos/12373232,green leaves,machine
iNaturalist,Malus domestica,green leaves present,Rosaceae,2011,137,53.2848649843,50.5914969409,https://www.inaturalist.org/observations/03bd5be1-42e6-4da0-b454-d4130cff0ef9,03bd5be1-42e6-4da0-b454-d4130cff0ef9,Malus,2011-05-17,3253989,8,10.57967/hf/5785,0.9869934967483742,https://www.inaturalist.org/photos/344447714,green leaves,machine
iNaturalist,Berberis repens,green leaves present,Berberidaceae,2007,109,40.761,-111.817,https://www.inaturalist.org/observations/03bd774b-5bef-4c94-8c13-ca8055a5ad90,03bd774b-5bef-4c94-8c13-ca8055a5ad90,Berberis,2007-04-19,56560,NA,10.57967/hf/5785,0.9791044776119404,https://www.inaturalist.org/photos/33008991,green leaves,machine
iNaturalist,Vaccinium microcarpum,green leaves present,Ericaceae,2008,218,66.546305,64.449713,https://www.inaturalist.org/observations/03bf274e-1d9a-44a4-986d-979c13a28dd8,03bf274e-1d9a-44a4-986d-979c13a28dd8,Vaccinium,2008-08-05,3422482,NA,10.57967/hf/5785,0.978125,https://www.inaturalist.org/photos/93588676,green leaves,machine
iNaturalist,Hippophae rhamnoides,green leaves present,Elaeagnaceae,2008,165,61.1436834206,21.3040627173,https://www.inaturalist.org/observations/03c05f56-2c09-4f99-9428-3bf97a9bf90f,03c05f56-2c09-4f99-9428-3bf97a9bf90f,Hippophae,2008-06-13,2859741,284,10.57967/hf/5785,1,https://www.inaturalist.org/photos/178207995,green leaves,machine
iNaturalist,Cornus canadensis,green leaves present,Cornaceae,2009,168,44.305939,-72.278914,https://www.inaturalist.org/observations/03c14074-f0dd-425f-8831-30f4ae6e2087,03c14074-f0dd-425f-8831-30f4ae6e2087,Cornus,2009-06-17,12158,300,10.57967/hf/5785,0.97435897435897445,https://www.inaturalist.org/photos/1376667,green leaves,machine
iNaturalist,Rubus sellowii,green leaves present,Rosaceae,2011,169,-26.7125654049,-49.6775309473,https://www.inaturalist.org/observations/03c37b4f-4286-4136-8c77-ccce18b96408,03c37b4f-4286-4136-8c77-ccce18b96408,Rubus,2011-06-18,3916243,61,10.57967/hf/5785,0.9869934967483742,https://www.inaturalist.org/photos/108643533,green leaves,machine
iNaturalist,Rhamnus crocea,green leaves present,Rhamnaceae,2012,320,34.1873877,-118.1771333,https://www.inaturalist.org/observations/03c3910d-9bc3-4ce3-8335-714de39f0921,03c3910d-9bc3-4ce3-8335-714de39f0921,Rhamnus,2012-11-15,9218,1064,10.57967/hf/5785,0.9925742574257426,https://www.inaturalist.org/photos/204804,green leaves,machine
iNaturalist,Daphne alpina,green leaves present,Thymelaeaceae,2012,139,45.7736822201,9.7122506335,https://www.inaturalist.org/observations/03c7ad1c-f74d-4548-a068-a80446ed60e5,03c7ad1c-f74d-4548-a068-a80446ed60e5,Daphne,2012-05-18,543609,15,10.57967/hf/5785,1,https://www.inaturalist.org/photos/110270958,green leaves,machine
iNaturalist,Viburnum lentago,green leaves present,Viburnaceae,2008,264,43.8730827504,-78.7847087865,https://www.inaturalist.org/observations/03c7b00f-2a9e-4f61-9a84-a07c3f7bf024,03c7b00f-2a9e-4f61-9a84-a07c3f7bf024,Viburnum,2008-09-20,1074782,10,10.57967/hf/5785,0.980806142034549,https://www.inaturalist.org/photos/25556781,green leaves,machine
iNaturalist,Rubus arcticus,green leaves present,Rosaceae,2008,250,57.0520284455,-135.17217636109999,https://www.inaturalist.org/observations/03c81672-d0c7-4f79-a449-68371ceb9988,03c81672-d0c7-4f79-a449-68371ceb9988,Rubus,2008-09-06,14812,638,10.57967/hf/5785,0.9869934967483742,https://www.inaturalist.org/photos/3890102,green leaves,machine
iNaturalist,Sassafras albidum,green leaves present,Lauraceae,2011,216,39.0827449733,-76.7574184736,https://www.inaturalist.org/observations/03c9f15d-90b0-4ba8-9da8-65377feb3e38,03c9f15d-90b0-4ba8-9da8-65377feb3e38,Sassafras,2011-08-04,43448,31,10.57967/hf/5785,0.981132075471698,https://www.inaturalist.org/photos/171569605,green leaves,machine
iNaturalist,Betula pumila glandulifera,green leaves present,Betulaceae,2000,242,56.51731,-88.21168,https://www.inaturalist.org/observations/03ca52d8-1f23-46a7-b119-6931e9f2e5cb,03ca52d8-1f23-46a7-b119-6931e9f2e5cb,Betula,2000-08-29,111485,NA,10.57967/hf/5785,0.9836956521739132,https://www.inaturalist.org/photos/171300686,green leaves,machine
iNaturalist,Prunus padus,green leaves present,Rosaceae,2010,124,51.932552767,35.4448437894,https://www.inaturalist.org/observations/03cc545f-bc46-442f-a4f5-6302be1c7ee9,03cc545f-bc46-442f-a4f5-6302be1c7ee9,Prunus,2010-05-04,2668778,122,10.57967/hf/5785,0.9869934967483742,https://www.inaturalist.org/photos/81781318,green leaves,machine
iNaturalist,Quercus incana,green leaves present,Fagaceae,2010,142,30.3621990466,-84.5391452035,https://www.inaturalist.org/observations/03cc8eed-81db-4334-9f74-d15103560aef,03cc8eed-81db-4334-9f74-d15103560aef,Quercus,2010-05-22,4348831,29382,10.57967/hf/5785,0.9927089175546832,https://www.inaturalist.org/photos/326740466,green leaves,machine
iNaturalist,Prunus susquehanae,green leaves present,Rosaceae,1993,148,44.14603,-77.94696,https://www.inaturalist.org/observations/03cc9d00-a8b1-4592-84c9-4e99e822a286,03cc9d00-a8b1-4592-84c9-4e99e822a286,Prunus,1993-05-28,111485,NA,10.57967/hf/5785,0.9869934967483742,https://www.inaturalist.org/photos/330754212,green leaves,machine
iNaturalist,Cornus florida,green leaves present,Cornaceae,2009,112,33.5768342622,-84.0630391197,https://www.inaturalist.org/observations/03cd1bd4-753b-4e81-88ff-dd639d4ff92b,03cd1bd4-753b-4e81-88ff-dd639d4ff92b,Cornus,2009-04-22,247924,122,10.57967/hf/5785,0.97435897435897445,https://www.inaturalist.org/photos/305574849,green leaves,machine
iNaturalist,Rubus saxatilis,green leaves present,Rosaceae,2007,225,55.5406674959,46.1924397865,https://www.inaturalist.org/observations/03cd3ecf-32e9-4dbb-b886-a9112709b2f7,03cd3ecf-32e9-4dbb-b886-a9112709b2f7,Rubus,2007-08-13,1363782,15,10.57967/hf/5785,0.9869934967483742,https://www.inaturalist.org/photos/39925484,green leaves,machine
iNaturalist,Quercus falcata,green leaves present,Fagaceae,2012,117,38.5332111215,-77.3876209372,https://www.inaturalist.org/observations/03cdcbb7-18b6-4f40-8e72-be6503c4d73f,03cdcbb7-18b6-4f40-8e72-be6503c4d73f,Quercus,2012-04-26,4348831,28240,10.57967/hf/5785,0.9927089175546832,https://www.inaturalist.org/photos/334599043,green leaves,machine
iNaturalist,Frangula alnus,colored leaves present,Rhamnaceae,2011,261,60.0397091457,30.231695174,https://www.inaturalist.org/observations/03cebeb0-61dc-49f3-a2e9-b68007b934b0,03cebeb0-61dc-49f3-a2e9-b68007b934b0,Frangula,2011-09-18,1453678,902,10.57967/hf/5785,0.9923076923076924,https://www.inaturalist.org/photos/31915588,colored leaves,machine
iNaturalist,Alnus lusitanica,green leaves present,Betulaceae,2011,67,40.7475047945,-8.4404494137,https://www.inaturalist.org/observations/03d22dbe-b36c-432d-9652-10248b7c6047,03d22dbe-b36c-432d-9652-10248b7c6047,Alnus,2011-03-08,741651,27908,10.57967/hf/5785,0.9836956521739132,https://www.inaturalist.org/photos/257847727,green leaves,machine
iNaturalist,Ceanothus leucodermis,green leaves present,Rhamnaceae,2010,89,32.687,-116.4035,https://www.inaturalist.org/observations/03d2862c-b993-41cc-ad56-958517a4ab20,03d2862c-b993-41cc-ad56-958517a4ab20,Ceanothus,2010-03-30,14811,NA,10.57967/hf/5785,0.9925742574257426,https://www.inaturalist.org/photos/320990,green leaves,machine
iNaturalist,Rosa spinosissima,green leaves present,Rosaceae,2007,216,48.06488,16.29423,https://www.inaturalist.org/observations/03d5174c-68c6-4a43-af49-320bc944d52d,03d5174c-68c6-4a43-af49-320bc944d52d,Rosa,2007-08-04,6001047,30,10.57967/hf/5785,0.9869934967483742,https://www.inaturalist.org/photos/251336626,green leaves,machine
iNaturalist,Vaccinium angustifolium,green leaves present,Ericaceae,2011,161,46.833473654,-71.3102602927,https://www.inaturalist.org/observations/03d65099-e5b6-4c79-bdb2-38d085ba5e4f,03d65099-e5b6-4c79-bdb2-38d085ba5e4f,Vaccinium,2011-06-10,1442912,122,10.57967/hf/5785,0.978125,https://www.inaturalist.org/photos/57011824,green leaves,machine
iNaturalist,Spiraea lucida,green leaves present,Rosaceae,2004,7,49.9125808653,-120.8821560264,https://www.inaturalist.org/observations/03d668ec-097a-4cf8-9889-673ea0907fb1,03d668ec-097a-4cf8-9889-673ea0907fb1,Spiraea,2004-01-07,6308759,300,10.57967/hf/5785,0.9869934967483742,https://www.inaturalist.org/photos/247395796,green leaves,machine
iNaturalist,Betula nana exilis,green leaves present,Betulaceae,2007,161,54.7073073733,158.5754041026,https://www.inaturalist.org/observations/03d84a71-7f1c-4810-93d6-a5f4468c2c98,03d84a71-7f1c-4810-93d6-a5f4468c2c98,Betula,2007-06-10,1755659,2,10.57967/hf/5785,0.9836956521739132,https://www.inaturalist.org/photos/108756506,green leaves,machine
iNaturalist,Lonicera ciliosa,green leaves present,Caprifoliaceae,2011,181,48.2538633748,-122.260716015,https://www.inaturalist.org/observations/03d85d47-b983-421d-9db8-857d7c7964d3,03d85d47-b983-421d-9db8-857d7c7964d3,Lonicera,2011-06-30,4348831,26711,10.57967/hf/5785,0.996492985971944,https://www.inaturalist.org/photos/331449747,green leaves,machine
iNaturalist,Betula alleghaniensis,green leaves present,Betulaceae,2011,235,44.4669580186,-77.3161768913,https://www.inaturalist.org/observations/03d8f5d4-a112-42d9-8e11-f850214c0be9,03d8f5d4-a112-42d9-8e11-f850214c0be9,Betula,2011-08-23,584526,61,10.57967/hf/5785,0.9836956521739132,https://www.inaturalist.org/photos/10329917,green leaves,machine
iNaturalist,Rhus virens,green leaves present,Anacardiaceae,2010,208,29.276262,-103.289757,https://www.inaturalist.org/observations/03d92220-f676-494a-870f-c4978cdc4bc2,03d92220-f676-494a-870f-c4978cdc4bc2,Rhus,2010-07-27,28981,115,10.57967/hf/5785,0.980719794344473,https://www.inaturalist.org/photos/660650,green leaves,machine
iNaturalist,Euonymus americanus,colored leaves present,Celastraceae,2010,79,37.3740059667,-76.5751671167,https://www.inaturalist.org/observations/03db59b7-84de-4d8f-b000-b979105f77be,03db59b7-84de-4d8f-b000-b979105f77be,Euonymus,2010-03-20,16079,NA,10.57967/hf/5785,0.9871382636655948,https://www.inaturalist.org/photos/102831172,colored leaves,machine
iNaturalist,Lonicera japonica,green leaves present,Caprifoliaceae,2008,158,45.4324172977,12.4345502004,https://www.inaturalist.org/observations/03dffb51-2a5e-42ae-8030-c6397844e104,03dffb51-2a5e-42ae-8030-c6397844e104,Lonicera,2008-06-06,551836,51,10.57967/hf/5785,0.996492985971944,https://www.inaturalist.org/photos/108974596,green leaves,machine
iNaturalist,Cornus nuttallii,green leaves present,Cornaceae,2009,256,37.8635880088,-119.5379094034,https://www.inaturalist.org/observations/03e22134-848c-4d15-9f94-9ea7c46181b6,03e22134-848c-4d15-9f94-9ea7c46181b6,Cornus,2009-09-13,6413720,977,10.57967/hf/5785,0.97435897435897445,https://www.inaturalist.org/photos/256436024,green leaves,machine
iNaturalist,Rubus ulmifolius,green leaves present,Rosaceae,2012,204,42.8312387546,11.5204854087,https://www.inaturalist.org/observations/03e35ee8-5b58-40ca-a7b4-58553a9216c5,03e35ee8-5b58-40ca-a7b4-58553a9216c5,Rubus,2012-07-22,1718237,2,10.57967/hf/5785,0.9869934967483742,https://www.inaturalist.org/photos/69242440,green leaves,machine
iNaturalist,Vaccinium myrtillus,green leaves present,Ericaceae,2010,141,58.5577668148,50.1228962498,https://www.inaturalist.org/observations/03e76b78-afb9-4277-960c-71b8632f0328,03e76b78-afb9-4277-960c-71b8632f0328,Vaccinium,2010-05-21,830550,786,10.57967/hf/5785,0.978125,https://www.inaturalist.org/photos/172185559,green leaves,machine
iNaturalist,Acer pensylvanicum,green leaves present,Sapindaceae,2007,200,35.29376749,-85.19593852,https://www.inaturalist.org/observations/03e770b6-0b25-4c6c-981c-89e4e40fcd87,03e770b6-0b25-4c6c-981c-89e4e40fcd87,Acer,2007-07-19,24916,300,10.57967/hf/5785,0.9802110817941952,https://www.inaturalist.org/photos/281383253,green leaves,machine
iNaturalist,Vaccinium vitis-idaea,green leaves present,Ericaceae,2007,297,52.9646242721,9.8695932274,https://www.inaturalist.org/observations/03e91116-3123-4f74-90d1-85ab8a2a4a24,03e91116-3123-4f74-90d1-85ab8a2a4a24,Vaccinium,2007-10-24,1471889,467,10.57967/hf/5785,0.978125,https://www.inaturalist.org/photos/38072187,green leaves,machine
iNaturalist,Crataegus brainerdii,green leaves present,Rosaceae,1993,153,42.76449,-81.85308,https://www.inaturalist.org/observations/03e9e564-f531-4e5f-bb58-25407a56ddbf,03e9e564-f531-4e5f-bb58-25407a56ddbf,Crataegus,1993-06-02,111485,NA,10.57967/hf/5785,0.9869934967483742,https://www.inaturalist.org/photos/247885650,green leaves,machine
iNaturalist,Amorpha fruticosa,green leaves present,Fabaceae,2009,190,47.2861502963,39.1835357176,https://www.inaturalist.org/observations/03eb4763-b96c-43ec-9832-3ae3b76088e1,03eb4763-b96c-43ec-9832-3ae3b76088e1,Amorpha,2009-07-09,1420575,250,10.57967/hf/5785,0.9814814814814816,https://www.inaturalist.org/photos/32045438,green leaves,machine
iNaturalist,Broussonetia papyrifera,green leaves present,Moraceae,2012,182,43.4066006657,16.8114565526,https://www.inaturalist.org/observations/03eca3b1-788e-400c-902a-f061fe43feb3,03eca3b1-788e-400c-902a-f061fe43feb3,Broussonetia,2012-06-30,3714241,8,10.57967/hf/5785,1,https://www.inaturalist.org/photos/328929183,green leaves,machine
iNaturalist,Betula pubescens pumila,breaking buds present,Betulaceae,2009,173,70.79851,101.03376,https://www.inaturalist.org/observations/03edc342-db1c-4969-839c-3b29f3ac0c16,03edc342-db1c-4969-839c-3b29f3ac0c16,Betula,2009-06-22,1426686,50,10.57967/hf/5785,0.9921671018276762,https://www.inaturalist.org/photos/59624135,breaking buds,machine
iNaturalist,Rosa acicularis,green leaves present,Rosaceae,2006,164,61.2441888179,-124.4472026825,https://www.inaturalist.org/observations/03edcd5e-a90f-46bb-9c7e-3bcfd3980119,03edcd5e-a90f-46bb-9c7e-3bcfd3980119,Rosa,2006-06-13,738147,200,10.57967/hf/5785,0.9869934967483742,https://www.inaturalist.org/photos/13030128,green leaves,machine
iNaturalist,Sorbus aucuparia,colored leaves present,Rosaceae,1992,337,57.2456451726,-5.0143574699,https://www.inaturalist.org/observations/03ee9c5d-1a79-4cc4-9755-e750abf577d6,03ee9c5d-1a79-4cc4-9755-e750abf577d6,Sorbus,1992-12-02,6948008,1503,10.57967/hf/5785,0.9921630094043888,https://www.inaturalist.org/photos/308669746,colored leaves,machine
iNaturalist,Acer platanoides,colored leaves present,Sapindaceae,2012,294,44.9133389894,-93.0967846513,https://www.inaturalist.org/observations/03ef0fd5-4274-4c10-a085-2d4e6e73da49,03ef0fd5-4274-4c10-a085-2d4e6e73da49,Acer,2012-10-20,68452,10,10.57967/hf/5785,0.9909784871616932,https://www.inaturalist.org/photos/16092163,colored leaves,machine
iNaturalist,Salix myrsinifolia,green leaves present,Salicaceae,2012,205,64.6670660972,40.5336725344,https://www.inaturalist.org/observations/03f352a8-6793-4795-9582-44a379c1cab7,03f352a8-6793-4795-9582-44a379c1cab7,Salix,2012-07-23,2183479,34,10.57967/hf/5785,0.9788867562380038,https://www.inaturalist.org/photos/57638379,green leaves,machine
iNaturalist,Sambucus nigra,green leaves present,Viburnaceae,2008,140,52.1822866667,0.2365033333,https://www.inaturalist.org/observations/03f46c23-e7de-48f8-a5a1-8323f9fd56ac,03f46c23-e7de-48f8-a5a1-8323f9fd56ac,Sambucus,2008-05-19,10564,NA,10.57967/hf/5785,0.980806142034549,https://www.inaturalist.org/photos/57954780,green leaves,machine
iNaturalist,Pyrus communis,green leaves present,Rosaceae,2004,240,44.0501,-123.1813,https://www.inaturalist.org/observations/03f512e7-ae67-4db2-beab-2b059ee1e0b9,03f512e7-ae67-4db2-beab-2b059ee1e0b9,Pyrus,2004-08-27,1816805,NA,10.57967/hf/5785,0.9869934967483742,https://www.inaturalist.org/photos/86846957,green leaves,machine
iNaturalist,Betula pendula,colored leaves present,Betulaceae,2005,275,54.8374888728,83.1297139701,https://www.inaturalist.org/observations/03f58c0d-9ce9-4da6-9206-70ac850dcb12,03f58c0d-9ce9-4da6-9206-70ac850dcb12,Betula,2005-10-02,2511740,300,10.57967/hf/5785,1,https://www.inaturalist.org/photos/148953040,colored leaves,machine
iNaturalist,Berberis aquifolium,green leaves present,Berberidaceae,2010,113,49.3102392986,-119.5444250107,https://www.inaturalist.org/observations/03f853c2-a102-470a-82c6-d9fc49f967cb,03f853c2-a102-470a-82c6-d9fc49f967cb,Berberis,2010-04-23,3191591,61,10.57967/hf/5785,0.9791044776119404,https://www.inaturalist.org/photos/103208224,green leaves,machine
iNaturalist,Salix myrtillifolia,green leaves present,Salicaceae,2009,209,50.78666998,-82.72096099,https://www.inaturalist.org/observations/03f8d6ad-0595-40ff-9f88-2577a290282f,03f8d6ad-0595-40ff-9f88-2577a290282f,Salix,2009-07-28,450545,10,10.57967/hf/5785,0.9788867562380038,https://www.inaturalist.org/photos/33903918,green leaves,machine
iNaturalist,Clematis recta,green leaves present,Ranunculaceae,2010,171,51.2014791081,37.6391270031,https://www.inaturalist.org/observations/03fa0ba8-5ae9-4aa2-8be4-a3d2d0347978,03fa0ba8-5ae9-4aa2-8be4-a3d2d0347978,Clematis,2010-06-20,1917127,75,10.57967/hf/5785,0.9668508287292816,https://www.inaturalist.org/photos/69655303,green leaves,machine
iNaturalist,Spiraea alba,green leaves present,Rosaceae,2012,214,46.0527,-79.7981277778,https://www.inaturalist.org/observations/03fb5af5-b92c-4ea9-b8ad-92696bd6fe41,03fb5af5-b92c-4ea9-b8ad-92696bd6fe41,Spiraea,2012-08-01,724274,NA,10.57967/hf/5785,0.9869934967483742,https://www.inaturalist.org/photos/17227042,green leaves,machine
iNaturalist,Rubus chamaemorus,green leaves present,Rosaceae,2006,194,56.8450495901,82.8511592232,https://www.inaturalist.org/observations/03fc0a3c-bfe5-4155-b29d-b882a76ff835,03fc0a3c-bfe5-4155-b29d-b882a76ff835,Rubus,2006-07-13,2511740,1050,10.57967/hf/5785,0.9869934967483742,https://www.inaturalist.org/photos/179897882,green leaves,machine
iNaturalist,Acer spicatum,green leaves present,Sapindaceae,2009,145,44.4576773817,-78.1284141541,https://www.inaturalist.org/observations/03fcd858-2d0b-425d-bd35-3a2ebe1b0e51,03fcd858-2d0b-425d-bd35-3a2ebe1b0e51,Acer,2009-05-25,187480,244,10.57967/hf/5785,0.9802110817941952,https://www.inaturalist.org/photos/56828356,green leaves,machine
iNaturalist,Rhododendron lowii,green leaves present,Ericaceae,2012,33,6.0099216526,116.5406649947,https://www.inaturalist.org/observations/03fdb1f0-6529-4151-8955-05d2a5f8eb4c,03fdb1f0-6529-4151-8955-05d2a5f8eb4c,Rhododendron,2012-02-02,38771,NA,10.57967/hf/5785,0.978125,https://www.inaturalist.org/photos/60237982,green leaves,machine
iNaturalist,Cephalanthus occidentalis,green leaves present,Rubiaceae,2007,172,25.3831182757,-80.6063779356,https://www.inaturalist.org/observations/03ff579f-7a06-486d-a131-610812f1d8b0,03ff579f-7a06-486d-a131-610812f1d8b0,Cephalanthus,2007-06-21,3396573,15,10.57967/hf/5785,0.9846938775510204,https://www.inaturalist.org/photos/251771855,green leaves,machine
iNaturalist,Lonicera chamissoi,green leaves present,Caprifoliaceae,2012,273,55.9045272432,158.7998166457,https://www.inaturalist.org/observations/03ff889e-a4fe-4f93-88ae-5409d19ce45d,03ff889e-a4fe-4f93-88ae-5409d19ce45d,Lonicera,2012-09-29,4766445,1,10.57967/hf/5785,0.996492985971944,https://www.inaturalist.org/photos/149051727,green leaves,machine
iNaturalist,Maclura tinctoria,green leaves present,Moraceae,2003,281,19.280847,-81.391307,https://www.inaturalist.org/observations/0401c895-71d6-4854-81f7-a5b035db13ef,0401c895-71d6-4854-81f7-a5b035db13ef,Maclura,2003-10-08,112114,7,10.57967/hf/5785,1,https://www.inaturalist.org/photos/2215464,green leaves,machine
iNaturalist,Pistacia lentiscus,green leaves present,Anacardiaceae,1980,91,38.46497108,-9.0328019717,https://www.inaturalist.org/observations/0402d4a5-1caa-4c7a-a87e-c462fab7b22b,0402d4a5-1caa-4c7a-a87e-c462fab7b22b,Pistacia,1980-03-31,7194606,NA,10.57967/hf/5785,0.980719794344473,https://www.inaturalist.org/photos/314913791,green leaves,machine
iNaturalist,Crataegus monogyna,breaking buds present,Rosaceae,2010,114,43.9634345633,-78.2935140543,https://www.inaturalist.org/observations/040377fe-31a0-402d-8f03-af6f4a31a1b0,040377fe-31a0-402d-8f03-af6f4a31a1b0,Crataegus,2010-04-24,516808,15,10.57967/hf/5785,0.9941320293398532,https://www.inaturalist.org/photos/31735151,breaking buds,machine
iNaturalist,Crataegus monogyna,green leaves present,Rosaceae,2010,114,43.9634345633,-78.2935140543,https://www.inaturalist.org/observations/040377fe-31a0-402d-8f03-af6f4a31a1b0,040377fe-31a0-402d-8f03-af6f4a31a1b0,Crataegus,2010-04-24,516808,15,10.57967/hf/5785,0.9869934967483742,https://www.inaturalist.org/photos/31735150,green leaves,machine
iNaturalist,Rhus copallinum,green leaves present,Anacardiaceae,2010,199,34.623134,-87.793207,https://www.inaturalist.org/observations/04039279-415a-47c6-9af0-9d6d796c96d4,04039279-415a-47c6-9af0-9d6d796c96d4,Rhus,2010-07-18,484237,195,10.57967/hf/5785,0.980719794344473,https://www.inaturalist.org/photos/108128034,green leaves,machine
iNaturalist,Acer negundo,green leaves present,Sapindaceae,2012,109,44.480965,-73.189819,https://www.inaturalist.org/observations/040406dc-e467-46c8-9f42-7bcafbcb76b2,040406dc-e467-46c8-9f42-7bcafbcb76b2,Acer,2012-04-18,2179,5,10.57967/hf/5785,0.9802110817941952,https://www.inaturalist.org/photos/102509,green leaves,machine
iNaturalist,Rubus saxatilis,green leaves present,Rosaceae,2009,191,54.8336711033,47.2103420203,https://www.inaturalist.org/observations/0404fd80-578f-4c04-a4f8-ad31bce4e0f5,0404fd80-578f-4c04-a4f8-ad31bce4e0f5,Rubus,2009-07-10,1237850,244,10.57967/hf/5785,0.9869934967483742,https://www.inaturalist.org/photos/60227186,green leaves,machine
iNaturalist,Spiraea salicifolia,green leaves present,Rosaceae,2008,197,58.626915852,103.0336230442,https://www.inaturalist.org/observations/04070a85-ef25-4b7f-8cff-dc9cda13a263,04070a85-ef25-4b7f-8cff-dc9cda13a263,Spiraea,2008-07-15,1448083,15,10.57967/hf/5785,0.9869934967483742,https://www.inaturalist.org/photos/180262162,green leaves,machine
iNaturalist,Rhus aromatica serotina,green leaves present,Anacardiaceae,2011,171,35.8899,-91.80801,https://www.inaturalist.org/observations/04075519-56b0-4d3b-bd1f-4e147676f3fc,04075519-56b0-4d3b-bd1f-4e147676f3fc,Rhus,2011-06-20,920858,NA,10.57967/hf/5785,0.980719794344473,https://www.inaturalist.org/photos/61726919,green leaves,machine
iNaturalist,Toxicodendron radicans,colored leaves present,Anacardiaceae,2008,291,41.3021365461,-72.3332524017,https://www.inaturalist.org/observations/040803c2-e9ea-4d77-8e21-32d26aed98b3,040803c2-e9ea-4d77-8e21-32d26aed98b3,Toxicodendron,2008-10-17,4747384,122,10.57967/hf/5785,0.9874651810584958,https://www.inaturalist.org/photos/166347602,colored leaves,machine
iNaturalist,Toxicodendron rydbergii,green leaves present,Anacardiaceae,2005,187,60.19463889,-125.5113333,https://www.inaturalist.org/observations/04080e72-26d2-4ec8-9832-0f509f22e9c6,04080e72-26d2-4ec8-9832-0f509f22e9c6,Toxicodendron,2005-07-06,160274,NA,10.57967/hf/5785,0.980719794344473,https://www.inaturalist.org/photos/28338759,green leaves,machine
iNaturalist,Rubus parviflorus,green leaves present,Rosaceae,2007,228,48.2671451715,-89.2605324728,https://www.inaturalist.org/observations/04092220-6053-47ea-9206-1f981bdd768e,04092220-6053-47ea-9206-1f981bdd768e,Rubus,2007-08-16,264273,249,10.57967/hf/5785,0.9869934967483742,https://www.inaturalist.org/photos/32505671,green leaves,machine
iNaturalist,Rhamnus pumila,green leaves present,Rhamnaceae,2007,223,46.0487455793,10.4415970552,https://www.inaturalist.org/observations/04092e44-809c-4c1a-88a2-258254692c7a,04092e44-809c-4c1a-88a2-258254692c7a,Rhamnus,2007-08-11,1643984,500,10.57967/hf/5785,0.9925742574257426,https://www.inaturalist.org/photos/46642782,green leaves,machine
iNaturalist,Rubus ursinus,green leaves present,Rosaceae,2013,73,37.742155,-122.443164,https://www.inaturalist.org/observations/040a8576-f054-41d0-99c8-50de647ed543,040a8576-f054-41d0-99c8-50de647ed543,Rubus,2013-03-14,13979,5,10.57967/hf/5785,0.9869934967483742,https://www.inaturalist.org/photos/272345,green leaves,machine
iNaturalist,Populus tremuloides,green leaves present,Salicaceae,2009,235,45.2349704,-86.9919166,https://www.inaturalist.org/observations/040cbb29-9e1d-4c81-9515-bbd73b42d68b,040cbb29-9e1d-4c81-9515-bbd73b42d68b,Populus,2009-08-23,5279153,2810,10.57967/hf/5785,0.9788867562380038,https://www.inaturalist.org/photos/184597166,green leaves,machine
iNaturalist,Prunus padus,green leaves present,Rosaceae,2006,156,54.8245989673,83.1062371701,https://www.inaturalist.org/observations/040ee7c6-7ca3-4344-9f3e-e9a693127785,040ee7c6-7ca3-4344-9f3e-e9a693127785,Prunus,2006-06-05,2511740,50,10.57967/hf/5785,0.9869934967483742,https://www.inaturalist.org/photos/121809270,green leaves,machine
iNaturalist,Smilax pumila,green leaves present,Smilacaceae,2010,355,30.4847979561,-84.8260291786,https://www.inaturalist.org/observations/040f60ac-dfaf-482f-8534-9f017d5a11c9,040f60ac-dfaf-482f-8534-9f017d5a11c9,Smilax,2010-12-21,4348831,29356,10.57967/hf/5785,0.9558823529411764,https://www.inaturalist.org/photos/327485739,green leaves,machine
iNaturalist,Ilex vomitoria,green leaves present,Aquifoliaceae,2009,311,30.2124265102,-84.0512325051,https://www.inaturalist.org/observations/0410351f-a6b9-47dd-b02d-64c311a9d173,0410351f-a6b9-47dd-b02d-64c311a9d173,Ilex,2009-11-07,4348831,29382,10.57967/hf/5785,1,https://www.inaturalist.org/photos/326055178,green leaves,machine
iNaturalist,Frangula californica,green leaves present,Rhamnaceae,2013,63,37.5551259875,-122.5065271059,https://www.inaturalist.org/observations/04103edf-5e41-4340-b1fb-e42d00b4b7ad,04103edf-5e41-4340-b1fb-e42d00b4b7ad,Frangula,2013-03-04,12877,NA,10.57967/hf/5785,0.9925742574257426,https://www.inaturalist.org/photos/265542,green leaves,machine
iNaturalist,Rhododendron catawbiense,breaking buds present,Ericaceae,2012,154,36.09499,-81.815249,https://www.inaturalist.org/observations/04115193-b7c1-4744-aa3e-489c90c3ba0c,04115193-b7c1-4744-aa3e-489c90c3ba0c,Rhododendron,2012-06-02,2229996,NA,10.57967/hf/5785,0.9955156950672646,https://www.inaturalist.org/photos/53644491,breaking buds,machine
iNaturalist,Rhododendron catawbiense,green leaves present,Ericaceae,2012,154,36.09499,-81.815249,https://www.inaturalist.org/observations/04115193-b7c1-4744-aa3e-489c90c3ba0c,04115193-b7c1-4744-aa3e-489c90c3ba0c,Rhododendron,2012-06-02,2229996,NA,10.57967/hf/5785,0.978125,https://www.inaturalist.org/photos/53644488,green leaves,machine
iNaturalist,Rhamnus cathartica,green leaves present,Rhamnaceae,2012,273,43.4633643,-80.553547,https://www.inaturalist.org/observations/04137423-ce1b-4464-b920-4283f4436586,04137423-ce1b-4464-b920-4283f4436586,Rhamnus,2012-09-29,1073743,272,10.57967/hf/5785,0.9925742574257426,https://www.inaturalist.org/photos/21950868,green leaves,machine
iNaturalist,Viburnum opulus,green leaves present,Viburnaceae,2011,156,57.8644188406,39.4884194323,https://www.inaturalist.org/observations/04166d44-425a-432e-b9aa-c2b983afc704,04166d44-425a-432e-b9aa-c2b983afc704,Viburnum,2011-06-05,1748277,5,10.57967/hf/5785,0.980806142034549,https://www.inaturalist.org/photos/59968701,green leaves,machine
iNaturalist,Salix pentandra,green leaves present,Salicaceae,2012,229,52.3535416233,35.6350784212,https://www.inaturalist.org/observations/0416be7e-22ed-4955-b529-b680c12ca777,0416be7e-22ed-4955-b529-b680c12ca777,Salix,2012-08-16,1917127,61,10.57967/hf/5785,0.9788867562380038,https://www.inaturalist.org/photos/65267753,green leaves,machine
iNaturalist,Rhamnus prinoides,green leaves present,Rhamnaceae,2008,152,-28.4975915429,28.5859409244,https://www.inaturalist.org/observations/04172980-c42b-4f95-aea4-4a7698fe59e0,04172980-c42b-4f95-aea4-4a7698fe59e0,Rhamnus,2008-05-31,1653038,30,10.57967/hf/5785,0.9925742574257426,https://www.inaturalist.org/photos/174936204,green leaves,machine
iNaturalist,Lonicera periclymenum,green leaves present,Caprifoliaceae,2008,163,53.4191958733,5.4257962534,https://www.inaturalist.org/observations/0417eb99-e12e-4749-895a-bf43ab2dc49e,0417eb99-e12e-4749-895a-bf43ab2dc49e,Lonicera,2008-06-11,2581636,244,10.57967/hf/5785,0.996492985971944,https://www.inaturalist.org/photos/65411906,green leaves,machine
iNaturalist,Cornus canadensis,green leaves present,Cornaceae,2010,208,48.5910448188,-86.293376082,https://www.inaturalist.org/observations/0417f097-1f13-4dd2-9aba-1c4942e5ae5f,0417f097-1f13-4dd2-9aba-1c4942e5ae5f,Cornus,2010-07-27,111485,86,10.57967/hf/5785,0.97435897435897445,https://www.inaturalist.org/photos/94466198,green leaves,machine
iNaturalist,Aronia melanocarpa,green leaves present,Rosaceae,2010,136,42.916255,-72.592787,https://www.inaturalist.org/observations/041b9fcd-c9ea-4f42-9f45-747f46e2c0ca,041b9fcd-c9ea-4f42-9f45-747f46e2c0ca,Aronia,2010-05-16,317,NA,10.57967/hf/5785,0.9869934967483742,https://www.inaturalist.org/photos/236679,green leaves,machine
iNaturalist,Acer tataricum,green leaves present,Sapindaceae,2012,127,48.9677754728,37.302266741,https://www.inaturalist.org/observations/041cde38-1f04-41fd-af2a-ae71c422366b,041cde38-1f04-41fd-af2a-ae71c422366b,Acer,2012-05-06,2849834,61,10.57967/hf/5785,0.9802110817941952,https://www.inaturalist.org/photos/77006392,green leaves,machine
iNaturalist,Robinia pseudoacacia,green leaves present,Fabaceae,2011,142,44.262998,19.897541,https://www.inaturalist.org/observations/041ee2be-20b4-417f-9c0c-017e08310fc8,041ee2be-20b4-417f-9c0c-017e08310fc8,Robinia,2011-05-22,89890,11,10.57967/hf/5785,0.9814814814814816,https://www.inaturalist.org/photos/1738205,green leaves,machine
iNaturalist,Quercus rotundifolia,green leaves present,Fagaceae,1983,215,43.0254288728,-3.3673783617,https://www.inaturalist.org/observations/04227c97-5577-4d5e-b420-32eb235c6586,04227c97-5577-4d5e-b420-32eb235c6586,Quercus,1983-08-03,7194606,NA,10.57967/hf/5785,0.9927089175546832,https://www.inaturalist.org/photos/316779405,green leaves,machine
iNaturalist,Liriodendron tulipifera,green leaves present,Magnoliaceae,2012,245,39.0244916667,-77.9558383333,https://www.inaturalist.org/observations/0423117f-be3b-4253-b651-8482628e1f8a,0423117f-be3b-4253-b651-8482628e1f8a,Liriodendron,2012-09-01,13284,NA,10.57967/hf/5785,0.9872611464968152,https://www.inaturalist.org/photos/111612765,green leaves,machine
iNaturalist,Salix floridana,green leaves present,Salicaceae,2011,121,31.7868910477,-86.5708999623,https://www.inaturalist.org/observations/0426368f-8af8-431c-8995-b41ba9531c33,0426368f-8af8-431c-8995-b41ba9531c33,Salix,2011-05-01,744712,29199,10.57967/hf/5785,0.9788867562380038,https://www.inaturalist.org/photos/30521704,green leaves,machine
iNaturalist,Rubus parviflorus,green leaves present,Rosaceae,2007,180,41.313478,-124.044139,https://www.inaturalist.org/observations/0426decd-fce9-4030-a09a-640b0412007b,0426decd-fce9-4030-a09a-640b0412007b,Rubus,2007-06-29,1997830,49,10.57967/hf/5785,0.9869934967483742,https://www.inaturalist.org/photos/249848989,green leaves,machine
iNaturalist,Viburnum prunifolium,green leaves present,Viburnaceae,2010,115,39.655643,-78.8105755,https://www.inaturalist.org/observations/042917d1-4d29-4138-b717-e3d626f00fd5,042917d1-4d29-4138-b717-e3d626f00fd5,Viburnum,2010-04-25,2132783,2354,10.57967/hf/5785,0.980806142034549,https://www.inaturalist.org/photos/177469500,green leaves,machine
iNaturalist,Rubus niveus,green leaves present,Rosaceae,2009,146,25.5183315404,-80.443358761,https://www.inaturalist.org/observations/04292864-55d3-400a-ad7b-eb9a2435e704,04292864-55d3-400a-ad7b-eb9a2435e704,Rubus,2009-05-26,2118269,118,10.57967/hf/5785,0.9869934967483742,https://www.inaturalist.org/photos/179501018,green leaves,machine
iNaturalist,Symphoricarpos albus,green leaves present,Caprifoliaceae,2011,124,52.3286375478,35.3520482666,https://www.inaturalist.org/observations/0429c82e-752d-4138-bb3f-6bec20fa1971,0429c82e-752d-4138-bb3f-6bec20fa1971,Symphoricarpos,2011-05-04,1917127,59,10.57967/hf/5785,0.996492985971944,https://www.inaturalist.org/photos/64536259,green leaves,machine
iNaturalist,Tilia cordata,green leaves present,Malvaceae,2009,157,55.7980043241,37.3778173633,https://www.inaturalist.org/observations/042badc6-ad88-4893-b48f-c02e4b063b30,042badc6-ad88-4893-b48f-c02e4b063b30,Tilia,2009-06-06,1448603,823,10.57967/hf/5785,0.9938271604938272,https://www.inaturalist.org/photos/257586905,green leaves,machine
iNaturalist,Senegalia greggii,green leaves present,Fabaceae,2009,126,33.7522267272,-111.4936351776,https://www.inaturalist.org/observations/042ca250-7d24-49f2-ac6d-40a9f713a606,042ca250-7d24-49f2-ac6d-40a9f713a606,Senegalia,2009-05-06,507754,122,10.57967/hf/5785,0.9814814814814816,https://www.inaturalist.org/photos/8640409,green leaves,machine
iNaturalist,Lindera communis,green leaves present,Lauraceae,2012,114,25.1547491933,121.5650737766,https://www.inaturalist.org/observations/042d014c-0204-4708-9c0e-f895a07e570d,042d014c-0204-4708-9c0e-f895a07e570d,Lindera,2012-04-23,5114099,31,10.57967/hf/5785,0.981132075471698,https://www.inaturalist.org/photos/179704639,green leaves,machine
iNaturalist,Lonicera ciliosa,green leaves present,Caprifoliaceae,2012,162,41.242949,-122.012444,https://www.inaturalist.org/observations/042dc1d8-5474-4554-a576-ec71c4e9caf3,042dc1d8-5474-4554-a576-ec71c4e9caf3,Lonicera,2012-06-10,41307,NA,10.57967/hf/5785,0.996492985971944,https://www.inaturalist.org/photos/910710,green leaves,machine
iNaturalist,Corylus cornuta,green leaves present,Betulaceae,2009,208,46.2914043332,-83.8004060093,https://www.inaturalist.org/observations/0431fc1e-b977-4b7f-b211-54e4d21a5a64,0431fc1e-b977-4b7f-b211-54e4d21a5a64,Corylus,2009-07-27,168813,15,10.57967/hf/5785,0.9836956521739132,https://www.inaturalist.org/photos/28590814,green leaves,machine
iNaturalist,Rubus spectabilis,green leaves present,Rosaceae,2011,183,46.7377341729,-121.7795411064,https://www.inaturalist.org/observations/0432a901-6ae0-4f2f-a0af-0401ab301fff,0432a901-6ae0-4f2f-a0af-0401ab301fff,Rubus,2011-07-02,4348831,26967,10.57967/hf/5785,0.9869934967483742,https://www.inaturalist.org/photos/331538338,green leaves,machine
iNaturalist,Salix arctica,green leaves present,Salicaceae,2008,194,78.8600407161,-75.9043505442,https://www.inaturalist.org/observations/04331b65-d1f1-4748-b833-4b62f07f0175,04331b65-d1f1-4748-b833-4b62f07f0175,Salix,2008-07-12,2817546,200,10.57967/hf/5785,0.9788867562380038,https://www.inaturalist.org/photos/107425287,green leaves,machine
iNaturalist,Apocynum venetum sarmatiense,green leaves present,Apocynaceae,2012,198,55.725277633,51.9787388804,https://www.inaturalist.org/observations/0434d4e3-3d88-4e73-983f-7041cf69819b,0434d4e3-3d88-4e73-983f-7041cf69819b,Apocynum,2012-07-16,1470041,31,10.57967/hf/5785,0.975609756097561,https://www.inaturalist.org/photos/60149924,green leaves,machine
iNaturalist,Acer negundo,green leaves present,Sapindaceae,2004,199,37.270315,-112.932791,https://www.inaturalist.org/observations/0435b715-c3f7-4351-b277-de42d9407f65,0435b715-c3f7-4351-b277-de42d9407f65,Acer,2004-07-17,37587,52,10.57967/hf/5785,0.9802110817941952,https://www.inaturalist.org/photos/3072778,green leaves,machine
iNaturalist,Lonicera morrowii,green leaves present,Caprifoliaceae,2006,151,43.12317579,-79.07832468,https://www.inaturalist.org/observations/0435e4b0-00eb-445c-aef3-fafc62298a5d,0435e4b0-00eb-445c-aef3-fafc62298a5d,Lonicera,2006-05-31,111485,NA,10.57967/hf/5785,0.996492985971944,https://www.inaturalist.org/photos/254957012,green leaves,machine
iNaturalist,Betula nigra,green leaves present,Betulaceae,2012,181,33.5879111844,-84.0621741166,https://www.inaturalist.org/observations/043b5a40-6444-40a7-b109-9c8a5acca3c0,043b5a40-6444-40a7-b109-9c8a5acca3c0,Betula,2012-06-29,247924,2,10.57967/hf/5785,0.9836956521739132,https://www.inaturalist.org/photos/245839499,green leaves,machine
iNaturalist,Daphne cneorum,green leaves present,Thymelaeaceae,2006,148,46.4750998876,11.5363983913,https://www.inaturalist.org/observations/043ca074-3451-4716-9714-a5d1b6630845,043ca074-3451-4716-9714-a5d1b6630845,Daphne,2006-05-28,5339666,53,10.57967/hf/5785,1,https://www.inaturalist.org/photos/259970950,green leaves,machine
iNaturalist,Pyrus calleryana,colored leaves present,Rosaceae,2012,327,40.7014207617,-73.3517613221,https://www.inaturalist.org/observations/043d5b99-d66d-474d-b5c1-325c8c9d4290,043d5b99-d66d-474d-b5c1-325c8c9d4290,Pyrus,2012-11-22,7744249,191,10.57967/hf/5785,0.9921630094043888,https://www.inaturalist.org/photos/348388203,colored leaves,machine
iNaturalist,Carpinus betulus,green leaves present,Betulaceae,2007,213,52.0368610504,29.2911559824,https://www.inaturalist.org/observations/0440d162-d9f2-47ab-a837-3f21b9941374,0440d162-d9f2-47ab-a837-3f21b9941374,Carpinus,2007-08-01,5158201,122,10.57967/hf/5785,0.9836956521739132,https://www.inaturalist.org/photos/169565901,green leaves,machine
iNaturalist,Acer saccharum,green leaves present,Sapindaceae,2010,146,41.3249218001,-81.4309673097,https://www.inaturalist.org/observations/04415923-39d7-4187-ab88-68c2f234f735,04415923-39d7-4187-ab88-68c2f234f735,Acer,2010-05-26,182332,27816,10.57967/hf/5785,0.9802110817941952,https://www.inaturalist.org/photos/158255705,green leaves,machine
iNaturalist,Rhododendron periclymenoides,breaking buds present,Ericaceae,2012,123,40.337672,-75.419428,https://www.inaturalist.org/observations/04431b1c-13f1-4467-a10f-507389cb72e4,04431b1c-13f1-4467-a10f-507389cb72e4,Rhododendron,2012-05-02,2883853,228,10.57967/hf/5785,0.9955156950672646,https://www.inaturalist.org/photos/78465548,breaking buds,machine
iNaturalist,Zanthoxylum fagara,green leaves present,Rutaceae,2004,199,25.576183,-100.268137,https://www.inaturalist.org/observations/04439ff1-ce6f-4dac-91ae-c938204cab6c,04439ff1-ce6f-4dac-91ae-c938204cab6c,Zanthoxylum,2004-07-17,64929,23,10.57967/hf/5785,1,https://www.inaturalist.org/photos/2513247,green leaves,machine
iNaturalist,Euonymus americanus,green leaves present,Celastraceae,2010,294,38.9624993538,-74.9617976933,https://www.inaturalist.org/observations/04440b3e-f9e4-437b-9d06-430903d26ad8,04440b3e-f9e4-437b-9d06-430903d26ad8,Euonymus,2010-10-21,1518293,400,10.57967/hf/5785,0.98125,https://www.inaturalist.org/photos/110241624,green leaves,machine
iNaturalist,Rhododendron catawbiense,green leaves present,Ericaceae,2010,155,35.6372864326,-83.4441359012,https://www.inaturalist.org/observations/04458bf1-ef82-41cd-8369-bb06f93da9fc,04458bf1-ef82-41cd-8369-bb06f93da9fc,Rhododendron,2010-06-04,5279153,268,10.57967/hf/5785,0.978125,https://www.inaturalist.org/photos/187640418,green leaves,machine
iNaturalist,Juglans cinerea,green leaves present,Juglandaceae,2012,238,43.4052301627,-80.4385821359,https://www.inaturalist.org/observations/0447b525-8ff1-49d0-865d-713860c348f9,0447b525-8ff1-49d0-865d-713860c348f9,Juglans,2012-08-25,187480,31,10.57967/hf/5785,0.9891304347826086,https://www.inaturalist.org/photos/32147126,green leaves,machine
iNaturalist,Berberis microphylla,green leaves present,Berberidaceae,2005,6,-54.6666679382,-68.5,https://www.inaturalist.org/observations/04487e99-e5a6-46d6-833d-74e9df2754e5,04487e99-e5a6-46d6-833d-74e9df2754e5,Berberis,2005-01-06,4351,NA,10.57967/hf/5785,0.9791044776119404,https://www.inaturalist.org/photos/492005,green leaves,machine
iNaturalist,Salix lapponum,green leaves present,Salicaceae,2009,215,63.7296960761,33.9911051095,https://www.inaturalist.org/observations/044a329c-cadd-496d-8961-1c004ac5b15a,044a329c-cadd-496d-8961-1c004ac5b15a,Salix,2009-08-03,2523156,53,10.57967/hf/5785,0.9788867562380038,https://www.inaturalist.org/photos/249397828,green leaves,machine
iNaturalist,Elaeagnus oldhamii,green leaves present,Elaeagnaceae,2010,230,24.8470277778,121.5851388889,https://www.inaturalist.org/observations/044ba3af-cb97-422f-b795-ba8e6d0c2153,044ba3af-cb97-422f-b795-ba8e6d0c2153,Elaeagnus,2010-08-18,5114099,NA,10.57967/hf/5785,1,https://www.inaturalist.org/photos/172143705,green leaves,machine
iNaturalist,Pistacia lentiscus,green leaves present,Anacardiaceae,2010,114,38.7323844981,0.2299903318,https://www.inaturalist.org/observations/044d17df-d4f7-4944-bc22-dadf33fb86b1,044d17df-d4f7-4944-bc22-dadf33fb86b1,Pistacia,2010-04-24,2465234,140,10.57967/hf/5785,0.980719794344473,https://www.inaturalist.org/photos/255810542,green leaves,machine
iNaturalist,Rhododendron tomentosum,green leaves present,Ericaceae,2007,175,67.5725012,29.7785119,https://www.inaturalist.org/observations/0453812c-eea4-4099-9067-f0d027edfa8b,0453812c-eea4-4099-9067-f0d027edfa8b,Rhododendron,2007-06-24,7679617,2419,10.57967/hf/5785,0.978125,https://www.inaturalist.org/photos/352393900,green leaves,machine
iNaturalist,Alnus glutinosa,green leaves present,Betulaceae,2009,167,51.2225735979,40.3566551845,https://www.inaturalist.org/observations/0454da43-d92e-42b5-9ccf-41c299795b79,0454da43-d92e-42b5-9ccf-41c299795b79,Alnus,2009-06-16,725071,1500,10.57967/hf/5785,0.9836956521739132,https://www.inaturalist.org/photos/30699077,green leaves,machine
iNaturalist,Ceanothus americanus,green leaves present,Rhamnaceae,2011,209,43.4400965,-94.876433,https://www.inaturalist.org/observations/04550536-2a73-44e1-85fd-7305dbea43a7,04550536-2a73-44e1-85fd-7305dbea43a7,Ceanothus,2011-07-28,751586,180,10.57967/hf/5785,0.9925742574257426,https://www.inaturalist.org/photos/251645813,green leaves,machine
iNaturalist,Clematis hirsutissima,green leaves present,Ranunculaceae,2011,195,44.7845901909,-110.4528763764,https://www.inaturalist.org/observations/045596ec-14dd-4c3a-aa38-9d142db1406f,045596ec-14dd-4c3a-aa38-9d142db1406f,Clematis,2011-07-14,1765983,206,10.57967/hf/5785,0.9668508287292816,https://www.inaturalist.org/photos/151673705,green leaves,machine
iNaturalist,Ribes uva-crispa,green leaves present,Grossulariaceae,2012,138,42.4069322775,46.9069586221,https://www.inaturalist.org/observations/04572033-3540-41b6-9342-984d5a534d9d,04572033-3540-41b6-9342-984d5a534d9d,Ribes,2012-05-17,1461469,977,10.57967/hf/5785,0.9775280898876404,https://www.inaturalist.org/photos/43438325,green leaves,machine
iNaturalist,Carya ovata,green leaves present,Juglandaceae,2012,259,42.96390435,-81.38584942,https://www.inaturalist.org/observations/04575139-0938-4640-863f-9c173d5ec963,04575139-0938-4640-863f-9c173d5ec963,Carya,2012-09-15,9508,8,10.57967/hf/5785,0.9891304347826086,https://www.inaturalist.org/photos/176585,green leaves,machine
iNaturalist,Fagus sylvatica,green leaves present,Fagaceae,1998,156,40.8326717305,0.2150005501,https://www.inaturalist.org/observations/04578569-919a-40c2-b365-daedc27aff74,04578569-919a-40c2-b365-daedc27aff74,Fagus,1998-06-05,1978464,61,10.57967/hf/5785,0.9927089175546832,https://www.inaturalist.org/photos/94375391,green leaves,machine
iNaturalist,Ulmus americana,green leaves present,Ulmaceae,2012,220,45.297859,-75.6769317,https://www.inaturalist.org/observations/0458899a-ed9f-4d28-9206-933fc4e21286,0458899a-ed9f-4d28-9206-933fc4e21286,Ulmus,2012-08-07,129,1414,10.57967/hf/5785,0.9722222222222222,https://www.inaturalist.org/photos/157421,green leaves,machine
iNaturalist,Quercus coccifera,green leaves present,Fagaceae,2012,106,35.2104649237,24.159864072,https://www.inaturalist.org/observations/0458e3e5-f5b8-4757-80ce-e11feabd73d2,0458e3e5-f5b8-4757-80ce-e11feabd73d2,Quercus,2012-04-15,387739,122,10.57967/hf/5785,0.9927089175546832,https://www.inaturalist.org/photos/181695231,green leaves,machine
iNaturalist,Sassafras albidum,colored leaves present,Lauraceae,2011,287,41.1306052602,-81.4354920387,https://www.inaturalist.org/observations/045e0725-6c5c-4418-aafc-abe55377e11e,045e0725-6c5c-4418-aafc-abe55377e11e,Sassafras,2011-10-14,313678,31,10.57967/hf/5785,0.9959514170040484,https://www.inaturalist.org/photos/6605359,colored leaves,machine
iNaturalist,Sassafras albidum,green leaves present,Lauraceae,2011,287,41.1306052602,-81.4354920387,https://www.inaturalist.org/observations/045e0725-6c5c-4418-aafc-abe55377e11e,045e0725-6c5c-4418-aafc-abe55377e11e,Sassafras,2011-10-14,313678,31,10.57967/hf/5785,0.981132075471698,https://www.inaturalist.org/photos/6605943,green leaves,machine
iNaturalist,Apocynum androsaemifolium,green leaves present,Apocynaceae,2007,177,53.5741713167,-113.3759215,https://www.inaturalist.org/observations/04617b72-5b80-4485-b864-e2bee57bae3a,04617b72-5b80-4485-b864-e2bee57bae3a,Apocynum,2007-06-26,1419817,100,10.57967/hf/5785,0.975609756097561,https://www.inaturalist.org/photos/175947311,green leaves,machine
iNaturalist,Aronia mitschurinii,green leaves present,Rosaceae,2012,235,53.2813837051,45.5148855849,https://www.inaturalist.org/observations/04623dec-9402-4b0a-ad93-e8c426811375,04623dec-9402-4b0a-ad93-e8c426811375,Aronia,2012-08-22,1631315,46,10.57967/hf/5785,0.9869934967483742,https://www.inaturalist.org/photos/35167411,green leaves,machine
iNaturalist,Rhododendron menziesii,green leaves present,Ericaceae,2009,216,56.5291518035,-134.8718547821,https://www.inaturalist.org/observations/0464ff66-d5b4-48dc-8898-da1eb10ad4d6,0464ff66-d5b4-48dc-8898-da1eb10ad4d6,Rhododendron,2009-08-04,14812,237,10.57967/hf/5785,0.978125,https://www.inaturalist.org/photos/14134835,green leaves,machine
iNaturalist,Salix uva-ursi,green leaves present,Salicaceae,2008,228,58.67279,-63.30587,https://www.inaturalist.org/observations/04669b77-39f4-4d23-b4d2-82d71be7f2a5,04669b77-39f4-4d23-b4d2-82d71be7f2a5,Salix,2008-08-15,450545,10,10.57967/hf/5785,0.9788867562380038,https://www.inaturalist.org/photos/14527938,green leaves,machine
iNaturalist,Clematis cirrhosa,green leaves present,Ranunculaceae,2012,144,39.9008435923,4.1142575831,https://www.inaturalist.org/observations/04669c9b-5e24-476a-819b-cf50941ea10e,04669c9b-5e24-476a-819b-cf50941ea10e,Clematis,2012-05-23,3446841,15,10.57967/hf/5785,0.9668508287292816,https://www.inaturalist.org/photos/168224635,green leaves,machine
iNaturalist,Zanthoxylum kellermanii,green leaves present,Rutaceae,2012,249,16.14939,-90.895815,https://www.inaturalist.org/observations/0468645d-bf1a-4744-b726-eff1adc5c4fa,0468645d-bf1a-4744-b726-eff1adc5c4fa,Zanthoxylum,2012-09-05,19924,255,10.57967/hf/5785,1,https://www.inaturalist.org/photos/1950436,green leaves,machine
iNaturalist,Rubus allegheniensis,green leaves present,Rosaceae,2012,161,45.2789317271,-72.1411664268,https://www.inaturalist.org/observations/04687faf-f9af-49b3-a387-bd29af1f46a4,04687faf-f9af-49b3-a387-bd29af1f46a4,Rubus,2012-06-09,1903370,55,10.57967/hf/5785,0.9869934967483742,https://www.inaturalist.org/photos/255561517,green leaves,machine
iNaturalist,Acer campestre,colored leaves present,Sapindaceae,2010,301,46.9473517896,16.0735205361,https://www.inaturalist.org/observations/046a0943-f657-4540-941b-85145be78456,046a0943-f657-4540-941b-85145be78456,Acer,2010-10-28,4724645,10000,10.57967/hf/5785,0.9909784871616932,https://www.inaturalist.org/photos/252848620,colored leaves,machine
iNaturalist,Fagus grandifolia,green leaves present,Fagaceae,2008,149,47.5161906067,-64.9842102527,https://www.inaturalist.org/observations/046aa391-4219-4455-916e-08e4a8db826e,046aa391-4219-4455-916e-08e4a8db826e,Fagus,2008-05-28,209880,8,10.57967/hf/5785,0.9927089175546832,https://www.inaturalist.org/photos/5862841,green leaves,machine
iNaturalist,Salix retusa,green leaves present,Salicaceae,2004,199,46.5203199931,9.6592282912,https://www.inaturalist.org/observations/046c1059-f103-4b23-998d-223ee1e3fdaf,046c1059-f103-4b23-998d-223ee1e3fdaf,Salix,2004-07-17,1769356,800,10.57967/hf/5785,0.9788867562380038,https://www.inaturalist.org/photos/73700895,green leaves,machine
iNaturalist,Ribes speciosum,green leaves present,Grossulariaceae,2012,29,34.0394554138,-118.7535934448,https://www.inaturalist.org/observations/046d9b6e-3311-4776-b0f6-e42f5fafa0af,046d9b6e-3311-4776-b0f6-e42f5fafa0af,Ribes,2012-01-29,2179,5,10.57967/hf/5785,0.9775280898876404,https://www.inaturalist.org/photos/79262,green leaves,machine
iNaturalist,Elaeagnus angustifolia,green leaves present,Elaeagnaceae,2010,155,40.7032438876,-112.2446639696,https://www.inaturalist.org/observations/0470d58b-0b32-4bae-89c4-d86e67df4207,0470d58b-0b32-4bae-89c4-d86e67df4207,Elaeagnus,2010-06-04,33605,1953,10.57967/hf/5785,1,https://www.inaturalist.org/photos/7318801,green leaves,machine
iNaturalist,Prunus pensylvanica,green leaves present,Rosaceae,2008,148,47.5240429377,-64.9859220386,https://www.inaturalist.org/observations/0474b83a-b567-46d5-a476-e649301fe938,0474b83a-b567-46d5-a476-e649301fe938,Prunus,2008-05-27,209880,4,10.57967/hf/5785,0.9869934967483742,https://www.inaturalist.org/photos/5862856,green leaves,machine
iNaturalist,Sambucus racemosa,green leaves present,Viburnaceae,2012,92,37.3014822665,-122.3812969737,https://www.inaturalist.org/observations/047595bc-6903-4cb0-8035-342f6fc27450,047595bc-6903-4cb0-8035-342f6fc27450,Sambucus,2012-04-01,354,10,10.57967/hf/5785,0.980806142034549,https://www.inaturalist.org/photos/95390,green leaves,machine
iNaturalist,Ribes cereum,green leaves present,Grossulariaceae,2012,126,47.579154,-120.797962,https://www.inaturalist.org/observations/04761368-358b-45b9-ad8b-3ce2e6551571,04761368-358b-45b9-ad8b-3ce2e6551571,Ribes,2012-05-05,1421,10,10.57967/hf/5785,0.9775280898876404,https://www.inaturalist.org/photos/112044,green leaves,machine
iNaturalist,Lonicera japonica,green leaves present,Caprifoliaceae,2012,117,26.156524515,119.95188322,https://www.inaturalist.org/observations/0476f019-6c20-4b87-a35b-12c1a93ea2b9,0476f019-6c20-4b87-a35b-12c1a93ea2b9,Lonicera,2012-04-26,668245,20,10.57967/hf/5785,0.996492985971944,https://www.inaturalist.org/photos/60638068,green leaves,machine
iNaturalist,Clethra acuminata,green leaves present,Clethraceae,2012,125,35.1580470565,-82.6936932436,https://www.inaturalist.org/observations/047a3bfd-d683-42fe-8e76-6a408a3ee34c,047a3bfd-d683-42fe-8e76-6a408a3ee34c,Clethra,2012-05-04,4348831,28734,10.57967/hf/5785,1,https://www.inaturalist.org/photos/334709962,green leaves,machine
iNaturalist,Salix gooddingii,green leaves present,Salicaceae,2012,312,34.1914786728,-118.1740790606,https://www.inaturalist.org/observations/047a924e-660a-41fe-9c54-6c95f555f597,047a924e-660a-41fe-9c54-6c95f555f597,Salix,2012-11-07,9318,NA,10.57967/hf/5785,0.9788867562380038,https://www.inaturalist.org/photos/205842,green leaves,machine
iNaturalist,Clematis texensis,green leaves present,Ranunculaceae,2006,141,31.1949307863,-97.5888877904,https://www.inaturalist.org/observations/047aa9bd-c064-4938-9cac-c969a5d70865,047aa9bd-c064-4938-9cac-c969a5d70865,Clematis,2006-05-21,63375,7050,10.57967/hf/5785,0.9668508287292816,https://www.inaturalist.org/photos/238394911,green leaves,machine
iNaturalist,Hibiscus pusillus,green leaves present,Malvaceae,2012,351,-28.91181,26.38756,https://www.inaturalist.org/observations/047b1688-4a64-4079-a9fd-3164f7bf02d7,047b1688-4a64-4079-a9fd-3164f7bf02d7,Hibiscus,2012-12-16,7682,1,10.57967/hf/5785,0.9938271604938272,https://www.inaturalist.org/photos/15162384,green leaves,machine
iNaturalist,Salix caprea,breaking buds present,Salicaceae,2012,109,55.4846777778,46.4059861111,https://www.inaturalist.org/observations/047b4128-09a7-4f19-a3be-10929dae8649,047b4128-09a7-4f19-a3be-10929dae8649,Salix,2012-04-18,1363782,10,10.57967/hf/5785,0.990791896869245,https://www.inaturalist.org/photos/32467286,breaking buds,machine
iNaturalist,Caragana frutex,green leaves present,Fabaceae,2012,146,44.17940741,42.9581705698,https://www.inaturalist.org/observations/047bf6e8-72e6-4b4d-930e-30d11b49b204,047bf6e8-72e6-4b4d-930e-30d11b49b204,Caragana,2012-05-25,3697264,15,10.57967/hf/5785,0.9814814814814816,https://www.inaturalist.org/photos/120828015,green leaves,machine
iNaturalist,Lonicera tatarica,green leaves present,Caprifoliaceae,2005,149,51.7358979247,82.8857818465,https://www.inaturalist.org/observations/047cc0d0-7eee-4488-9a25-2a0b4303800b,047cc0d0-7eee-4488-9a25-2a0b4303800b,Lonicera,2005-05-29,1381767,244,10.57967/hf/5785,0.996492985971944,https://www.inaturalist.org/photos/59566540,green leaves,machine
iNaturalist,Rhus typhina,green leaves present,Anacardiaceae,2012,258,44.3323309685,-68.2885734737,https://www.inaturalist.org/observations/047e312e-03a9-442b-be11-5ff06acfac8c,047e312e-03a9-442b-be11-5ff06acfac8c,Rhus,2012-09-14,108865,20234,10.57967/hf/5785,0.980719794344473,https://www.inaturalist.org/photos/340056705,green leaves,machine
iNaturalist,Rhus typhina,green leaves present,Anacardiaceae,2007,106,45.2862856738,-75.8249080057,https://www.inaturalist.org/observations/047e52d7-e090-462b-a347-103d00bf0a0f,047e52d7-e090-462b-a347-103d00bf0a0f,Rhus,2007-04-16,170974,15,10.57967/hf/5785,0.980719794344473,https://www.inaturalist.org/photos/58088653,green leaves,machine
iNaturalist,Ribes uva-crispa,breaking buds present,Grossulariaceae,2009,115,52.2521860317,35.2910994921,https://www.inaturalist.org/observations/0483cc65-5d92-4c3c-9282-4b0f9d6bbfc4,0483cc65-5d92-4c3c-9282-4b0f9d6bbfc4,Ribes,2009-04-25,1917127,21,10.57967/hf/5785,0.9893617021276596,https://www.inaturalist.org/photos/64490846,breaking buds,machine
iNaturalist,Quercus imbricaria,green leaves present,Fagaceae,1980,292,37.8340939608,-88.884131036,https://www.inaturalist.org/observations/0483e201-0a5e-4d07-914c-d77479afdd0a,0483e201-0a5e-4d07-914c-d77479afdd0a,Quercus,1980-10-18,27047,1000,10.57967/hf/5785,0.9927089175546832,https://www.inaturalist.org/photos/348595163,green leaves,machine
iNaturalist,Sambucus nigra,green leaves present,Viburnaceae,2009,225,47.7254046279,16.4449997064,https://www.inaturalist.org/observations/04847f5a-86ac-4f7c-a205-4b0ec48c61c4,04847f5a-86ac-4f7c-a205-4b0ec48c61c4,Sambucus,2009-08-13,1485790,122,10.57967/hf/5785,0.980806142034549,https://www.inaturalist.org/photos/108329568,green leaves,machine
iNaturalist,Shepherdia argentea,green leaves present,Elaeagnaceae,2011,281,51.0863781972,-114.1703660116,https://www.inaturalist.org/observations/048a03b5-062a-4f0c-b5e3-6ee4b200bd77,048a03b5-062a-4f0c-b5e3-6ee4b200bd77,Shepherdia,2011-10-08,666362,31,10.57967/hf/5785,1,https://www.inaturalist.org/photos/112894303,green leaves,machine
iNaturalist,Pistacia terebinthus,green leaves present,Anacardiaceae,2008,122,43.261751909,16.6806307961,https://www.inaturalist.org/observations/048ab3df-e139-4c47-9d7e-8be26a3beec5,048ab3df-e139-4c47-9d7e-8be26a3beec5,Pistacia,2008-05-01,4183373,43,10.57967/hf/5785,0.980719794344473,https://www.inaturalist.org/photos/180228917,green leaves,machine
iNaturalist,Populus tremuloides,colored leaves present,Salicaceae,2010,277,37.5863580637,-118.8677580763,https://www.inaturalist.org/observations/048c2e74-d316-4d75-beef-0cd0808327b6,048c2e74-d316-4d75-beef-0cd0808327b6,Populus,2010-10-04,427781,8,10.57967/hf/5785,0.9864077669902912,https://www.inaturalist.org/photos/256267938,colored leaves,machine
iNaturalist,Frangula californica,green leaves present,Rhamnaceae,2012,277,34.1848437414,-118.0954083121,https://www.inaturalist.org/observations/048d0da8-c6bc-435f-9823-58e133e0fefd,048d0da8-c6bc-435f-9823-58e133e0fefd,Frangula,2012-10-03,9140,NA,10.57967/hf/5785,0.9925742574257426,https://www.inaturalist.org/photos/184281,green leaves,machine
iNaturalist,Rubus spectabilis,green leaves present,Rosaceae,2003,157,40.870566,-124.070191,https://www.inaturalist.org/observations/048ea254-0da0-430c-9cb7-5b2066c46208,048ea254-0da0-430c-9cb7-5b2066c46208,Rubus,2003-06-06,1009429,NA,10.57967/hf/5785,0.9869934967483742,https://www.inaturalist.org/photos/21251657,green leaves,machine
iNaturalist,Pistacia atlantica mutica,green leaves present,Anacardiaceae,2007,213,44.7587273138,37.3942113665,https://www.inaturalist.org/observations/048f24f2-0924-4e3b-b966-75b9454cde5a,048f24f2-0924-4e3b-b966-75b9454cde5a,Pistacia,2007-08-01,3253989,4,10.57967/hf/5785,0.980719794344473,https://www.inaturalist.org/photos/342042228,green leaves,machine
iNaturalist,Carya ovata,green leaves present,Juglandaceae,2012,215,43.6311879534,-73.2336760605,https://www.inaturalist.org/observations/048fc69f-ce97-47e5-a054-2ed57bdd0dae,048fc69f-ce97-47e5-a054-2ed57bdd0dae,Carya,2012-08-02,2179,5,10.57967/hf/5785,0.9891304347826086,https://www.inaturalist.org/photos/3700391,green leaves,machine
iNaturalist,Daphne gnidium,green leaves present,Thymelaeaceae,2008,238,40.5789223576,-4.0429258347,https://www.inaturalist.org/observations/0492996f-292c-4a0b-b0f4-8a1a3fee3e58,0492996f-292c-4a0b-b0f4-8a1a3fee3e58,Daphne,2008-08-25,1978464,NA,10.57967/hf/5785,1,https://www.inaturalist.org/photos/145147032,green leaves,machine
iNaturalist,Rosa acicularis,green leaves present,Rosaceae,2007,202,70.53737,105.95107,https://www.inaturalist.org/observations/0492c176-e99a-4bc7-8772-45c7e9d43fc0,0492c176-e99a-4bc7-8772-45c7e9d43fc0,Rosa,2007-07-21,1426686,25,10.57967/hf/5785,0.9869934967483742,https://www.inaturalist.org/photos/110627355,green leaves,machine
iNaturalist,Rosa acicularis,green leaves present,Rosaceae,2012,223,49.2102463016,-91.2544710281,https://www.inaturalist.org/observations/0493d459-2f43-4868-9087-beedfddf4684,0493d459-2f43-4868-9087-beedfddf4684,Rosa,2012-08-10,1037991,488,10.57967/hf/5785,0.9869934967483742,https://www.inaturalist.org/photos/29240734,green leaves,machine
iNaturalist,Ficus microcarpa,green leaves present,Moraceae,2013,12,18.9941313524,73.358077396,https://www.inaturalist.org/observations/0493db9a-db34-4f70-930d-13989b5d368f,0493db9a-db34-4f70-930d-13989b5d368f,Ficus,2013-01-12,6375545,31,10.57967/hf/5785,1,https://www.inaturalist.org/photos/248049736,green leaves,machine
iNaturalist,Ficus watkinsiana,green leaves present,Moraceae,2012,155,-28.0787932641,152.4223297026,https://www.inaturalist.org/observations/0496f19f-dd56-4359-9b83-024b1ec4e32a,0496f19f-dd56-4359-9b83-024b1ec4e32a,Ficus,2012-06-03,108966,955,10.57967/hf/5785,1,https://www.inaturalist.org/photos/251377455,green leaves,machine
iNaturalist,Ficus pumila,green leaves present,Moraceae,2008,77,12.0495863345,-86.2067017419,https://www.inaturalist.org/observations/049738f5-9346-429c-ba17-4891e7a6de49,049738f5-9346-429c-ba17-4891e7a6de49,Ficus,2008-03-17,2116012,8,10.57967/hf/5785,1,https://www.inaturalist.org/photos/271994575,green leaves,machine
iNaturalist,Clematis viticella,green leaves present,Ranunculaceae,2007,178,45.83422,13.5522,https://www.inaturalist.org/observations/04980f15-84f9-46d8-9224-4e8a76677477,04980f15-84f9-46d8-9224-4e8a76677477,Clematis,2007-06-27,10564,NA,10.57967/hf/5785,0.9668508287292816,https://www.inaturalist.org/photos/111495505,green leaves,machine
iNaturalist,Acer circinatum,green leaves present,Sapindaceae,2011,198,47.374,-121.089,https://www.inaturalist.org/observations/049d2f1b-7786-43dc-989b-492b894a347f,049d2f1b-7786-43dc-989b-492b894a347f,Acer,2011-07-17,452042,100,10.57967/hf/5785,0.9802110817941952,https://www.inaturalist.org/photos/309186817,green leaves,machine
iNaturalist,Clematis terniflora mandshurica,green leaves present,Ranunculaceae,2012,189,42.770159993,132.838522707,https://www.inaturalist.org/observations/049dfc30-f934-4ecf-968c-0855bffc65e8,049dfc30-f934-4ecf-968c-0855bffc65e8,Clematis,2012-07-07,1204740,802,10.57967/hf/5785,0.9668508287292816,https://www.inaturalist.org/photos/33868401,green leaves,machine
iNaturalist,Frangula alnus,green leaves present,Rhamnaceae,2012,209,46.5098132479,-84.353456229,https://www.inaturalist.org/observations/049ea0b8-cfd2-4fce-bc74-b863c1691198,049ea0b8-cfd2-4fce-bc74-b863c1691198,Frangula,2012-07-27,119644,4,10.57967/hf/5785,0.9925742574257426,https://www.inaturalist.org/photos/10146255,green leaves,machine
iNaturalist,Ribes lobbii,green leaves present,Grossulariaceae,2005,152,42.2591138889,-122.2189861111,https://www.inaturalist.org/observations/04a2e26e-f548-439c-a3fe-3d05a894f190,04a2e26e-f548-439c-a3fe-3d05a894f190,Ribes,2005-06-01,4425,NA,10.57967/hf/5785,0.9775280898876404,https://www.inaturalist.org/photos/231673749,green leaves,machine
iNaturalist,Ilex verticillata,green leaves present,Aquifoliaceae,2011,289,44.5825816876,-63.563375473,https://www.inaturalist.org/observations/04a2f7ec-9429-4b68-a570-2801f978e521,04a2f7ec-9429-4b68-a570-2801f978e521,Ilex,2011-10-16,464266,105,10.57967/hf/5785,1,https://www.inaturalist.org/photos/9189458,green leaves,machine
iNaturalist,Lindera obtusiloba,green leaves present,Lauraceae,2006,126,36.665665,126.623268,https://www.inaturalist.org/observations/04a3b9a1-fd55-45cc-984c-eb74e30b5bf7,04a3b9a1-fd55-45cc-984c-eb74e30b5bf7,Lindera,2006-05-06,280,1705,10.57967/hf/5785,0.981132075471698,https://www.inaturalist.org/photos/2754232,green leaves,machine
iNaturalist,Clematis integrifolia,green leaves present,Ranunculaceae,2010,168,51.1757587863,37.6263956624,https://www.inaturalist.org/observations/04a57f30-85ae-49b8-acec-bdf00c67b65b,04a57f30-85ae-49b8-acec-bdf00c67b65b,Clematis,2010-06-17,1917127,101,10.57967/hf/5785,0.9668508287292816,https://www.inaturalist.org/photos/67243290,green leaves,machine
iNaturalist,Lindera benzoin,green leaves present,Lauraceae,2012,137,41.4947656057,-81.9954936589,https://www.inaturalist.org/observations/04a63abc-1d25-4e14-b5ff-476d35d7af5e,04a63abc-1d25-4e14-b5ff-476d35d7af5e,Lindera,2012-05-16,182332,27785,10.57967/hf/5785,0.981132075471698,https://www.inaturalist.org/photos/138696526,green leaves,machine
iNaturalist,Ulmus laevis,green leaves present,Ulmaceae,2009,146,56.1821618276,40.4275217951,https://www.inaturalist.org/observations/04a7ba7a-56c9-453d-af2a-f7f58ba8b4d1,04a7ba7a-56c9-453d-af2a-f7f58ba8b4d1,Ulmus,2009-05-26,725071,200,10.57967/hf/5785,0.9722222222222222,https://www.inaturalist.org/photos/30649511,green leaves,machine
iNaturalist,Caragana frutex,green leaves present,Fabaceae,2012,273,49.2729860687,35.79986217,https://www.inaturalist.org/observations/04a92aaa-1746-4eb0-909f-90b5b95e5c42,04a92aaa-1746-4eb0-909f-90b5b95e5c42,Caragana,2012-09-29,1775236,31,10.57967/hf/5785,0.9814814814814816,https://www.inaturalist.org/photos/98704117,green leaves,machine
iNaturalist,Actaea erythrocarpa,green leaves present,Ranunculaceae,2006,217,44.0326503991,134.2005210287,https://www.inaturalist.org/observations/04ae3e6a-cd34-4bcd-b81c-0873fe4424de,04ae3e6a-cd34-4bcd-b81c-0873fe4424de,Actaea,2006-08-05,2751643,31,10.57967/hf/5785,0.9668508287292816,https://www.inaturalist.org/photos/68378919,green leaves,machine
iNaturalist,Sorbus aucuparia,green leaves present,Rosaceae,2012,199,47.4302153054,-122.2128958749,https://www.inaturalist.org/observations/04ae7ce0-0f29-420e-91c1-58fc628d112c,04ae7ce0-0f29-420e-91c1-58fc628d112c,Sorbus,2012-07-17,134993,446,10.57967/hf/5785,0.9869934967483742,https://www.inaturalist.org/photos/265877001,green leaves,machine
iNaturalist,Toxicodendron diversilobum,green leaves present,Anacardiaceae,2011,153,45.491603,-122.505463,https://www.inaturalist.org/observations/04af88fd-80dc-4bd8-8445-5114a90e21dd,04af88fd-80dc-4bd8-8445-5114a90e21dd,Toxicodendron,2011-06-02,242824,NA,10.57967/hf/5785,0.980719794344473,https://www.inaturalist.org/photos/3991293,green leaves,machine
iNaturalist,Vaccinium vitis-idaea,green leaves present,Ericaceae,2006,186,48.3660764877,-68.7682588458,https://www.inaturalist.org/observations/04b25a2d-636f-408e-83ac-d5853b2dac49,04b25a2d-636f-408e-83ac-d5853b2dac49,Vaccinium,2006-07-05,1818437,1029,10.57967/hf/5785,0.978125,https://www.inaturalist.org/photos/195802534,green leaves,machine
iNaturalist,Hibiscus coulteri,green leaves present,Malvaceae,2006,169,25.658858,-100.748491,https://www.inaturalist.org/observations/04b35629-c77f-43db-8cec-9c2c8deeaab2,04b35629-c77f-43db-8cec-9c2c8deeaab2,Hibiscus,2006-06-18,16744,67,10.57967/hf/5785,0.9938271604938272,https://www.inaturalist.org/photos/4357789,green leaves,machine
iNaturalist,Prunus padus,green leaves present,Rosaceae,2006,176,54.3495022279,38.0024648141,https://www.inaturalist.org/observations/04b45877-4627-4299-9186-761cee9e037f,04b45877-4627-4299-9186-761cee9e037f,Prunus,2006-06-25,2523156,15,10.57967/hf/5785,0.9869934967483742,https://www.inaturalist.org/photos/246811482,green leaves,machine
iNaturalist,Ilex mitis,green leaves present,Aquifoliaceae,2008,363,-25.8120485782,27.5537192365,https://www.inaturalist.org/observations/04b5bbca-01ea-4a53-b09f-d475cb09c33e,04b5bbca-01ea-4a53-b09f-d475cb09c33e,Ilex,2008-12-28,740018,31,10.57967/hf/5785,1,https://www.inaturalist.org/photos/345421798,green leaves,machine
iNaturalist,Cornus sanguinea,green leaves present,Cornaceae,2010,147,49.3394451443,35.0858669149,https://www.inaturalist.org/observations/04b605c9-07ff-435e-8c0d-9d42c9faa5a7,04b605c9-07ff-435e-8c0d-9d42c9faa5a7,Cornus,2010-05-27,1775236,31,10.57967/hf/5785,0.97435897435897445,https://www.inaturalist.org/photos/67566507,green leaves,machine
iNaturalist,Vaccinium oxycoccos,green leaves present,Ericaceae,2009,256,54.8534404824,47.1609538423,https://www.inaturalist.org/observations/04b7c8b8-58df-42d3-9ad8-08d1b0178bb1,04b7c8b8-58df-42d3-9ad8-08d1b0178bb1,Vaccinium,2009-09-13,1237850,244,10.57967/hf/5785,0.978125,https://www.inaturalist.org/photos/60367995,green leaves,machine
iNaturalist,Hibiscus moscheutos,green leaves present,Malvaceae,2012,264,33.3378256965,-81.6786199808,https://www.inaturalist.org/observations/04b911fe-5b17-4c57-8f92-f908ca06292b,04b911fe-5b17-4c57-8f92-f908ca06292b,Hibiscus,2012-09-20,2841182,8,10.57967/hf/5785,0.9938271604938272,https://www.inaturalist.org/photos/351339199,green leaves,machine
iNaturalist,Rubus idaeus strigosus,green leaves present,Rosaceae,2008,206,53.55109368,-113.2710492611,https://www.inaturalist.org/observations/04b91bfc-14f3-47db-9e34-edc5a351d7f7,04b91bfc-14f3-47db-9e34-edc5a351d7f7,Rubus,2008-07-24,6971,15,10.57967/hf/5785,0.9869934967483742,https://www.inaturalist.org/photos/5265764,green leaves,machine
iNaturalist,Acer saccharum,green leaves present,Sapindaceae,2011,189,42.8782284308,-72.6766204834,https://www.inaturalist.org/observations/04bb895f-c73e-4906-90b3-642de29d0a48,04bb895f-c73e-4906-90b3-642de29d0a48,Acer,2011-07-08,1421,NA,10.57967/hf/5785,0.9802110817941952,https://www.inaturalist.org/photos/47923,green leaves,machine
iNaturalist,Cornus florida,green leaves present,Cornaceae,2005,85,30.699335,-95.579424,https://www.inaturalist.org/observations/04bca75f-4a51-4031-8a63-cc5c91ee5f75,04bca75f-4a51-4031-8a63-cc5c91ee5f75,Cornus,2005-03-26,147168,420,10.57967/hf/5785,0.97435897435897445,https://www.inaturalist.org/photos/4035479,green leaves,machine
iNaturalist,Acer platanoides,colored leaves present,Sapindaceae,2008,271,54.8445514449,47.1781732293,https://www.inaturalist.org/observations/04bcd15e-512b-4344-ab83-715ddf423815,04bcd15e-512b-4344-ab83-715ddf423815,Acer,2008-09-27,1237850,120,10.57967/hf/5785,0.9909784871616932,https://www.inaturalist.org/photos/33616432,colored leaves,machine
iNaturalist,Quercus kelloggii,breaking buds present,Fagaceae,2013,68,37.9555277778,-122.5806305556,https://www.inaturalist.org/observations/04c0bb8c-dfdf-400b-a7b6-c4152ee2d35a,04c0bb8c-dfdf-400b-a7b6-c4152ee2d35a,Quercus,2013-03-09,186082,NA,10.57967/hf/5785,0.9972602739726028,https://www.inaturalist.org/photos/3085202,breaking buds,machine
iNaturalist,Quercus kelloggii,green leaves present,Fagaceae,2013,68,37.9555277778,-122.5806305556,https://www.inaturalist.org/observations/04c0bb8c-dfdf-400b-a7b6-c4152ee2d35a,04c0bb8c-dfdf-400b-a7b6-c4152ee2d35a,Quercus,2013-03-09,186082,NA,10.57967/hf/5785,0.9927089175546832,https://www.inaturalist.org/photos/3085202,green leaves,machine
iNaturalist,Rosa spinosissima,green leaves present,Rosaceae,2008,233,48.6807862641,16.8960392918,https://www.inaturalist.org/observations/04c0c7c1-d2bf-4721-9cbb-f56089d7e454,04c0c7c1-d2bf-4721-9cbb-f56089d7e454,Rosa,2008-08-20,1528643,103,10.57967/hf/5785,0.9869934967483742,https://www.inaturalist.org/photos/63764607,green leaves,machine
iNaturalist,Ribes triste,green leaves present,Grossulariaceae,2007,234,71.58269,102.78888,https://www.inaturalist.org/observations/04c0e2ea-ce60-4f80-9d10-f7271d26e125,04c0e2ea-ce60-4f80-9d10-f7271d26e125,Ribes,2007-08-22,1426686,50,10.57967/hf/5785,0.9775280898876404,https://www.inaturalist.org/photos/110669361,green leaves,machine
iNaturalist,Symphoricarpos albus,green leaves present,Caprifoliaceae,2011,302,39.2151315596,-121.0339307785,https://www.inaturalist.org/observations/04c239dc-5fda-4b65-bc52-c8858ec1eede,04c239dc-5fda-4b65-bc52-c8858ec1eede,Symphoricarpos,2011-10-29,4850,NA,10.57967/hf/5785,0.996492985971944,https://www.inaturalist.org/photos/169734,green leaves,machine
iNaturalist,Lonicera implexa,green leaves present,Caprifoliaceae,2010,136,41.627506,2.4757,https://www.inaturalist.org/observations/04c34c0b-0e93-4f7c-83e1-b278220bfca6,04c34c0b-0e93-4f7c-83e1-b278220bfca6,Lonicera,2010-05-16,5471662,1621,10.57967/hf/5785,0.996492985971944,https://www.inaturalist.org/photos/255234766,green leaves,machine
iNaturalist,Actaea racemosa,green leaves present,Ranunculaceae,2007,143,43.25471451,-79.12008106,https://www.inaturalist.org/observations/04c3dc9b-4d79-4ad3-b855-5abb6a2ef2f7,04c3dc9b-4d79-4ad3-b855-5abb6a2ef2f7,Actaea,2007-05-23,111485,NA,10.57967/hf/5785,0.9668508287292816,https://www.inaturalist.org/photos/229436829,green leaves,machine
iNaturalist,Fraxinus angustifolia,green leaves present,Oleaceae,1998,110,40.4452063,-6.0742076,https://www.inaturalist.org/observations/04c5987f-2778-4035-a386-5b0cb56e3398,04c5987f-2778-4035-a386-5b0cb56e3398,Fraxinus,1998-04-20,1978464,5000,10.57967/hf/5785,0.9937888198757764,https://www.inaturalist.org/photos/175168993,green leaves,machine
iNaturalist,Acer negundo,breaking buds present,Sapindaceae,2006,112,50.2407390351,38.1229873794,https://www.inaturalist.org/observations/04c6e241-d664-4306-b10c-14efaca76ed7,04c6e241-d664-4306-b10c-14efaca76ed7,Acer,2006-04-22,7387916,31,10.57967/hf/5785,0.9987277353689568,https://www.inaturalist.org/photos/346140930,breaking buds,machine
iNaturalist,Viburnum furcatum,green leaves present,Viburnaceae,2012,182,43.9946715639,145.715479039,https://www.inaturalist.org/observations/04c8cb45-c038-4682-9e97-720d6c562965,04c8cb45-c038-4682-9e97-720d6c562965,Viburnum,2012-06-30,1237850,244,10.57967/hf/5785,0.980806142034549,https://www.inaturalist.org/photos/112702801,green leaves,machine
iNaturalist,Prunus virginiana,green leaves present,Rosaceae,2010,151,43.6243388883,-72.5049,https://www.inaturalist.org/observations/04cb72d3-6c26-4ea6-9fc1-2031c94472ab,04cb72d3-6c26-4ea6-9fc1-2031c94472ab,Prunus,2010-05-31,317,NA,10.57967/hf/5785,0.9869934967483742,https://www.inaturalist.org/photos/58325597,green leaves,machine
iNaturalist,Liriodendron tulipifera,green leaves present,Magnoliaceae,2012,222,42.080626,-72.544226,https://www.inaturalist.org/observations/04cbf2a3-cbc5-460b-9035-67e72d6c70d4,04cbf2a3-cbc5-460b-9035-67e72d6c70d4,Liriodendron,2012-08-09,9428,NA,10.57967/hf/5785,0.9872611464968152,https://www.inaturalist.org/photos/173952,green leaves,machine
iNaturalist,Betula ermanii,green leaves present,Betulaceae,2009,207,52.92251088,158.686328242,https://www.inaturalist.org/observations/04d3b87c-b8c4-4c0e-87f4-607f69c5c276,04d3b87c-b8c4-4c0e-87f4-607f69c5c276,Betula,2009-07-26,1434599,50,10.57967/hf/5785,0.9836956521739132,https://www.inaturalist.org/photos/56389641,green leaves,machine
iNaturalist,Rubus odoratus,green leaves present,Rosaceae,2012,203,44.537141,-72.53925,https://www.inaturalist.org/observations/04d3df49-bdfc-4b78-a271-a2f4c6d0bbe4,04d3df49-bdfc-4b78-a271-a2f4c6d0bbe4,Rubus,2012-07-21,2179,5,10.57967/hf/5785,0.9869934967483742,https://www.inaturalist.org/photos/151469,green leaves,machine
iNaturalist,Clematis lasiantha,green leaves present,Ranunculaceae,2010,128,37.8815913,-121.9141528,https://www.inaturalist.org/observations/04d62eae-5115-4c22-b29f-79c592f01694,04d62eae-5115-4c22-b29f-79c592f01694,Clematis,2010-05-08,378350,1712,10.57967/hf/5785,0.9668508287292816,https://www.inaturalist.org/photos/30369665,green leaves,machine
iNaturalist,Salix lasiandra,green leaves present,Salicaceae,2009,172,44.0516489472,-123.0677426949,https://www.inaturalist.org/observations/04d939d4-daab-4e2b-8bb4-02d5f2fc8ce5,04d939d4-daab-4e2b-8bb4-02d5f2fc8ce5,Salix,2009-06-21,304776,10,10.57967/hf/5785,0.9788867562380038,https://www.inaturalist.org/photos/41961668,green leaves,machine
iNaturalist,Lonicera maackii,green leaves present,Caprifoliaceae,2012,274,32.816725,-96.728578,https://www.inaturalist.org/observations/04dd662c-37df-4533-9d72-bb24845054c0,04dd662c-37df-4533-9d72-bb24845054c0,Lonicera,2012-09-30,24973,24,10.57967/hf/5785,0.996492985971944,https://www.inaturalist.org/photos/1336527,green leaves,machine
iNaturalist,Carpinus betulus,green leaves present,Betulaceae,2008,190,43.6991313453,40.1866446431,https://www.inaturalist.org/observations/04de0f19-aef9-44e3-b334-468b5b207138,04de0f19-aef9-44e3-b334-468b5b207138,Carpinus,2008-07-08,1479068,977,10.57967/hf/5785,0.9836956521739132,https://www.inaturalist.org/photos/266244774,green leaves,machine
iNaturalist,Alnus rubra,green leaves present,Betulaceae,2011,242,48.317496102,-123.650870069,https://www.inaturalist.org/observations/04e1bae9-bc32-45c0-b9f6-8a64cc20df81,04e1bae9-bc32-45c0-b9f6-8a64cc20df81,Alnus,2011-08-30,408815,977,10.57967/hf/5785,0.9836956521739132,https://www.inaturalist.org/photos/57583725,green leaves,machine
iNaturalist,Actaea pachypoda,green leaves present,Ranunculaceae,2012,136,43.4097218615,-79.7452348624,https://www.inaturalist.org/observations/04e3924f-dabc-422f-b6f9-3114bd9a7279,04e3924f-dabc-422f-b6f9-3114bd9a7279,Actaea,2012-05-15,3181,60,10.57967/hf/5785,0.9668508287292816,https://www.inaturalist.org/photos/12285135,green leaves,machine
iNaturalist,Tilia cordata,green leaves present,Malvaceae,2011,225,50.5353634527,30.2025300265,https://www.inaturalist.org/observations/04e460ff-d285-4063-a5a6-7f82d0a683eb,04e460ff-d285-4063-a5a6-7f82d0a683eb,Tilia,2011-08-13,2826522,8,10.57967/hf/5785,0.9938271604938272,https://www.inaturalist.org/photos/89430501,green leaves,machine
iNaturalist,Elaeagnus umbellata,green leaves present,Elaeagnaceae,2012,309,42.7178787945,41.474356793,https://www.inaturalist.org/observations/04e51fbe-a894-4605-a43b-197a282da155,04e51fbe-a894-4605-a43b-197a282da155,Elaeagnus,2012-11-04,1767928,5,10.57967/hf/5785,1,https://www.inaturalist.org/photos/176015456,green leaves,machine
iNaturalist,Rubus arcticus,green leaves present,Rosaceae,2010,174,51.4766176862,-56.9516615074,https://www.inaturalist.org/observations/04e52aef-51df-4380-b6b8-52f08aaf7a17,04e52aef-51df-4380-b6b8-52f08aaf7a17,Rubus,2010-06-23,280446,26196,10.57967/hf/5785,0.9869934967483742,https://www.inaturalist.org/photos/65035212,green leaves,machine
iNaturalist,Salix eriocephala,green leaves present,Salicaceae,1986,149,41.3619937311,-81.4857926417,https://www.inaturalist.org/observations/04e53d36-54de-4ff7-a591-5db290344266,04e53d36-54de-4ff7-a591-5db290344266,Salix,1986-05-29,182332,27816,10.57967/hf/5785,0.9788867562380038,https://www.inaturalist.org/photos/258628562,green leaves,machine
iNaturalist,Ribes lacustre,green leaves present,Grossulariaceae,2011,143,51.6541707851,-128.1305208533,https://www.inaturalist.org/observations/04e572ab-bb94-45f7-ad59-35285e38b6e1,04e572ab-bb94-45f7-ad59-35285e38b6e1,Ribes,2011-05-23,46945,4,10.57967/hf/5785,0.9775280898876404,https://www.inaturalist.org/photos/60258840,green leaves,machine
iNaturalist,Magnolia champaca,green leaves present,Magnoliaceae,2009,101,11.9473691727,77.1840731242,https://www.inaturalist.org/observations/04e6167d-9f24-452d-b6fa-227729e44e13,04e6167d-9f24-452d-b6fa-227729e44e13,Magnolia,2009-04-11,2137276,8,10.57967/hf/5785,0.9872611464968152,https://www.inaturalist.org/photos/50607733,green leaves,machine
iNaturalist,Rhus typhina,green leaves present,Anacardiaceae,2012,169,41.4991564,-81.7138946,https://www.inaturalist.org/observations/04e73431-152e-46d3-971c-04beeab0a056,04e73431-152e-46d3-971c-04beeab0a056,Rhus,2012-06-17,245338,178,10.57967/hf/5785,0.980719794344473,https://www.inaturalist.org/photos/67895373,green leaves,machine
iNaturalist,Viburnum lantana,green leaves present,Viburnaceae,2009,112,50.42806,8.87064,https://www.inaturalist.org/observations/04e7af10-e6f0-4e39-af7a-e433b565cf11,04e7af10-e6f0-4e39-af7a-e433b565cf11,Viburnum,2009-04-22,4130,177,10.57967/hf/5785,0.980806142034549,https://www.inaturalist.org/photos/85496,green leaves,machine
iNaturalist,Daphne mezereum,green leaves present,Thymelaeaceae,2012,203,56.4687747514,33.0566424,https://www.inaturalist.org/observations/04ee227c-8811-4a99-bc66-42febb78c79c,04ee227c-8811-4a99-bc66-42febb78c79c,Daphne,2012-07-21,2798271,328,10.57967/hf/5785,1,https://www.inaturalist.org/photos/69632001,green leaves,machine
iNaturalist,Liriodendron tulipifera,colored leaves present,Magnoliaceae,1996,251,43.1694560346,-82.0270165987,https://www.inaturalist.org/observations/04ef5c83-8406-432c-ad54-f037e4446f91,04ef5c83-8406-432c-ad54-f037e4446f91,Liriodendron,1996-09-07,264097,332,10.57967/hf/5785,0.9929577464788732,https://www.inaturalist.org/photos/60977787,colored leaves,machine
iNaturalist,Nothofagus menziesii,green leaves present,Nothofagaceae,2010,25,-44.7957265426,168.1585722024,https://www.inaturalist.org/observations/04f0adcf-2e17-46b7-b432-49dbbab5cd9e,04f0adcf-2e17-46b7-b432-49dbbab5cd9e,Nothofagus,2010-01-25,106692,500,10.57967/hf/5785,0.9705882352941176,https://www.inaturalist.org/photos/187369827,green leaves,machine
iNaturalist,Sorbus aucuparia,breaking buds present,Rosaceae,2010,114,55.4815916672,46.4057933364,https://www.inaturalist.org/observations/04f0d6b3-667f-40c9-b2e5-897602fa9267,04f0d6b3-667f-40c9-b2e5-897602fa9267,Sorbus,2010-04-24,1363782,65,10.57967/hf/5785,0.9941320293398532,https://www.inaturalist.org/photos/33420390,breaking buds,machine
iNaturalist,Amorpha canescens,green leaves present,Fabaceae,2003,207,41.6649903117,-91.1385139078,https://www.inaturalist.org/observations/04f23d5e-7c6f-4d20-a65e-e90f0d6f26bf,04f23d5e-7c6f-4d20-a65e-e90f0d6f26bf,Amorpha,2003-07-26,751586,197,10.57967/hf/5785,0.9814814814814816,https://www.inaturalist.org/photos/238044101,green leaves,machine
iNaturalist,Ulmus thomasii,green leaves present,Ulmaceae,2012,250,44.396646,-76.778204,https://www.inaturalist.org/observations/04f43bc1-0d63-4830-9f52-dcb99edc3ced,04f43bc1-0d63-4830-9f52-dcb99edc3ced,Ulmus,2012-09-06,164015,NA,10.57967/hf/5785,0.9722222222222222,https://www.inaturalist.org/photos/2981079,green leaves,machine
iNaturalist,Smilax glauca,green leaves present,Smilacaceae,2011,225,39.0843454084,-76.7338519675,https://www.inaturalist.org/observations/04f69bbc-00e8-465b-a95a-ecc788a92e39,04f69bbc-00e8-465b-a95a-ecc788a92e39,Smilax,2011-08-13,43448,57,10.57967/hf/5785,0.9558823529411764,https://www.inaturalist.org/photos/171678794,green leaves,machine
iNaturalist,Betula alleghaniensis,green leaves present,Betulaceae,2012,203,44.532383,-72.544199,https://www.inaturalist.org/observations/04f7a9ff-e700-4446-a0ab-7b1da80441fc,04f7a9ff-e700-4446-a0ab-7b1da80441fc,Betula,2012-07-21,2179,5,10.57967/hf/5785,0.9836956521739132,https://www.inaturalist.org/photos/151480,green leaves,machine
iNaturalist,Clematis virginiana,green leaves present,Ranunculaceae,2006,252,40.265155037,-75.4754191297,https://www.inaturalist.org/observations/04f7b0b1-9a6c-4b0b-8c70-2b41568ae6ec,04f7b0b1-9a6c-4b0b-8c70-2b41568ae6ec,Clematis,2006-09-09,2883853,239,10.57967/hf/5785,0.9668508287292816,https://www.inaturalist.org/photos/165960757,green leaves,machine
iNaturalist,Gaylussacia baccata,green leaves present,Ericaceae,2006,218,42.0486509826,-73.4762552177,https://www.inaturalist.org/observations/04f7bd13-71d7-4bf9-aef9-7d4494d630e0,04f7bd13-71d7-4bf9-aef9-7d4494d630e0,Gaylussacia,2006-08-06,83313,30,10.57967/hf/5785,0.978125,https://www.inaturalist.org/photos/93354385,green leaves,machine
iNaturalist,Rubus odoratus,green leaves present,Rosaceae,2008,227,43.9603621071,-76.8349954047,https://www.inaturalist.org/observations/04f7dce4-c8ef-4d30-aa1d-4b02fa7cd564,04f7dce4-c8ef-4d30-aa1d-4b02fa7cd564,Rubus,2008-08-14,438994,61,10.57967/hf/5785,0.9869934967483742,https://www.inaturalist.org/photos/31448953,green leaves,machine
iNaturalist,Ceanothus cuneatus,green leaves present,Rhamnaceae,2013,61,36.4905655,-121.1824925,https://www.inaturalist.org/observations/04fab656-8312-4e25-afda-ce3b77f797b2,04fab656-8312-4e25-afda-ce3b77f797b2,Ceanothus,2013-03-02,749752,11885,10.57967/hf/5785,0.9925742574257426,https://www.inaturalist.org/photos/13267545,green leaves,machine
iNaturalist,Salix triandra,breaking buds present,Salicaceae,2011,116,51.6889379822,23.5506169125,https://www.inaturalist.org/observations/04fcade8-e9bd-4a01-8057-48a463e05633,04fcade8-e9bd-4a01-8057-48a463e05633,Salix,2011-04-26,6634656,244,10.57967/hf/5785,0.990791896869245,https://www.inaturalist.org/photos/341175464,breaking buds,machine
iNaturalist,Salix triandra,green leaves present,Salicaceae,2011,116,51.6889379822,23.5506169125,https://www.inaturalist.org/observations/04fcade8-e9bd-4a01-8057-48a463e05633,04fcade8-e9bd-4a01-8057-48a463e05633,Salix,2011-04-26,6634656,244,10.57967/hf/5785,0.9788867562380038,https://www.inaturalist.org/photos/341175882,green leaves,machine
iNaturalist,Acer platanoides,colored leaves present,Sapindaceae,2007,291,52.339873696,35.3398443551,https://www.inaturalist.org/observations/0501905e-fff6-48e4-8d9e-3fdf895f0c05,0501905e-fff6-48e4-8d9e-3fdf895f0c05,Acer,2007-10-18,1917127,31,10.57967/hf/5785,0.9909784871616932,https://www.inaturalist.org/photos/65540417,colored leaves,machine
iNaturalist,Fagus sylvatica,green leaves present,Fagaceae,2005,136,48.2811516852,16.3405230079,https://www.inaturalist.org/observations/0503e169-eab2-4154-b3a6-cddcfedc4276,0503e169-eab2-4154-b3a6-cddcfedc4276,Fagus,2005-05-16,2733713,69,10.57967/hf/5785,0.9927089175546832,https://www.inaturalist.org/photos/119672188,green leaves,machine
iNaturalist,Fallugia paradoxa,green leaves present,Rosaceae,2005,181,35.9942338808,-111.9691490845,https://www.inaturalist.org/observations/0504083a-d10a-4c44-816e-5f455c3a53b5,0504083a-d10a-4c44-816e-5f455c3a53b5,Fallugia,2005-06-30,5357100,12604,10.57967/hf/5785,0.9869934967483742,https://www.inaturalist.org/photos/254325427,green leaves,machine
iNaturalist,Liriodendron tulipifera,green leaves present,Magnoliaceae,2006,302,38.9113285667,-76.9656923693,https://www.inaturalist.org/observations/05050b74-1abe-4b9d-a8bd-2d881cfc9f04,05050b74-1abe-4b9d-a8bd-2d881cfc9f04,Liriodendron,2006-10-29,172,977,10.57967/hf/5785,0.9872611464968152,https://www.inaturalist.org/photos/68294237,green leaves,machine
iNaturalist,Fagus sylvatica,green leaves present,Fagaceae,2009,193,60.33992,5.3536533333,https://www.inaturalist.org/observations/0506f472-b304-4220-872f-fdc5af5b3d79,0506f472-b304-4220-872f-fdc5af5b3d79,Fagus,2009-07-12,5319546,NA,10.57967/hf/5785,0.9927089175546832,https://www.inaturalist.org/photos/329790268,green leaves,machine
iNaturalist,Prunus padus,green leaves present,Rosaceae,2006,129,55.792228795,37.4359488141,https://www.inaturalist.org/observations/0507f93f-bd1b-4ee2-8b58-4f65235118c7,0507f93f-bd1b-4ee2-8b58-4f65235118c7,Prunus,2006-05-09,4522909,31,10.57967/hf/5785,0.9869934967483742,https://www.inaturalist.org/photos/158965698,green leaves,machine
iNaturalist,Quercus rotundifolia,green leaves present,Fagaceae,2003,115,41.0831682915,-3.7919569016,https://www.inaturalist.org/observations/050ae091-d79e-4703-8328-e66bc84e8075,050ae091-d79e-4703-8328-e66bc84e8075,Quercus,2003-04-25,1978464,NA,10.57967/hf/5785,0.9927089175546832,https://www.inaturalist.org/photos/59673141,green leaves,machine
iNaturalist,Platanus racemosa,green leaves present,Platanaceae,2012,317,34.18187374,-118.09668181,https://www.inaturalist.org/observations/050e7e39-4dda-41ad-b9b3-4597a3a2a76a,050e7e39-4dda-41ad-b9b3-4597a3a2a76a,Platanus,2012-11-12,9167,9,10.57967/hf/5785,0.9850746268656716,https://www.inaturalist.org/photos/203237,green leaves,machine
iNaturalist,Apocynum cannabinum,green leaves present,Apocynaceae,2001,192,48.6993671062,-83.3697244697,https://www.inaturalist.org/observations/050f1e1a-b594-4ce9-8190-feb3cf5bd0da,050f1e1a-b594-4ce9-8190-feb3cf5bd0da,Apocynum,2001-07-11,1994507,7813,10.57967/hf/5785,0.975609756097561,https://www.inaturalist.org/photos/109834678,green leaves,machine
iNaturalist,Smilax melastomifolia,green leaves present,Smilacaceae,2011,99,22.1028162529,-159.6120735543,https://www.inaturalist.org/observations/0513383b-515b-42dc-916b-ea38ab3761d8,0513383b-515b-42dc-916b-ea38ab3761d8,Smilax,2011-04-09,19563,30318,10.57967/hf/5785,0.9558823529411764,https://www.inaturalist.org/photos/10356662,green leaves,machine
iNaturalist,Magnolia fraseri,green leaves present,Magnoliaceae,2012,105,35.272153,-82.269895,https://www.inaturalist.org/observations/05156805-3ac9-4065-bf27-a4581cec8d7c,05156805-3ac9-4065-bf27-a4581cec8d7c,Magnolia,2012-04-14,13167,NA,10.57967/hf/5785,0.9872611464968152,https://www.inaturalist.org/photos/382846,green leaves,machine
iNaturalist,Physocarpus opulifolius,colored leaves present,Rosaceae,2005,249,52.0754994291,29.1844067121,https://www.inaturalist.org/observations/05173359-c80a-4a0a-9304-971bd213541d,05173359-c80a-4a0a-9304-971bd213541d,Physocarpus,2005-09-06,5158201,61,10.57967/hf/5785,0.9921630094043888,https://www.inaturalist.org/photos/173583261,colored leaves,machine
iNaturalist,Physocarpus opulifolius,green leaves present,Rosaceae,2005,249,52.0754994291,29.1844067121,https://www.inaturalist.org/observations/05173359-c80a-4a0a-9304-971bd213541d,05173359-c80a-4a0a-9304-971bd213541d,Physocarpus,2005-09-06,5158201,61,10.57967/hf/5785,0.9869934967483742,https://www.inaturalist.org/photos/173583249,green leaves,machine
iNaturalist,Betula pendula,green leaves present,Betulaceae,2011,169,54.5409638929,83.355473575,https://www.inaturalist.org/observations/0517c365-6f53-4030-bf68-acfe56543e3e,0517c365-6f53-4030-bf68-acfe56543e3e,Betula,2011-06-18,2511740,50,10.57967/hf/5785,0.9836956521739132,https://www.inaturalist.org/photos/119342173,green leaves,machine
iNaturalist,Vaccinium parvifolium,green leaves present,Ericaceae,2010,183,46.7323293193,-121.786178982,https://www.inaturalist.org/observations/05194a36-3217-4587-902d-c8f5cc3ee30e,05194a36-3217-4587-902d-c8f5cc3ee30e,Vaccinium,2010-07-02,4348831,26967,10.57967/hf/5785,0.978125,https://www.inaturalist.org/photos/326781317,green leaves,machine
iNaturalist,Ilex opaca,green leaves present,Aquifoliaceae,2010,365,30.4971325827,-84.8725009141,https://www.inaturalist.org/observations/051ce42e-5b7e-4b99-bc1a-702f40661f32,051ce42e-5b7e-4b99-bc1a-702f40661f32,Ilex,2010-12-31,4348831,29356,10.57967/hf/5785,1,https://www.inaturalist.org/photos/327488869,green leaves,machine
iNaturalist,Ailanthus altissima,green leaves present,Simaroubaceae,2012,214,49.343702,8.550839,https://www.inaturalist.org/observations/051d6a78-e630-4b98-9e8d-af87733170a4,051d6a78-e630-4b98-9e8d-af87733170a4,Ailanthus,2012-08-01,252034,173,10.57967/hf/5785,0.9912280701754386,https://www.inaturalist.org/photos/4627295,green leaves,machine
iNaturalist,Aruncus dioicus,green leaves present,Rosaceae,2008,222,58.3004933,-134.4201306,https://www.inaturalist.org/observations/051dfe62-63ac-4624-9650-3660422e5df8,051dfe62-63ac-4624-9650-3660422e5df8,Aruncus,2008-08-09,1699432,103943,10.57967/hf/5785,0.9869934967483742,https://www.inaturalist.org/photos/258311698,green leaves,machine
iNaturalist,Viburnum opulus,green leaves present,Viburnaceae,2004,161,55.8409269776,37.6197080271,https://www.inaturalist.org/observations/05215c89-43a5-4c29-9768-487b09aad83b,05215c89-43a5-4c29-9768-487b09aad83b,Viburnum,2004-06-09,1467478,15,10.57967/hf/5785,0.980806142034549,https://www.inaturalist.org/photos/103115245,green leaves,machine
iNaturalist,Berberis thunbergii,green leaves present,Berberidaceae,2012,118,42.1109024726,-70.8212721411,https://www.inaturalist.org/observations/05235d7c-3d9e-4d42-a65a-470acda12f9f,05235d7c-3d9e-4d42-a65a-470acda12f9f,Berberis,2012-04-27,4348831,27692,10.57967/hf/5785,0.9791044776119404,https://www.inaturalist.org/photos/334605427,green leaves,machine
iNaturalist,Ribes oxyacanthoides,green leaves present,Grossulariaceae,2005,161,44.9125864072,-110.2756879712,https://www.inaturalist.org/observations/05250626-a6e3-4f1b-a1e8-fb327939540a,05250626-a6e3-4f1b-a1e8-fb327939540a,Ribes,2005-06-10,1127820,1840,10.57967/hf/5785,0.9775280898876404,https://www.inaturalist.org/photos/265225639,green leaves,machine
iNaturalist,Aruncus dioicus,green leaves present,Rosaceae,2010,151,36.249239,-81.453505,https://www.inaturalist.org/observations/0525fba6-9dd8-4321-84d2-04cff39dfb45,0525fba6-9dd8-4321-84d2-04cff39dfb45,Aruncus,2010-05-31,2229996,NA,10.57967/hf/5785,0.9869934967483742,https://www.inaturalist.org/photos/53231509,green leaves,machine
iNaturalist,Quercus robur,green leaves present,Fagaceae,2002,237,57.896908034,31.8185306578,https://www.inaturalist.org/observations/05266073-9850-4a40-8f5a-40846cffe0e4,05266073-9850-4a40-8f5a-40846cffe0e4,Quercus,2002-08-25,2567727,4,10.57967/hf/5785,0.9927089175546832,https://www.inaturalist.org/photos/175913621,green leaves,machine
iNaturalist,Liquidambar styraciflua,green leaves present,Altingiaceae,2007,83,31.0319459793,-89.9227937925,https://www.inaturalist.org/observations/0529df15-29a1-40c5-aa66-d038cb2ffea3,0529df15-29a1-40c5-aa66-d038cb2ffea3,Liquidambar,2007-03-24,3358314,29278,10.57967/hf/5785,0.9787234042553192,https://www.inaturalist.org/photos/118745998,green leaves,machine
iNaturalist,Spiraea flexuosa,green leaves present,Rosaceae,2010,169,51.49273333,105.2227167,https://www.inaturalist.org/observations/052a10bb-d664-48b7-af0d-096f844eacb8,052a10bb-d664-48b7-af0d-096f844eacb8,Spiraea,2010-06-18,3422482,NA,10.57967/hf/5785,0.9869934967483742,https://www.inaturalist.org/photos/122928471,green leaves,machine
iNaturalist,Vaccinium corymbosum,green leaves present,Ericaceae,2012,120,43.5461073149,-70.4152800306,https://www.inaturalist.org/observations/052ac66b-b37a-4aeb-a1c0-0c3dd78b1850,052ac66b-b37a-4aeb-a1c0-0c3dd78b1850,Vaccinium,2012-04-29,4348831,27474,10.57967/hf/5785,0.978125,https://www.inaturalist.org/photos/334610563,green leaves,machine
iNaturalist,Betula pendula,green leaves present,Betulaceae,2012,130,54.3224,48.49142,https://www.inaturalist.org/observations/052c5ae2-b7da-4c4c-adc9-abede03a41c1,052c5ae2-b7da-4c4c-adc9-abede03a41c1,Betula,2012-05-09,1252324,570,10.57967/hf/5785,0.9836956521739132,https://www.inaturalist.org/photos/54907178,green leaves,machine
iNaturalist,Magnolia fraseri,green leaves present,Magnoliaceae,2012,124,36.7605328759,-81.5806114014,https://www.inaturalist.org/observations/052cbe01-45e7-4bf1-b7f8-75e878724718,052cbe01-45e7-4bf1-b7f8-75e878724718,Magnolia,2012-05-03,4348831,28505,10.57967/hf/5785,0.9872611464968152,https://www.inaturalist.org/photos/334708020,green leaves,machine
iNaturalist,Rhamnus cathartica,green leaves present,Rhamnaceae,2008,149,52.3731862708,35.5265977521,https://www.inaturalist.org/observations/05319732-d397-48b2-b173-8de67c54a76d,05319732-d397-48b2-b173-8de67c54a76d,Rhamnus,2008-05-28,1917127,31,10.57967/hf/5785,0.9925742574257426,https://www.inaturalist.org/photos/61732876,green leaves,machine
iNaturalist,Elaeagnus umbellata,green leaves present,Elaeagnaceae,2004,249,35.7269599916,-79.1027316058,https://www.inaturalist.org/observations/0534f4e4-fec4-478d-b193-0577ece45113,0534f4e4-fec4-478d-b193-0577ece45113,Elaeagnus,2004-09-05,2116455,742,10.57967/hf/5785,1,https://www.inaturalist.org/photos/55064184,green leaves,machine
iNaturalist,Berberis schaaliae,green leaves present,Berberidaceae,2009,305,24.0429055138,121.4014198166,https://www.inaturalist.org/observations/0535caaa-e8dd-40a4-8a1c-45d71df61e86,0535caaa-e8dd-40a4-8a1c-45d71df61e86,Berberis,2009-11-01,668245,30112,10.57967/hf/5785,0.9791044776119404,https://www.inaturalist.org/photos/23915250,green leaves,machine
iNaturalist,Betula nana,green leaves present,Betulaceae,2011,196,65.5702367657,15.4370520783,https://www.inaturalist.org/observations/05360dd6-1255-4e78-9ed5-e5b77b827779,05360dd6-1255-4e78-9ed5-e5b77b827779,Betula,2011-07-15,236267,119309,10.57967/hf/5785,0.9836956521739132,https://www.inaturalist.org/photos/83848210,green leaves,machine
iNaturalist,Crataegus germanica,green leaves present,Rosaceae,2012,176,49.359555,8.599735,https://www.inaturalist.org/observations/05363a64-4b7d-41c9-a7b9-64d3faeff2d0,05363a64-4b7d-41c9-a7b9-64d3faeff2d0,Crataegus,2012-06-24,252034,43,10.57967/hf/5785,0.9869934967483742,https://www.inaturalist.org/photos/38853677,green leaves,machine
